--2016-10-07 17:48:20--  http://www.voanews.com/MediaAssets2/classroom/interactive_learning/interactive_wordbook/deploy/audio/(to%20be)%20able%20(adjective).mp3
Resolving www.voanews.com (www.voanews.com)... 203.144.145.35, 203.144.145.27
Connecting to www.voanews.com (www.voanews.com)|203.144.145.35|:80... connected.
HTTP request sent, awaiting response... 200 OK
Length: 273763 (267K) [audio/mpeg]
Saving to: ‘(to be) able (adjective).mp3’

     0K .......... .......... .......... .......... .......... 18%  220K 1s
    50K .......... .......... .......... .......... .......... 37%  154K 1s
   100K .......... .......... .......... .......... .......... 56%  234K 1s
   150K .......... .......... .......... .......... .......... 74%  245K 0s
   200K .......... .......... .......... .......... .......... 93%  273K 0s
   250K .......... .......                                    100%  547K=1.2s

2016-10-07 17:48:22 (226 KB/s) - ‘(to be) able (adjective).mp3’ saved [273763/273763]

--2016-10-07 17:48:22--  http://www.voanews.com/MediaAssets2/classroom/interactive_learning/interactive_wordbook/deploy/audio/(to%20be)%20able%20to%20(verb).mp3
Reusing existing connection to www.voanews.com:80.
HTTP request sent, awaiting response... 200 OK
Length: 263314 (257K) [audio/mpeg]
Saving to: ‘(to be) able to (verb).mp3’

     0K .......... .......... .......... .......... .......... 19%  261K 1s
    50K .......... .......... .......... .......... .......... 38%  375K 1s
   100K .......... .......... .......... .......... .......... 58%  355K 0s
   150K .......... .......... .......... .......... .......... 77%  341K 0s
   200K .......... .......... .......... .......... .......... 97%  305K 0s
   250K .......                                               100%  555K=0.8s

2016-10-07 17:48:23 (326 KB/s) - ‘(to be) able to (verb).mp3’ saved [263314/263314]

--2016-10-07 17:48:23--  http://www.voanews.com/MediaAssets2/classroom/interactive_learning/interactive_wordbook/deploy/audio/about%20to%20(adverb).mp3
Reusing existing connection to www.voanews.com:80.
HTTP request sent, awaiting response... 200 OK
Length: 84528 (83K) [audio/mpeg]
Saving to: ‘about to (adverb).mp3’

     0K .......... .......... .......... .......... .......... 60%  253K 0s
    50K .......... .......... .......... ..                   100%  232K=0.3s

2016-10-07 17:48:24 (244 KB/s) - ‘about to (adverb).mp3’ saved [84528/84528]

--2016-10-07 17:48:24--  http://www.voanews.com/MediaAssets2/classroom/interactive_learning/interactive_wordbook/deploy/audio/about%20(preposition).mp3
Reusing existing connection to www.voanews.com:80.
HTTP request sent, awaiting response... 200 OK
Length: 270838 (264K) [audio/mpeg]
Saving to: ‘about (preposition).mp3’

     0K .......... .......... .......... .......... .......... 18%  224K 1s
    50K .......... .......... .......... .......... .......... 37%  143K 1s
   100K .......... .......... .......... .......... .......... 56%  213K 1s
   150K .......... .......... .......... .......... .......... 75%  125K 0s
   200K .......... .......... .......... .......... .......... 94%  122K 0s
   250K .......... ....                                       100%  174K=1.7s

2016-10-07 17:48:26 (156 KB/s) - ‘about (preposition).mp3’ saved [270838/270838]

--2016-10-07 17:48:26--  http://www.voanews.com/MediaAssets2/classroom/interactive_learning/interactive_wordbook/deploy/audio/above%20(preposition).mp3
Reusing existing connection to www.voanews.com:80.
HTTP request sent, awaiting response... 200 OK
Length: 304274 (297K) [audio/mpeg]
Saving to: ‘above (preposition).mp3’

     0K .......... .......... .......... .......... .......... 16%  142K 2s
    50K .......... .......... .......... .......... .......... 33%  126K 1s
   100K .......... .......... .......... .......... .......... 50% 85.7K 1s
   150K .......... .......... .......... .......... .......... 67% 85.6K 1s
   200K .......... .......... .......... .......... .......... 84% 85.8K 0s
   250K .......... .......... .......... .......... .......   100% 80.5K=3.1s

2016-10-07 17:48:29 (96.2 KB/s) - ‘above (preposition).mp3’ saved [304274/304274]

--2016-10-07 17:48:29--  http://www.voanews.com/MediaAssets2/classroom/interactive_learning/interactive_wordbook/deploy/audio/abuse%20(noun).mp3
Reusing existing connection to www.voanews.com:80.
HTTP request sent, awaiting response... 200 OK
Length: 89136 (87K) [audio/mpeg]
Saving to: ‘abuse (noun).mp3’

     0K .......... .......... .......... .......... .......... 57%  101K 0s
    50K .......... .......... .......... .......              100%  126K=0.8s

2016-10-07 17:48:31 (110 KB/s) - ‘abuse (noun).mp3’ saved [89136/89136]

--2016-10-07 17:48:31--  http://www.voanews.com/MediaAssets2/classroom/interactive_learning/interactive_wordbook/deploy/audio/abuse%20(verb).mp3
Reusing existing connection to www.voanews.com:80.
HTTP request sent, awaiting response... 200 OK
Length: 84528 (83K) [audio/mpeg]
Saving to: ‘abuse (verb).mp3’

     0K .......... .......... .......... .......... .......... 60% 58.5K 1s
    50K .......... .......... .......... ..                   100% 71.8K=1.3s

2016-10-07 17:48:32 (63.1 KB/s) - ‘abuse (verb).mp3’ saved [84528/84528]

--2016-10-07 17:48:32--  http://www.voanews.com/MediaAssets2/classroom/interactive_learning/interactive_wordbook/deploy/audio/accept%20(verb).mp3
Reusing existing connection to www.voanews.com:80.
HTTP request sent, awaiting response... 200 OK
Length: 312633 (305K) [audio/mpeg]
Saving to: ‘accept (verb).mp3’

     0K .......... .......... .......... .......... .......... 16%  109K 2s
    50K .......... .......... .......... .......... .......... 32%  324K 1s
   100K .......... .......... .......... .......... .......... 49%  264K 1s
   150K .......... .......... .......... .......... .......... 65%  183K 1s
   200K .......... .......... .......... .......... .......... 81%  210K 0s
   250K .......... .......... .......... .......... .......... 98%  122K 0s
   300K .....                                                 100%  692K=1.7s

2016-10-07 17:48:34 (176 KB/s) - ‘accept (verb).mp3’ saved [312633/312633]

--2016-10-07 17:48:34--  http://www.voanews.com/MediaAssets2/classroom/interactive_learning/interactive_wordbook/deploy/audio/accident%20(noun).mp3
Reusing existing connection to www.voanews.com:80.
HTTP request sent, awaiting response... 200 OK
Length: 343562 (336K) [audio/mpeg]
Saving to: ‘accident (noun).mp3’

     0K .......... .......... .......... .......... .......... 14%  228K 1s
    50K .......... .......... .......... .......... .......... 29%  311K 1s
   100K .......... .......... .......... .......... .......... 44%  322K 1s
   150K .......... .......... .......... .......... .......... 59%  317K 0s
   200K .......... .......... .......... .......... .......... 74%  427K 0s
   250K .......... .......... .......... .......... .......... 89%  178K 0s
   300K .......... .......... .......... .....                100%  320K=1.2s

2016-10-07 17:48:36 (279 KB/s) - ‘accident (noun).mp3’ saved [343562/343562]

--2016-10-07 17:48:36--  http://www.voanews.com/MediaAssets2/classroom/interactive_learning/interactive_wordbook/deploy/audio/accuse%20(verb).mp3
Reusing existing connection to www.voanews.com:80.
HTTP request sent, awaiting response... 200 OK
Length: 332278 (324K) [audio/mpeg]
Saving to: ‘accuse (verb).mp3’

     0K .......... .......... .......... .......... .......... 15%  268K 1s
    50K .......... .......... .......... .......... .......... 30%  181K 1s
   100K .......... .......... .......... .......... .......... 46%  234K 1s
   150K .......... .......... .......... .......... .......... 61%  293K 1s
   200K .......... .......... .......... .......... .......... 77%  274K 0s
   250K .......... .......... .......... .......... .......... 92%  255K 0s
   300K .......... .......... ....                            100%  220K=1.3s

2016-10-07 17:48:38 (243 KB/s) - ‘accuse (verb).mp3’ saved [332278/332278]

--2016-10-07 17:48:38--  http://www.voanews.com/MediaAssets2/classroom/interactive_learning/interactive_wordbook/deploy/audio/across%20(preposition).mp3
Reusing existing connection to www.voanews.com:80.
HTTP request sent, awaiting response... 200 OK
Length: 78624 (77K) [audio/mpeg]
Saving to: ‘across (preposition).mp3’

     0K .......... .......... .......... .......... .......... 65%  313K 0s
    50K .......... .......... ......                          100%  855K=0.2s

2016-10-07 17:48:38 (402 KB/s) - ‘across (preposition).mp3’ saved [78624/78624]

--2016-10-07 17:48:38--  http://www.voanews.com/MediaAssets2/classroom/interactive_learning/interactive_wordbook/deploy/audio/act%20(verb).mp3
Reusing existing connection to www.voanews.com:80.
HTTP request sent, awaiting response... 200 OK
Length: 74304 (73K) [audio/mpeg]
Saving to: ‘act (verb).mp3’

     0K .......... .......... .......... .......... .......... 68%  554K 0s
    50K .......... .......... ..                              100%  310K=0.2s

2016-10-07 17:48:39 (445 KB/s) - ‘act (verb).mp3’ saved [74304/74304]

--2016-10-07 17:48:39--  http://www.voanews.com/MediaAssets2/classroom/interactive_learning/interactive_wordbook/deploy/audio/activist%20(noun).mp3
Reusing existing connection to www.voanews.com:80.
HTTP request sent, awaiting response... 200 OK
Length: 99072 (97K) [audio/mpeg]
Saving to: ‘activist (noun).mp3’

     0K .......... .......... .......... .......... .......... 51%  746K 0s
    50K .......... .......... .......... .......... ......    100%  224K=0.3s

2016-10-07 17:48:39 (351 KB/s) - ‘activist (noun).mp3’ saved [99072/99072]

--2016-10-07 17:48:39--  http://www.voanews.com/MediaAssets2/classroom/interactive_learning/interactive_wordbook/deploy/audio/actor%20(noun).mp3
Reusing existing connection to www.voanews.com:80.
HTTP request sent, awaiting response... 200 OK
Length: 80928 (79K) [audio/mpeg]
Saving to: ‘actor (noun).mp3’

     0K .......... .......... .......... .......... .......... 63%  197K 0s
    50K .......... .......... .........                       100%  415K=0.3s

2016-10-07 17:48:40 (245 KB/s) - ‘actor (noun).mp3’ saved [80928/80928]

--2016-10-07 17:48:40--  http://www.voanews.com/MediaAssets2/classroom/interactive_learning/interactive_wordbook/deploy/audio/add%20(verb).mp3
Reusing existing connection to www.voanews.com:80.
HTTP request sent, awaiting response... 200 OK
Length: 380343 (371K) [audio/mpeg]
Saving to: ‘add (verb).mp3’

     0K .......... .......... .......... .......... .......... 13%  405K 1s
    50K .......... .......... .......... .......... .......... 26%  329K 1s
   100K .......... .......... .......... .......... .......... 40%  391K 1s
   150K .......... .......... .......... .......... .......... 53%  302K 0s
   200K .......... .......... .......... .......... .......... 67%  379K 0s
   250K .......... .......... .......... .......... .......... 80%  242K 0s
   300K .......... .......... .......... .......... .......... 94%  376K 0s
   350K .......... .......... .                               100%  435K=1.1s

2016-10-07 17:48:41 (341 KB/s) - ‘add (verb).mp3’ saved [380343/380343]

--2016-10-07 17:48:41--  http://www.voanews.com/MediaAssets2/classroom/interactive_learning/interactive_wordbook/deploy/audio/administration%20(noun).mp3
Reusing existing connection to www.voanews.com:80.
HTTP request sent, awaiting response... 200 OK
Length: 379507 (371K) [audio/mpeg]
Saving to: ‘administration (noun).mp3’

     0K .......... .......... .......... .......... .......... 13%  432K 1s
    50K .......... .......... .......... .......... .......... 26%  385K 1s
   100K .......... .......... .......... .......... .......... 40%  354K 1s
   150K .......... .......... .......... .......... .......... 53%  394K 0s
   200K .......... .......... .......... .......... .......... 67%  321K 0s
   250K .......... .......... .......... .......... .......... 80%  375K 0s
   300K .......... .......... .......... .......... .......... 94%  351K 0s
   350K .......... ..........                                 100%  194K=1.1s

2016-10-07 17:48:43 (353 KB/s) - ‘administration (noun).mp3’ saved [379507/379507]

--2016-10-07 17:48:43--  http://www.voanews.com/MediaAssets2/classroom/interactive_learning/interactive_wordbook/deploy/audio/admit%20(verb).mp3
Reusing existing connection to www.voanews.com:80.
HTTP request sent, awaiting response... 200 OK
Length: 130752 (128K) [audio/mpeg]
Saving to: ‘admit (verb).mp3’

     0K .......... .......... .......... .......... .......... 39%  355K 0s
    50K .......... .......... .......... .......... .......... 78%  195K 0s
   100K .......... .......... .......                         100%  199K=0.5s

2016-10-07 17:48:44 (238 KB/s) - ‘admit (verb).mp3’ saved [130752/130752]

--2016-10-07 17:48:44--  http://www.voanews.com/MediaAssets2/classroom/interactive_learning/interactive_wordbook/deploy/audio/adult%20(noun).mp3
Reusing existing connection to www.voanews.com:80.
HTTP request sent, awaiting response... 200 OK
Length: 80784 (79K) [audio/mpeg]
Saving to: ‘adult (noun).mp3’

     0K .......... .......... .......... .......... .......... 63%  396K 0s
    50K .......... .......... ........                        100%  407K=0.2s

2016-10-07 17:48:44 (400 KB/s) - ‘adult (noun).mp3’ saved [80784/80784]

--2016-10-07 17:48:44--  http://www.voanews.com/MediaAssets2/classroom/interactive_learning/interactive_wordbook/deploy/audio/advertise%20(verb).mp3
Reusing existing connection to www.voanews.com:80.
HTTP request sent, awaiting response... 200 OK
Length: 83232 (81K) [audio/mpeg]
Saving to: ‘advertise (verb).mp3’

     0K .......... .......... .......... .......... .......... 61%  294K 0s
    50K .......... .......... .......... .                    100%  413K=0.2s

2016-10-07 17:48:45 (330 KB/s) - ‘advertise (verb).mp3’ saved [83232/83232]

--2016-10-07 17:48:45--  http://www.voanews.com/MediaAssets2/classroom/interactive_learning/interactive_wordbook/deploy/audio/advise%20(verb).mp3
Reusing existing connection to www.voanews.com:80.
HTTP request sent, awaiting response... 200 OK
Length: 334367 (327K) [audio/mpeg]
Saving to: ‘advise (verb).mp3’

     0K .......... .......... .......... .......... .......... 15%  339K 1s
    50K .......... .......... .......... .......... .......... 30%  426K 1s
   100K .......... .......... .......... .......... .......... 45%  288K 1s
   150K .......... .......... .......... .......... .......... 61%  428K 0s
   200K .......... .......... .......... .......... .......... 76%  320K 0s
   250K .......... .......... .......... .......... .......... 91%  299K 0s
   300K .......... .......... ......                          100%  497K=0.9s

2016-10-07 17:48:46 (350 KB/s) - ‘advise (verb).mp3’ saved [334367/334367]

--2016-10-07 17:48:46--  http://www.voanews.com/MediaAssets2/classroom/interactive_learning/interactive_wordbook/deploy/audio/affect%20(verb).mp3
Reusing existing connection to www.voanews.com:80.
HTTP request sent, awaiting response... 200 OK
Length: 73728 (72K) [audio/mpeg]
Saving to: ‘affect (verb).mp3’

     0K .......... .......... .......... .......... .......... 69%  352K 0s
    50K .......... .......... ..                              100%  464K=0.2s

2016-10-07 17:48:47 (380 KB/s) - ‘affect (verb).mp3’ saved [73728/73728]

--2016-10-07 17:48:47--  http://www.voanews.com/MediaAssets2/classroom/interactive_learning/interactive_wordbook/deploy/audio/afraid%20(adjective).mp3
Reusing existing connection to www.voanews.com:80.
HTTP request sent, awaiting response... 200 OK
Length: 83952 (82K) [audio/mpeg]
Saving to: ‘afraid (adjective).mp3’

     0K .......... .......... .......... .......... .......... 60%  301K 0s
    50K .......... .......... .......... .                    100%  419K=0.2s

2016-10-07 17:48:47 (338 KB/s) - ‘afraid (adjective).mp3’ saved [83952/83952]

--2016-10-07 17:48:47--  http://www.voanews.com/MediaAssets2/classroom/interactive_learning/interactive_wordbook/deploy/audio/after%20(preposition).mp3
Reusing existing connection to www.voanews.com:80.
HTTP request sent, awaiting response... 200 OK
Length: 95040 (93K) [audio/mpeg]
Saving to: ‘after (preposition).mp3’

     0K .......... .......... .......... .......... .......... 53%  507K 0s
    50K .......... .......... .......... .......... ..        100%  445K=0.2s

2016-10-07 17:48:48 (477 KB/s) - ‘after (preposition).mp3’ saved [95040/95040]

--2016-10-07 17:48:48--  http://www.voanews.com/MediaAssets2/classroom/interactive_learning/interactive_wordbook/deploy/audio/again%20(adverb).mp3
Reusing existing connection to www.voanews.com:80.
HTTP request sent, awaiting response... 200 OK
Length: 83664 (82K) [audio/mpeg]
Saving to: ‘again (adverb).mp3’

     0K .......... .......... .......... .......... .......... 61%  713K 0s
    50K .......... .......... .......... .                    100%  737K=0.1s

2016-10-07 17:48:48 (723 KB/s) - ‘again (adverb).mp3’ saved [83664/83664]

--2016-10-07 17:48:48--  http://www.voanews.com/MediaAssets2/classroom/interactive_learning/interactive_wordbook/deploy/audio/against%20(preposition).mp3
Reusing existing connection to www.voanews.com:80.
HTTP request sent, awaiting response... 200 OK
Length: 119376 (117K) [audio/mpeg]
Saving to: ‘against (preposition).mp3’

     0K .......... .......... .......... .......... .......... 42%  560K 0s
    50K .......... .......... .......... .......... .......... 85%  731K 0s
   100K .......... ......                                     100% 1.56M=0.2s

2016-10-07 17:48:49 (694 KB/s) - ‘against (preposition).mp3’ saved [119376/119376]

--2016-10-07 17:48:49--  http://www.voanews.com/MediaAssets2/classroom/interactive_learning/interactive_wordbook/deploy/audio/age%20(noun).mp3
Reusing existing connection to www.voanews.com:80.
HTTP request sent, awaiting response... 200 OK
Length: 288810 (282K) [audio/mpeg]
Saving to: ‘age (noun).mp3’

     0K .......... .......... .......... .......... .......... 17%  864K 0s
    50K .......... .......... .......... .......... .......... 35% 1015K 0s
   100K .......... .......... .......... .......... .......... 53%  798K 0s
   150K .......... .......... .......... .......... .......... 70% 1.19M 0s
   200K .......... .......... .......... .......... .......... 88%  909K 0s
   250K .......... .......... .......... ..                   100%  788K=0.3s

2016-10-07 17:48:50 (920 KB/s) - ‘age (noun).mp3’ saved [288810/288810]

--2016-10-07 17:48:50--  http://www.voanews.com/MediaAssets2/classroom/interactive_learning/interactive_wordbook/deploy/audio/agency%20(noun).mp3
Reusing existing connection to www.voanews.com:80.
HTTP request sent, awaiting response... 200 OK
Length: 370730 (362K) [audio/mpeg]
Saving to: ‘agency (noun).mp3’

     0K .......... .......... .......... .......... .......... 13%  787K 0s
    50K .......... .......... .......... .......... .......... 27%  495K 0s
   100K .......... .......... .......... .......... .......... 41%  624K 0s
   150K .......... .......... .......... .......... .......... 55%  516K 0s
   200K .......... .......... .......... .......... .......... 69%  891K 0s
   250K .......... .......... .......... .......... .......... 82%  520K 0s
   300K .......... .......... .......... .......... .......... 96%  316K 0s
   350K .......... ..                                         100%  615K=0.7s

2016-10-07 17:48:51 (539 KB/s) - ‘agency (noun).mp3’ saved [370730/370730]

--2016-10-07 17:48:51--  http://www.voanews.com/MediaAssets2/classroom/interactive_learning/interactive_wordbook/deploy/audio/aggression%20(noun).mp3
Reusing existing connection to www.voanews.com:80.
HTTP request sent, awaiting response... 200 OK
Length: 80496 (79K) [audio/mpeg]
Saving to: ‘aggression (noun).mp3’

     0K .......... .......... .......... .......... .......... 63%  287K 0s
    50K .......... .......... ........                        100%  476K=0.2s

2016-10-07 17:48:52 (336 KB/s) - ‘aggression (noun).mp3’ saved [80496/80496]

--2016-10-07 17:48:52--  http://www.voanews.com/MediaAssets2/classroom/interactive_learning/interactive_wordbook/deploy/audio/ago%20(adverb).mp3
Reusing existing connection to www.voanews.com:80.
HTTP request sent, awaiting response... 200 OK
Length: 323082 (316K) [audio/mpeg]
Saving to: ‘ago (adverb).mp3’

     0K .......... .......... .......... .......... .......... 15%  403K 1s
    50K .......... .......... .......... .......... .......... 31%  365K 1s
   100K .......... .......... .......... .......... .......... 47%  354K 0s
   150K .......... .......... .......... .......... .......... 63%  305K 0s
   200K .......... .......... .......... .......... .......... 79%  470K 0s
   250K .......... .......... .......... .......... .......... 95%  334K 0s
   300K .......... .....                                      100%  445K=0.9s

2016-10-07 17:48:53 (368 KB/s) - ‘ago (adverb).mp3’ saved [323082/323082]

--2016-10-07 17:48:53--  http://www.voanews.com/MediaAssets2/classroom/interactive_learning/interactive_wordbook/deploy/audio/agree%20(verb).mp3
Reusing existing connection to www.voanews.com:80.
HTTP request sent, awaiting response... 200 OK
Length: 111024 (108K) [audio/mpeg]
Saving to: ‘agree (verb).mp3’

     0K .......... .......... .......... .......... .......... 46%  656K 0s
    50K .......... .......... .......... .......... .......... 92% 1.01M 0s
   100K ........                                              100% 1.50M=0.1s

2016-10-07 17:48:53 (835 KB/s) - ‘agree (verb).mp3’ saved [111024/111024]

--2016-10-07 17:48:53--  http://www.voanews.com/MediaAssets2/classroom/interactive_learning/interactive_wordbook/deploy/audio/agriculture%20(noun).mp3
Reusing existing connection to www.voanews.com:80.
HTTP request sent, awaiting response... 200 OK
Length: 96624 (94K) [audio/mpeg]
Saving to: ‘agriculture (noun).mp3’

     0K .......... .......... .......... .......... .......... 52%  851K 0s
    50K .......... .......... .......... .......... ....      100%  599K=0.1s

2016-10-07 17:48:54 (711 KB/s) - ‘agriculture (noun).mp3’ saved [96624/96624]

--2016-10-07 17:48:54--  http://www.voanews.com/MediaAssets2/classroom/interactive_learning/interactive_wordbook/deploy/audio/aid%20(verb).mp3
Reusing existing connection to www.voanews.com:80.
HTTP request sent, awaiting response... 200 OK
Length: 80208 (78K) [audio/mpeg]
Saving to: ‘aid (verb).mp3’

     0K .......... .......... .......... .......... .......... 63%  787K 0s
    50K .......... .......... ........                        100%  966K=0.09s

2016-10-07 17:48:54 (844 KB/s) - ‘aid (verb).mp3’ saved [80208/80208]

--2016-10-07 17:48:54--  http://www.voanews.com/MediaAssets2/classroom/interactive_learning/interactive_wordbook/deploy/audio/aim%20(verb).mp3
Reusing existing connection to www.voanews.com:80.
HTTP request sent, awaiting response... 200 OK
Length: 115776 (113K) [audio/mpeg]
Saving to: ‘aim (verb).mp3’

     0K .......... .......... .......... .......... .......... 44%  885K 0s
    50K .......... .......... .......... .......... .......... 88%  475K 0s
   100K .......... ...                                        100%  413K=0.2s

2016-10-07 17:48:55 (585 KB/s) - ‘aim (verb).mp3’ saved [115776/115776]

--2016-10-07 17:48:55--  http://www.voanews.com/MediaAssets2/classroom/interactive_learning/interactive_wordbook/deploy/audio/air%20(noun).mp3
Reusing existing connection to www.voanews.com:80.
HTTP request sent, awaiting response... 200 OK
Length: 396225 (387K) [audio/mpeg]
Saving to: ‘air (noun).mp3’

     0K .......... .......... .......... .......... .......... 12%  896K 0s
    50K .......... .......... .......... .......... .......... 25%  688K 0s
   100K .......... .......... .......... .......... .......... 38%  788K 0s
   150K .......... .......... .......... .......... .......... 51% 1.04M 0s
   200K .......... .......... .......... .......... .......... 64%  692K 0s
   250K .......... .......... .......... .......... .......... 77%  699K 0s
   300K .......... .......... .......... .......... .......... 90%  788K 0s
   350K .......... .......... .......... ......               100%  843K=0.5s

2016-10-07 17:48:56 (790 KB/s) - ‘air (noun).mp3’ saved [396225/396225]

--2016-10-07 17:48:56--  http://www.voanews.com/MediaAssets2/classroom/interactive_learning/interactive_wordbook/deploy/audio/air%20force%20(noun).mp3
Reusing existing connection to www.voanews.com:80.
HTTP request sent, awaiting response... 200 OK
Length: 103872 (101K) [audio/mpeg]
Saving to: ‘air force (noun).mp3’

     0K .......... .......... .......... .......... .......... 49%  902K 0s
    50K .......... .......... .......... .......... .......... 98% 1.00M 0s
   100K .                                                     100% 2742G=0.1s

2016-10-07 17:48:56 (974 KB/s) - ‘air force (noun).mp3’ saved [103872/103872]

--2016-10-07 17:48:56--  http://www.voanews.com/MediaAssets2/classroom/interactive_learning/interactive_wordbook/deploy/audio/airplane%20(noun).mp3
Reusing existing connection to www.voanews.com:80.
HTTP request sent, awaiting response... 200 OK
Length: 302184 (295K) [audio/mpeg]
Saving to: ‘airplane (noun).mp3’

     0K .......... .......... .......... .......... .......... 16%  514K 0s
    50K .......... .......... .......... .......... .......... 33%  881K 0s
   100K .......... .......... .......... .......... .......... 50% 1.41M 0s
   150K .......... .......... .......... .......... .......... 67% 1.09M 0s
   200K .......... .......... .......... .......... .......... 84% 1.02M 0s
   250K .......... .......... .......... .......... .....     100%  711K=0.3s

2016-10-07 17:48:57 (856 KB/s) - ‘airplane (noun).mp3’ saved [302184/302184]

--2016-10-07 17:48:57--  http://www.voanews.com/MediaAssets2/classroom/interactive_learning/interactive_wordbook/deploy/audio/airport%20(noun).mp3
Reusing existing connection to www.voanews.com:80.
HTTP request sent, awaiting response... 200 OK
Length: 96480 (94K) [audio/mpeg]
Saving to: ‘airport (noun).mp3’

     0K .......... .......... .......... .......... .......... 53%  764K 0s
    50K .......... .......... .......... .......... ....      100% 1.46M=0.1s

2016-10-07 17:48:57 (992 KB/s) - ‘airport (noun).mp3’ saved [96480/96480]

--2016-10-07 17:48:57--  http://www.voanews.com/MediaAssets2/classroom/interactive_learning/interactive_wordbook/deploy/audio/album%20(noun).mp3
Reusing existing connection to www.voanews.com:80.
HTTP request sent, awaiting response... 200 OK
Length: 407928 (398K) [audio/mpeg]
Saving to: ‘album (noun).mp3’

     0K .......... .......... .......... .......... .......... 12% 1.04M 0s
    50K .......... .......... .......... .......... .......... 25% 1.57M 0s
   100K .......... .......... .......... .......... .......... 37% 1.48M 0s
   150K .......... .......... .......... .......... .......... 50% 1.51M 0s
   200K .......... .......... .......... .......... .......... 62% 1.28M 0s
   250K .......... .......... .......... .......... .......... 75%  560K 0s
   300K .......... .......... .......... .......... .......... 87% 1.48M 0s
   350K .......... .......... .......... .......... ........  100% 1011K=0.4s

2016-10-07 17:48:58 (1.11 MB/s) - ‘album (noun).mp3’ saved [407928/407928]

--2016-10-07 17:48:58--  http://www.voanews.com/MediaAssets2/classroom/interactive_learning/interactive_wordbook/deploy/audio/alive%20(adjective).mp3
Reusing existing connection to www.voanews.com:80.
HTTP request sent, awaiting response... 200 OK
Length: 78480 (77K) [audio/mpeg]
Saving to: ‘alive (adjective).mp3’

     0K .......... .......... .......... .......... .......... 65% 2.07M 0s
    50K .......... .......... ......                          100%  994K=0.05s

2016-10-07 17:48:58 (1.48 MB/s) - ‘alive (adjective).mp3’ saved [78480/78480]

--2016-10-07 17:48:58--  http://www.voanews.com/MediaAssets2/classroom/interactive_learning/interactive_wordbook/deploy/audio/all%20(adjective).mp3
Reusing existing connection to www.voanews.com:80.
HTTP request sent, awaiting response... 200 OK
Length: 74448 (73K) [audio/mpeg]
Saving to: ‘all (adjective).mp3’

     0K .......... .......... .......... .......... .......... 68% 2.69M 0s
    50K .......... .......... ..                              100%  797K=0.05s

2016-10-07 17:48:59 (1.52 MB/s) - ‘all (adjective).mp3’ saved [74448/74448]

--2016-10-07 17:48:59--  http://www.voanews.com/MediaAssets2/classroom/interactive_learning/interactive_wordbook/deploy/audio/ally%20(noun).mp3
Reusing existing connection to www.voanews.com:80.
HTTP request sent, awaiting response... 200 OK
Length: 387866 (379K) [audio/mpeg]
Saving to: ‘ally (noun).mp3’

     0K .......... .......... .......... .......... .......... 13% 1.36M 0s
    50K .......... .......... .......... .......... .......... 26% 1.04M 0s
   100K .......... .......... .......... .......... .......... 39%  931K 0s
   150K .......... .......... .......... .......... .......... 52%  780K 0s
   200K .......... .......... .......... .......... .......... 66%  550K 0s
   250K .......... .......... .......... .......... .......... 79%  673K 0s
   300K .......... .......... .......... .......... .......... 92%  619K 0s
   350K .......... .......... ........                        100%  632K=0.5s

2016-10-07 17:48:59 (770 KB/s) - ‘ally (noun).mp3’ saved [387866/387866]

--2016-10-07 17:48:59--  http://www.voanews.com/MediaAssets2/classroom/interactive_learning/interactive_wordbook/deploy/audio/almost%20(adverb).mp3
Reusing existing connection to www.voanews.com:80.
HTTP request sent, awaiting response... 200 OK
Length: 326008 (318K) [audio/mpeg]
Saving to: ‘almost (adverb).mp3’

     0K .......... .......... .......... .......... .......... 15%  816K 0s
    50K .......... .......... .......... .......... .......... 31%  677K 0s
   100K .......... .......... .......... .......... .......... 47% 1.04M 0s
   150K .......... .......... .......... .......... .......... 62%  764K 0s
   200K .......... .......... .......... .......... .......... 78%  817K 0s
   250K .......... .......... .......... .......... .......... 94%  871K 0s
   300K .......... ........                                   100%  622K=0.4s

2016-10-07 17:49:00 (805 KB/s) - ‘almost (adverb).mp3’ saved [326008/326008]

--2016-10-07 17:49:00--  http://www.voanews.com/MediaAssets2/classroom/interactive_learning/interactive_wordbook/deploy/audio/alone%20(adjective).mp3
Reusing existing connection to www.voanews.com:80.
HTTP request sent, awaiting response... 200 OK
Length: 291736 (285K) [audio/mpeg]
Saving to: ‘alone (adjective).mp3’

     0K .......... .......... .......... .......... .......... 17%  794K 0s
    50K .......... .......... .......... .......... .......... 35% 1.07M 0s
   100K .......... .......... .......... .......... .......... 52%  208K 0s
   150K .......... .......... .......... .......... .......... 70%  752K 0s
   200K .......... .......... .......... .......... .......... 87%  653K 0s
   250K .......... .......... .......... ....                 100%  767K=0.5s

2016-10-07 17:49:01 (530 KB/s) - ‘alone (adjective).mp3’ saved [291736/291736]

--2016-10-07 17:49:01--  http://www.voanews.com/MediaAssets2/classroom/interactive_learning/interactive_wordbook/deploy/audio/along%20(adverb).mp3
Reusing existing connection to www.voanews.com:80.
HTTP request sent, awaiting response... 200 OK
Length: 80496 (79K) [audio/mpeg]
Saving to: ‘along (adverb).mp3’

     0K .......... .......... .......... .......... .......... 63%  773K 0s
    50K .......... .......... ........                        100% 1.11M=0.09s

2016-10-07 17:49:02 (875 KB/s) - ‘along (adverb).mp3’ saved [80496/80496]

--2016-10-07 17:49:02--  http://www.voanews.com/MediaAssets2/classroom/interactive_learning/interactive_wordbook/deploy/audio/already%20(adverb).mp3
Reusing existing connection to www.voanews.com:80.
HTTP request sent, awaiting response... 200 OK
Length: 104544 (102K) [audio/mpeg]
Saving to: ‘already (adverb).mp3’

     0K .......... .......... .......... .......... .......... 48%  895K 0s
    50K .......... .......... .......... .......... .......... 97%  881K 0s
   100K ..                                                    100% 4.02M=0.1s

2016-10-07 17:49:02 (903 KB/s) - ‘already (adverb).mp3’ saved [104544/104544]

--2016-10-07 17:49:02--  http://www.voanews.com/MediaAssets2/classroom/interactive_learning/interactive_wordbook/deploy/audio/also%20(adverb).mp3
Reusing existing connection to www.voanews.com:80.
HTTP request sent, awaiting response... 200 OK
Length: 78480 (77K) [audio/mpeg]
Saving to: ‘also (adverb).mp3’

     0K .......... .......... .......... .......... .......... 65%  911K 0s
    50K .......... .......... ......                          100%  585K=0.1s

2016-10-07 17:49:03 (763 KB/s) - ‘also (adverb).mp3’ saved [78480/78480]

--2016-10-07 17:49:03--  http://www.voanews.com/MediaAssets2/classroom/interactive_learning/interactive_wordbook/deploy/audio/although%20(conjunction).mp3
Reusing existing connection to www.voanews.com:80.
HTTP request sent, awaiting response... 200 OK
Length: 366132 (358K) [audio/mpeg]
Saving to: ‘although (conjunction).mp3’

     0K .......... .......... .......... .......... .......... 13%  746K 0s
    50K .......... .......... .......... .......... .......... 27%  793K 0s
   100K .......... .......... .......... .......... .......... 41% 1.25M 0s
   150K .......... .......... .......... .......... .......... 55%  835K 0s
   200K .......... .......... .......... .......... .......... 69% 1021K 0s
   250K .......... .......... .......... .......... .......... 83%  646K 0s
   300K .......... .......... .......... .......... .......... 97%  657K 0s
   350K .......                                               100%  797K=0.4s

2016-10-07 17:49:03 (811 KB/s) - ‘although (conjunction).mp3’ saved [366132/366132]

--2016-10-07 17:49:03--  http://www.voanews.com/MediaAssets2/classroom/interactive_learning/interactive_wordbook/deploy/audio/always%20(adverb).mp3
Reusing existing connection to www.voanews.com:80.
HTTP request sent, awaiting response... 200 OK
Length: 302602 (296K) [audio/mpeg]
Saving to: ‘always (adverb).mp3’

     0K .......... .......... .......... .......... .......... 16%  707K 0s
    50K .......... .......... .......... .......... .......... 33%  922K 0s
   100K .......... .......... .......... .......... .......... 50%  788K 0s
   150K .......... .......... .......... .......... .......... 67%  919K 0s
   200K .......... .......... .......... .......... .......... 84% 1.11M 0s
   250K .......... .......... .......... .......... .....     100% 1.36M=0.3s

2016-10-07 17:49:04 (925 KB/s) - ‘always (adverb).mp3’ saved [302602/302602]

--2016-10-07 17:49:04--  http://www.voanews.com/MediaAssets2/classroom/interactive_learning/interactive_wordbook/deploy/audio/ambassador%20(noun).mp3
Reusing existing connection to www.voanews.com:80.
HTTP request sent, awaiting response... 200 OK
Length: 99936 (98K) [audio/mpeg]
Saving to: ‘ambassador (noun).mp3’

     0K .......... .......... .......... .......... .......... 51% 1.83M 0s
    50K .......... .......... .......... .......... .......   100% 1.02M=0.07s

2016-10-07 17:49:04 (1.32 MB/s) - ‘ambassador (noun).mp3’ saved [99936/99936]

--2016-10-07 17:49:04--  http://www.voanews.com/MediaAssets2/classroom/interactive_learning/interactive_wordbook/deploy/audio/amend%20(verb).mp3
Reusing existing connection to www.voanews.com:80.
HTTP request sent, awaiting response... 200 OK
Length: 97920 (96K) [audio/mpeg]
Saving to: ‘amend (verb).mp3’

     0K .......... .......... .......... .......... .......... 52% 1.18M 0s
    50K .......... .......... .......... .......... .....     100% 1.09M=0.08s

2016-10-07 17:49:05 (1.14 MB/s) - ‘amend (verb).mp3’ saved [97920/97920]

--2016-10-07 17:49:05--  http://www.voanews.com/MediaAssets2/classroom/interactive_learning/interactive_wordbook/deploy/audio/ammunition%20(noun).mp3
Reusing existing connection to www.voanews.com:80.
HTTP request sent, awaiting response... 200 OK
Length: 122544 (120K) [audio/mpeg]
Saving to: ‘ammunition (noun).mp3’

     0K .......... .......... .......... .......... .......... 41% 1.56M 0s
    50K .......... .......... .......... .......... .......... 83%  648K 0s
   100K .......... .........                                  100% 3.92M=0.1s

2016-10-07 17:49:06 (1.03 MB/s) - ‘ammunition (noun).mp3’ saved [122544/122544]

--2016-10-07 17:49:06--  http://www.voanews.com/MediaAssets2/classroom/interactive_learning/interactive_wordbook/deploy/audio/among%20(preposition).mp3
Reusing existing connection to www.voanews.com:80.
HTTP request sent, awaiting response... 200 OK
Length: 78768 (77K) [audio/mpeg]
Saving to: ‘among (preposition).mp3’

     0K .......... .......... .......... .......... .......... 65%  807K 0s
    50K .......... .......... ......                          100%  692K=0.1s

2016-10-07 17:49:06 (763 KB/s) - ‘among (preposition).mp3’ saved [78768/78768]

--2016-10-07 17:49:06--  http://www.voanews.com/MediaAssets2/classroom/interactive_learning/interactive_wordbook/deploy/audio/anarchy%20(noun).mp3
Reusing existing connection to www.voanews.com:80.
HTTP request sent, awaiting response... 200 OK
Length: 96768 (94K) [audio/mpeg]
Saving to: ‘anarchy (noun).mp3’

     0K .......... .......... .......... .......... .......... 52%  821K 0s
    50K .......... .......... .......... .......... ....      100%  541K=0.1s

2016-10-07 17:49:06 (660 KB/s) - ‘anarchy (noun).mp3’ saved [96768/96768]

--2016-10-07 17:49:06--  http://www.voanews.com/MediaAssets2/classroom/interactive_learning/interactive_wordbook/deploy/audio/ancestor%20(noun).mp3
Reusing existing connection to www.voanews.com:80.
HTTP request sent, awaiting response... 200 OK
Length: 356101 (348K) [audio/mpeg]
Saving to: ‘ancestor (noun).mp3’

     0K .......... .......... .......... .......... .......... 14%  848K 0s
    50K .......... .......... .......... .......... .......... 28%  618K 0s
   100K .......... .......... .......... .......... .......... 43%  598K 0s
   150K .......... .......... .......... .......... .......... 57%  919K 0s
   200K .......... .......... .......... .......... .......... 71%  454K 0s
   250K .......... .......... .......... .......... .......... 86%  753K 0s
   300K .......... .......... .......... .......... .......   100%  603K=0.5s

2016-10-07 17:49:07 (652 KB/s) - ‘ancestor (noun).mp3’ saved [356101/356101]

--2016-10-07 17:49:07--  http://www.voanews.com/MediaAssets2/classroom/interactive_learning/interactive_wordbook/deploy/audio/ancient%20(adjective).mp3
Reusing existing connection to www.voanews.com:80.
HTTP request sent, awaiting response... 200 OK
Length: 357773 (349K) [audio/mpeg]
Saving to: ‘ancient (adjective).mp3’

     0K .......... .......... .......... .......... .......... 14%  722K 0s
    50K .......... .......... .......... .......... .......... 28%  660K 0s
   100K .......... .......... .......... .......... .......... 42%  536K 0s
   150K .......... .......... .......... .......... .......... 57%  763K 0s
   200K .......... .......... .......... .......... .......... 71%  780K 0s
   250K .......... .......... .......... .......... .......... 85%  654K 0s
   300K .......... .......... .......... .......... ......... 100%  613K=0.5s

2016-10-07 17:49:08 (666 KB/s) - ‘ancient (adjective).mp3’ saved [357773/357773]

--2016-10-07 17:49:08--  http://www.voanews.com/MediaAssets2/classroom/interactive_learning/interactive_wordbook/deploy/audio/anger%20(noun).mp3
Reusing existing connection to www.voanews.com:80.
HTTP request sent, awaiting response... 200 OK
Length: 91008 (89K) [audio/mpeg]
Saving to: ‘anger (noun).mp3’

     0K .......... .......... .......... .......... .......... 56%  931K 0s
    50K .......... .......... .......... ........             100%  515K=0.1s

2016-10-07 17:49:09 (688 KB/s) - ‘anger (noun).mp3’ saved [91008/91008]

--2016-10-07 17:49:09--  http://www.voanews.com/MediaAssets2/classroom/interactive_learning/interactive_wordbook/deploy/audio/animal%20(noun).mp3
Reusing existing connection to www.voanews.com:80.
HTTP request sent, awaiting response... 200 OK
Length: 338965 (331K) [audio/mpeg]
Saving to: ‘animal (noun).mp3’

     0K .......... .......... .......... .......... .......... 15%  847K 0s
    50K .......... .......... .......... .......... .......... 30% 1.07M 0s
   100K .......... .......... .......... .......... .......... 45%  686K 0s
   150K .......... .......... .......... .......... .......... 60%  919K 0s
   200K .......... .......... .......... .......... .......... 75%  864K 0s
   250K .......... .......... .......... .......... .......... 90% 1019K 0s
   300K .......... .......... .......... .                    100%  936K=0.4s

2016-10-07 17:49:10 (889 KB/s) - ‘animal (noun).mp3’ saved [338965/338965]

--2016-10-07 17:49:10--  http://www.voanews.com/MediaAssets2/classroom/interactive_learning/interactive_wordbook/deploy/audio/anniversary%20(noun).mp3
Reusing existing connection to www.voanews.com:80.
HTTP request sent, awaiting response... 200 OK
Length: 358609 (350K) [audio/mpeg]
Saving to: ‘anniversary (noun).mp3’

     0K .......... .......... .......... .......... .......... 14%  913K 0s
    50K .......... .......... .......... .......... .......... 28%  646K 0s
   100K .......... .......... .......... .......... .......... 42%  676K 0s
   150K .......... .......... .......... .......... .......... 57%  965K 0s
   200K .......... .......... .......... .......... .......... 71%  766K 0s
   250K .......... .......... .......... .......... .......... 85%  874K 0s
   300K .......... .......... .......... .......... .......... 99%  855K 0s
   350K                                                       100%  389G=0.4s

2016-10-07 17:49:10 (798 KB/s) - ‘anniversary (noun).mp3’ saved [358609/358609]

--2016-10-07 17:49:10--  http://www.voanews.com/MediaAssets2/classroom/interactive_learning/interactive_wordbook/deploy/audio/announce%20(verb).mp3
Reusing existing connection to www.voanews.com:80.
HTTP request sent, awaiting response... 200 OK
Length: 365714 (357K) [audio/mpeg]
Saving to: ‘announce (verb).mp3’

     0K .......... .......... .......... .......... .......... 14% 1.22M 0s
    50K .......... .......... .......... .......... .......... 28%  729K 0s
   100K .......... .......... .......... .......... .......... 42% 1.04M 0s
   150K .......... .......... .......... .......... .......... 56% 1.01M 0s
   200K .......... .......... .......... .......... .......... 70% 1.17M 0s
   250K .......... .......... .......... .......... .......... 84%  840K 0s
   300K .......... .......... .......... .......... .......... 98% 1.42M 0s
   350K .......                                               100% 2.54M=0.3s

2016-10-07 17:49:11 (1.02 MB/s) - ‘announce (verb).mp3’ saved [365714/365714]

--2016-10-07 17:49:11--  http://www.voanews.com/MediaAssets2/classroom/interactive_learning/interactive_wordbook/deploy/audio/another%20(adjective).mp3
Reusing existing connection to www.voanews.com:80.
HTTP request sent, awaiting response... 200 OK
Length: 291318 (284K) [audio/mpeg]
Saving to: ‘another (adjective).mp3’

     0K .......... .......... .......... .......... .......... 17% 1.23M 0s
    50K .......... .......... .......... .......... .......... 35%  805K 0s
   100K .......... .......... .......... .......... .......... 52%  782K 0s
   150K .......... .......... .......... .......... .......... 70%  710K 0s
   200K .......... .......... .......... .......... .......... 87%  884K 0s
   250K .......... .......... .......... ....                 100%  673K=0.3s

2016-10-07 17:49:12 (827 KB/s) - ‘another (adjective).mp3’ saved [291318/291318]

--2016-10-07 17:49:12--  http://www.voanews.com/MediaAssets2/classroom/interactive_learning/interactive_wordbook/deploy/audio/answer%20(noun).mp3
Reusing existing connection to www.voanews.com:80.
HTTP request sent, awaiting response... 200 OK
Length: 277525 (271K) [audio/mpeg]
Saving to: ‘answer (noun).mp3’

     0K .......... .......... .......... .......... .......... 18%  221K 1s
    50K .......... .......... .......... .......... .......... 36%  102K 1s
   100K .......... .......... .......... .......... .......... 55%  204K 1s
   150K .......... .......... .......... .......... .......... 73%  118K 0s
   200K .......... .......... .......... .......... .......... 92%  243K 0s
   250K .......... .......... .                               100%  124K=1.8s

2016-10-07 17:49:14 (154 KB/s) - ‘answer (noun).mp3’ saved [277525/277525]

--2016-10-07 17:49:14--  http://www.voanews.com/MediaAssets2/classroom/interactive_learning/interactive_wordbook/deploy/audio/antibody%20(usually%20plural)%20(noun).mp3
Reusing existing connection to www.voanews.com:80.
HTTP request sent, awaiting response... 200 OK
Length: 113760 (111K) [audio/mpeg]
Saving to: ‘antibody (usually plural) (noun).mp3’

     0K .......... .......... .......... .......... .......... 45%  218K 0s
    50K .......... .......... .......... .......... .......... 90%  323K 0s
   100K .......... .                                          100%  422K=0.4s

2016-10-07 17:49:15 (271 KB/s) - ‘antibody (usually plural) (noun).mp3’ saved [113760/113760]

--2016-10-07 17:49:15--  http://www.voanews.com/MediaAssets2/classroom/interactive_learning/interactive_wordbook/deploy/audio/any%20(adjective).mp3
Reusing existing connection to www.voanews.com:80.
HTTP request sent, awaiting response... 200 OK
Length: 382015 (373K) [audio/mpeg]
Saving to: ‘any (adjective).mp3’

     0K .......... .......... .......... .......... .......... 13%  441K 1s
    50K .......... .......... .......... .......... .......... 26%  323K 1s
   100K .......... .......... .......... .......... .......... 40%  396K 1s
   150K .......... .......... .......... .......... .......... 53%  253K 1s
   200K .......... .......... .......... .......... .......... 67%  411K 0s
   250K .......... .......... .......... .......... .......... 80%  456K 0s
   300K .......... .......... .......... .......... .......... 93%  324K 0s
   350K .......... .......... ...                             100%  491K=1.0s

2016-10-07 17:49:16 (364 KB/s) - ‘any (adjective).mp3’ saved [382015/382015]

--2016-10-07 17:49:16--  http://www.voanews.com/MediaAssets2/classroom/interactive_learning/interactive_wordbook/deploy/audio/apologize%20(verb).mp3
Reusing existing connection to www.voanews.com:80.
HTTP request sent, awaiting response... 200 OK
Length: 322247 (315K) [audio/mpeg]
Saving to: ‘apologize (verb).mp3’

     0K .......... .......... .......... .......... .......... 15%  381K 1s
    50K .......... .......... .......... .......... .......... 31%  299K 1s
   100K .......... .......... .......... .......... .......... 47%  340K 0s
   150K .......... .......... .......... .......... .......... 63%  209K 0s
   200K .......... .......... .......... .......... .......... 79%  350K 0s
   250K .......... .......... .......... .......... .......... 95%  315K 0s
   300K .......... ....                                       100%  363K=1.0s

2016-10-07 17:49:18 (306 KB/s) - ‘apologize (verb).mp3’ saved [322247/322247]

--2016-10-07 17:49:18--  http://www.voanews.com/MediaAssets2/classroom/interactive_learning/interactive_wordbook/deploy/audio/appeal%20(verb).mp3
Reusing existing connection to www.voanews.com:80.
HTTP request sent, awaiting response... 200 OK
Length: 364042 (356K) [audio/mpeg]
Saving to: ‘appeal (verb).mp3’

     0K .......... .......... .......... .......... .......... 14%  309K 1s
    50K .......... .......... .......... .......... .......... 28%  265K 1s
   100K .......... .......... .......... .......... .......... 42%  383K 1s
   150K .......... .......... .......... .......... .......... 56%  526K 0s
   200K .......... .......... .......... .......... .......... 70%  882K 0s
   250K .......... .......... .......... .......... .......... 84%  473K 0s
   300K .......... .......... .......... .......... .......... 98%  452K 0s
   350K .....                                                 100% 10509G=0.8s

2016-10-07 17:49:19 (419 KB/s) - ‘appeal (verb).mp3’ saved [364042/364042]

--2016-10-07 17:49:19--  http://www.voanews.com/MediaAssets2/classroom/interactive_learning/interactive_wordbook/deploy/audio/appear%20(verb).mp3
Reusing existing connection to www.voanews.com:80.
HTTP request sent, awaiting response... 200 OK
Length: 102096 (100K) [audio/mpeg]
Saving to: ‘appear (verb).mp3’

     0K .......... .......... .......... .......... .......... 50% 1.02M 0s
    50K .......... .......... .......... .......... ......... 100% 1.22M=0.09s

2016-10-07 17:49:19 (1.11 MB/s) - ‘appear (verb).mp3’ saved [102096/102096]

--2016-10-07 17:49:19--  http://www.voanews.com/MediaAssets2/classroom/interactive_learning/interactive_wordbook/deploy/audio/appoint%20(verb).mp3
Reusing existing connection to www.voanews.com:80.
HTTP request sent, awaiting response... 200 OK
Length: 356937 (349K) [audio/mpeg]
Saving to: ‘appoint (verb).mp3’

     0K .......... .......... .......... .......... .......... 14% 1.38M 0s
    50K .......... .......... .......... .......... .......... 28%  593K 0s
   100K .......... .......... .......... .......... .......... 43% 1.10M 0s
   150K .......... .......... .......... .......... .......... 57% 1.74M 0s
   200K .......... .......... .......... .......... .......... 71% 1.08M 0s
   250K .......... .......... .......... .......... .......... 86%  852K 0s
   300K .......... .......... .......... .......... ........  100%  790K=0.4s

2016-10-07 17:49:20 (975 KB/s) - ‘appoint (verb).mp3’ saved [356937/356937]

--2016-10-07 17:49:20--  http://www.voanews.com/MediaAssets2/classroom/interactive_learning/interactive_wordbook/deploy/audio/approve%20(verb).mp3
Reusing existing connection to www.voanews.com:80.
HTTP request sent, awaiting response... 200 OK
Length: 84528 (83K) [audio/mpeg]
Saving to: ‘approve (verb).mp3’

     0K .......... .......... .......... .......... .......... 60%  808K 0s
    50K .......... .......... .......... ..                   100%  802K=0.1s

2016-10-07 17:49:20 (806 KB/s) - ‘approve (verb).mp3’ saved [84528/84528]

--2016-10-07 17:49:20--  http://www.voanews.com/MediaAssets2/classroom/interactive_learning/interactive_wordbook/deploy/audio/archeology%20(noun).mp3
Reusing existing connection to www.voanews.com:80.
HTTP request sent, awaiting response... 200 OK
Length: 88560 (86K) [audio/mpeg]
Saving to: ‘archeology (noun).mp3’

     0K .......... .......... .......... .......... .......... 57%  719K 0s
    50K .......... .......... .......... ......               100%  688K=0.1s

2016-10-07 17:49:21 (706 KB/s) - ‘archeology (noun).mp3’ saved [88560/88560]

--2016-10-07 17:49:21--  http://www.voanews.com/MediaAssets2/classroom/interactive_learning/interactive_wordbook/deploy/audio/area%20(noun).mp3
Reusing existing connection to www.voanews.com:80.
HTTP request sent, awaiting response... 200 OK
Length: 323082 (316K) [audio/mpeg]
Saving to: ‘area (noun).mp3’

     0K .......... .......... .......... .......... .......... 15%  846K 0s
    50K .......... .......... .......... .......... .......... 31%  640K 0s
   100K .......... .......... .......... .......... .......... 47%  702K 0s
   150K .......... .......... .......... .......... .......... 63%  728K 0s
   200K .......... .......... .......... .......... .......... 79% 1005K 0s
   250K .......... .......... .......... .......... .......... 95%  912K 0s
   300K .......... .....                                      100%  643K=0.4s

2016-10-07 17:49:22 (777 KB/s) - ‘area (noun).mp3’ saved [323082/323082]

--2016-10-07 17:49:22--  http://www.voanews.com/MediaAssets2/classroom/interactive_learning/interactive_wordbook/deploy/audio/argue%20(verb).mp3
Reusing existing connection to www.voanews.com:80.
HTTP request sent, awaiting response... 200 OK
Length: 78912 (77K) [audio/mpeg]
Saving to: ‘argue (verb).mp3’

     0K .......... .......... .......... .......... .......... 64%  728K 0s
    50K .......... .......... .......                         100% 1.06M=0.09s

2016-10-07 17:49:22 (823 KB/s) - ‘argue (verb).mp3’ saved [78912/78912]

--2016-10-07 17:49:22--  http://www.voanews.com/MediaAssets2/classroom/interactive_learning/interactive_wordbook/deploy/audio/around%20(preposition).mp3
Reusing existing connection to www.voanews.com:80.
HTTP request sent, awaiting response... 200 OK
Length: 78336 (76K) [audio/mpeg]
Saving to: ‘around (preposition).mp3’

     0K .......... .......... .......... .......... .......... 65%  236K 0s
    50K .......... .......... ......                          100%  939K=0.2s

2016-10-07 17:49:23 (319 KB/s) - ‘around (preposition).mp3’ saved [78336/78336]

--2016-10-07 17:49:23--  http://www.voanews.com/MediaAssets2/classroom/interactive_learning/interactive_wordbook/deploy/audio/arrest%20(verb).mp3
Reusing existing connection to www.voanews.com:80.
HTTP request sent, awaiting response... 200 OK
Length: 81504 (80K) [audio/mpeg]
Saving to: ‘arrest (verb).mp3’

     0K .......... .......... .......... .......... .......... 62%  940K 0s
    50K .......... .......... .........                       100% 1.91M=0.07s

2016-10-07 17:49:23 (1.14 MB/s) - ‘arrest (verb).mp3’ saved [81504/81504]

--2016-10-07 17:49:23--  http://www.voanews.com/MediaAssets2/classroom/interactive_learning/interactive_wordbook/deploy/audio/arrive%20(verb).mp3
Reusing existing connection to www.voanews.com:80.
HTTP request sent, awaiting response... 200 OK
Length: 379089 (370K) [audio/mpeg]
Saving to: ‘arrive (verb).mp3’

     0K .......... .......... .......... .......... .......... 13% 1.23M 0s
    50K .......... .......... .......... .......... .......... 27%  624K 0s
   100K .......... .......... .......... .......... .......... 40% 1.09M 0s
   150K .......... .......... .......... .......... .......... 54% 1.32M 0s
   200K .......... .......... .......... .......... .......... 67% 1.94M 0s
   250K .......... .......... .......... .......... .......... 81% 1.82M 0s
   300K .......... .......... .......... .......... .......... 94% 1.87M 0s
   350K .......... ..........                                 100% 7.18M=0.3s

2016-10-07 17:49:24 (1.28 MB/s) - ‘arrive (verb).mp3’ saved [379089/379089]

--2016-10-07 17:49:24--  http://www.voanews.com/MediaAssets2/classroom/interactive_learning/interactive_wordbook/deploy/audio/art%20(noun).mp3
Reusing existing connection to www.voanews.com:80.
HTTP request sent, awaiting response... 200 OK
Length: 352340 (344K) [audio/mpeg]
Saving to: ‘art (noun).mp3’

     0K .......... .......... .......... .......... .......... 14% 7.90M 0s
    50K .......... .......... .......... .......... .......... 29% 1.07M 0s
   100K .......... .......... .......... .......... .......... 43% 1.29M 0s
   150K .......... .......... .......... .......... .......... 58% 4.09M 0s
   200K .......... .......... .......... .......... .......... 72% 1.41M 0s
   250K .......... .......... .......... .......... .......... 87% 1.78M 0s
   300K .......... .......... .......... .......... ....      100%  954K=0.2s

2016-10-07 17:49:24 (1.60 MB/s) - ‘art (noun).mp3’ saved [352340/352340]

--2016-10-07 17:49:24--  http://www.voanews.com/MediaAssets2/classroom/interactive_learning/interactive_wordbook/deploy/audio/as%20(conjunction).mp3
Reusing existing connection to www.voanews.com:80.
HTTP request sent, awaiting response... 200 OK
Length: 352340 (344K) [audio/mpeg]
Saving to: ‘as (conjunction).mp3’

     0K .......... .......... .......... .......... .......... 14% 4.84M 0s
    50K .......... .......... .......... .......... .......... 29% 1011K 0s
   100K .......... .......... .......... .......... .......... 43% 3.68M 0s
   150K .......... .......... .......... .......... .......... 58% 1.41M 0s
   200K .......... .......... .......... .......... .......... 72% 1.81M 0s
   250K .......... .......... .......... .......... .......... 87%  191K 0s
   300K .......... .......... .......... .......... ....      100% 1.36M=0.4s

2016-10-07 17:49:25 (804 KB/s) - ‘as (conjunction).mp3’ saved [352340/352340]

--2016-10-07 17:49:25--  http://www.voanews.com/MediaAssets2/classroom/interactive_learning/interactive_wordbook/deploy/audio/ash%20(noun).mp3
Reusing existing connection to www.voanews.com:80.
HTTP request sent, awaiting response... 200 OK
Length: 375327 (367K) [audio/mpeg]
Saving to: ‘ash (noun).mp3’

     0K .......... .......... .......... .......... .......... 13% 1.05M 0s
    50K .......... .......... .......... .......... .......... 27%  867K 0s
   100K .......... .......... .......... .......... .......... 40%  753K 0s
   150K .......... .......... .......... .......... .......... 54%  628K 0s
   200K .......... .......... .......... .......... .......... 68%  681K 0s
   250K .......... .......... .......... .......... .......... 81%  682K 0s
   300K .......... .......... .......... .......... .......... 95%  466K 0s
   350K .......... ......                                     100% 1.46M=0.5s

2016-10-07 17:49:26 (711 KB/s) - ‘ash (noun).mp3’ saved [375327/375327]

--2016-10-07 17:49:26--  http://www.voanews.com/MediaAssets2/classroom/interactive_learning/interactive_wordbook/deploy/audio/assist%20(verb).mp3
Reusing existing connection to www.voanews.com:80.
HTTP request sent, awaiting response... 200 OK
Length: 304319 (297K) [audio/mpeg]
Saving to: ‘assist (verb).mp3’

     0K .......... .......... .......... .......... .......... 16%  831K 0s
    50K .......... .......... .......... .......... .......... 33%  852K 0s
   100K .......... .......... .......... .......... .......... 50%  622K 0s
   150K .......... .......... .......... .......... .......... 67%  780K 0s
   200K .......... .......... .......... .......... .......... 84%  726K 0s
   250K .......... .......... .......... .......... .......   100%  329K=0.5s

2016-10-07 17:49:27 (624 KB/s) - ‘assist (verb).mp3’ saved [304319/304319]

--2016-10-07 17:49:27--  http://www.voanews.com/MediaAssets2/classroom/interactive_learning/interactive_wordbook/deploy/audio/astronaut%20(noun).mp3
Reusing existing connection to www.voanews.com:80.
HTTP request sent, awaiting response... 200 OK
Length: 84384 (82K) [audio/mpeg]
Saving to: ‘astronaut (noun).mp3’

     0K .......... .......... .......... .......... .......... 60%  327K 0s
    50K .......... .......... .......... ..                   100%  441K=0.2s

2016-10-07 17:49:27 (364 KB/s) - ‘astronaut (noun).mp3’ saved [84384/84384]

--2016-10-07 17:49:27--  http://www.voanews.com/MediaAssets2/classroom/interactive_learning/interactive_wordbook/deploy/audio/asylum%20(noun).mp3
Reusing existing connection to www.voanews.com:80.
HTTP request sent, awaiting response... 200 OK
Length: 106560 (104K) [audio/mpeg]
Saving to: ‘asylum (noun).mp3’

     0K .......... .......... .......... .......... .......... 48%  257K 0s
    50K .......... .......... .......... .......... .......... 96%  277K 0s
   100K ....                                                  100%  529K=0.4s

2016-10-07 17:49:28 (272 KB/s) - ‘asylum (noun).mp3’ saved [106560/106560]

--2016-10-07 17:49:28--  http://www.voanews.com/MediaAssets2/classroom/interactive_learning/interactive_wordbook/deploy/audio/at%20(preposition).mp3
Reusing existing connection to www.voanews.com:80.
HTTP request sent, awaiting response... 200 OK
Length: 431752 (422K) [audio/mpeg]
Saving to: ‘at (preposition).mp3’

     0K .......... .......... .......... .......... .......... 11%  367K 1s
    50K .......... .......... .......... .......... .......... 23%  331K 1s
   100K .......... .......... .......... .......... .......... 35%  644K 1s
   150K .......... .......... .......... .......... .......... 47%  292K 1s
   200K .......... .......... .......... .......... .......... 59%  757K 0s
   250K .......... .......... .......... .......... .......... 71%  562K 0s
   300K .......... .......... .......... .......... .......... 83% 1.09M 0s
   350K .......... .......... .......... .......... .......... 94%  910K 0s
   400K .......... .......... .                               100% 2.03M=0.8s

2016-10-07 17:49:29 (526 KB/s) - ‘at (preposition).mp3’ saved [431752/431752]

--2016-10-07 17:49:29--  http://www.voanews.com/MediaAssets2/classroom/interactive_learning/interactive_wordbook/deploy/audio/atmosphere%20(noun).mp3
Reusing existing connection to www.voanews.com:80.
HTTP request sent, awaiting response... 200 OK
Length: 446380 (436K) [audio/mpeg]
Saving to: ‘atmosphere (noun).mp3’

     0K .......... .......... .......... .......... .......... 11% 1.44M 0s
    50K .......... .......... .......... .......... .......... 22%  812K 0s
   100K .......... .......... .......... .......... .......... 34%  841K 0s
   150K .......... .......... .......... .......... .......... 45%  588K 0s
   200K .......... .......... .......... .......... .......... 57%  738K 0s
   250K .......... .......... .......... .......... .......... 68%  493K 0s
   300K .......... .......... .......... .......... .......... 80%  727K 0s
   350K .......... .......... .......... .......... .......... 91%  802K 0s
   400K .......... .......... .......... .....                100% 1.40M=0.6s

2016-10-07 17:49:30 (771 KB/s) - ‘atmosphere (noun).mp3’ saved [446380/446380]

--2016-10-07 17:49:30--  http://www.voanews.com/MediaAssets2/classroom/interactive_learning/interactive_wordbook/deploy/audio/atom%20(noun).mp3
Reusing existing connection to www.voanews.com:80.
HTTP request sent, awaiting response... 200 OK
Length: 318485 (311K) [audio/mpeg]
Saving to: ‘atom (noun).mp3’

     0K .......... .......... .......... .......... .......... 16%  869K 0s
    50K .......... .......... .......... .......... .......... 32% 1009K 0s
   100K .......... .......... .......... .......... .......... 48%  980K 0s
   150K .......... .......... .......... .......... .......... 64%  478K 0s
   200K .......... .......... .......... .......... .......... 80%  850K 0s
   250K .......... .......... .......... .......... .......... 96% 1.20M 0s
   300K .......... .                                          100% 2.33M=0.4s

2016-10-07 17:49:31 (848 KB/s) - ‘atom (noun).mp3’ saved [318485/318485]

--2016-10-07 17:49:31--  http://www.voanews.com/MediaAssets2/classroom/interactive_learning/interactive_wordbook/deploy/audio/attach%20(verb).mp3
Reusing existing connection to www.voanews.com:80.
HTTP request sent, awaiting response... 200 OK
Length: 346070 (338K) [audio/mpeg]
Saving to: ‘attach (verb).mp3’

     0K .......... .......... .......... .......... .......... 14%  828K 0s
    50K .......... .......... .......... .......... .......... 29%  942K 0s
   100K .......... .......... .......... .......... .......... 44%  945K 0s
   150K .......... .......... .......... .......... .......... 59% 1.04M 0s
   200K .......... .......... .......... .......... .......... 73%  715K 0s
   250K .......... .......... .......... .......... .......... 88%  798K 0s
   300K .......... .......... .......... .......              100% 1.13M=0.4s

2016-10-07 17:49:32 (892 KB/s) - ‘attach (verb).mp3’ saved [346070/346070]

--2016-10-07 17:49:32--  http://www.voanews.com/MediaAssets2/classroom/interactive_learning/interactive_wordbook/deploy/audio/attack%20(noun).mp3
Reusing existing connection to www.voanews.com:80.
HTTP request sent, awaiting response... 200 OK
Length: 345652 (338K) [audio/mpeg]
Saving to: ‘attack (noun).mp3’

     0K .......... .......... .......... .......... .......... 14% 1.06M 0s
    50K .......... .......... .......... .......... .......... 29%  979K 0s
   100K .......... .......... .......... .......... .......... 44%  736K 0s
   150K .......... .......... .......... .......... .......... 59%  907K 0s
   200K .......... .......... .......... .......... .......... 74% 1.26M 0s
   250K .......... .......... .......... .......... .......... 88% 1.31M 0s
   300K .......... .......... .......... .......              100% 1.42M=0.3s

2016-10-07 17:49:33 (1.02 MB/s) - ‘attack (noun).mp3’ saved [345652/345652]

--2016-10-07 17:49:33--  http://www.voanews.com/MediaAssets2/classroom/interactive_learning/interactive_wordbook/deploy/audio/attempt%20(verb).mp3
Reusing existing connection to www.voanews.com:80.
HTTP request sent, awaiting response... 200 OK
Length: 78624 (77K) [audio/mpeg]
Saving to: ‘attempt (verb).mp3’

     0K .......... .......... .......... .......... .......... 65% 3.36M 0s
    50K .......... .......... ......                          100%  655K=0.06s

2016-10-07 17:49:33 (1.35 MB/s) - ‘attempt (verb).mp3’ saved [78624/78624]

--2016-10-07 17:49:33--  http://www.voanews.com/MediaAssets2/classroom/interactive_learning/interactive_wordbook/deploy/audio/attend%20(verb).mp3
Reusing existing connection to www.voanews.com:80.
HTTP request sent, awaiting response... 200 OK
Length: 287974 (281K) [audio/mpeg]
Saving to: ‘attend (verb).mp3’

     0K .......... .......... .......... .......... .......... 17% 3.35M 0s
    50K .......... .......... .......... .......... .......... 35%  924K 0s
   100K .......... .......... .......... .......... .......... 53% 1.26M 0s
   150K .......... .......... .......... .......... .......... 71%  906K 0s
   200K .......... .......... .......... .......... .......... 88% 2.08M 0s
   250K .......... .......... .......... .                    100% 1.25M=0.2s

2016-10-07 17:49:34 (1.31 MB/s) - ‘attend (verb).mp3’ saved [287974/287974]

--2016-10-07 17:49:34--  http://www.voanews.com/MediaAssets2/classroom/interactive_learning/interactive_wordbook/deploy/audio/attention%20(noun).mp3
Reusing existing connection to www.voanews.com:80.
HTTP request sent, awaiting response... 200 OK
Length: 351504 (343K) [audio/mpeg]
Saving to: ‘attention (noun).mp3’

     0K .......... .......... .......... .......... .......... 14% 2.60M 0s
    50K .......... .......... .......... .......... .......... 29%  901K 0s
   100K .......... .......... .......... .......... .......... 43%  994K 0s
   150K .......... .......... .......... .......... .......... 58% 2.35M 0s
   200K .......... .......... .......... .......... .......... 72% 1000K 0s
   250K .......... .......... .......... .......... .......... 87% 1.16M 0s
   300K .......... .......... .......... .......... ...       100%  838K=0.3s

2016-10-07 17:49:35 (1.16 MB/s) - ‘attention (noun).mp3’ saved [351504/351504]

--2016-10-07 17:49:35--  http://www.voanews.com/MediaAssets2/classroom/interactive_learning/interactive_wordbook/deploy/audio/automobile%20(noun).mp3
Reusing existing connection to www.voanews.com:80.
HTTP request sent, awaiting response... 200 OK
Length: 337337 (329K) [audio/mpeg]
Saving to: ‘automobile (noun).mp3’

     0K .......... .......... .......... .......... .......... 15% 1.85M 0s
    50K .......... .......... .......... .......... .......... 30%  923K 0s
   100K .......... .......... .......... .......... .......... 45%  824K 0s
   150K .......... .......... .......... .......... .......... 60%  579K 0s
   200K .......... .......... .......... .......... .......... 75%  577K 0s
   250K .......... .......... .......... .......... .......... 91%  616K 0s
   300K .......... .......... .........                       100%  670K=0.4s

2016-10-07 17:49:35 (750 KB/s) - ‘automobile (noun).mp3’ saved [337337/337337]

--2016-10-07 17:49:35--  http://www.voanews.com/MediaAssets2/classroom/interactive_learning/interactive_wordbook/deploy/audio/autumn%20(noun).mp3
Reusing existing connection to www.voanews.com:80.
HTTP request sent, awaiting response... 200 OK
Length: 320575 (313K) [audio/mpeg]
Saving to: ‘autumn (noun).mp3’

     0K .......... .......... .......... .......... .......... 15%  804K 0s
    50K .......... .......... .......... .......... .......... 31%  835K 0s
   100K .......... .......... .......... .......... .......... 47%  572K 0s
   150K .......... .......... .......... .......... .......... 63%  719K 0s
   200K .......... .......... .......... .......... .......... 79%  693K 0s
   250K .......... .......... .......... .......... .......... 95%  654K 0s
   300K .......... ...                                        100%  601K=0.4s

2016-10-07 17:49:36 (697 KB/s) - ‘autumn (noun).mp3’ saved [320575/320575]

--2016-10-07 17:49:36--  http://www.voanews.com/MediaAssets2/classroom/interactive_learning/interactive_wordbook/deploy/audio/available%20(adjective).mp3
Reusing existing connection to www.voanews.com:80.
HTTP request sent, awaiting response... 200 OK
Length: 373656 (365K) [audio/mpeg]
Saving to: ‘available (adjective).mp3’

     0K .......... .......... .......... .......... .......... 13%  982K 0s
    50K .......... .......... .......... .......... .......... 27%  621K 0s
   100K .......... .......... .......... .......... .......... 41%  759K 0s
   150K .......... .......... .......... .......... .......... 54% 1.08M 0s
   200K .......... .......... .......... .......... .......... 68%  887K 0s
   250K .......... .......... .......... .......... .......... 82% 1.50M 0s
   300K .......... .......... .......... .......... .......... 95%  949K 0s
   350K .......... ....                                       100% 5.04M=0.4s

2016-10-07 17:49:37 (942 KB/s) - ‘available (adjective).mp3’ saved [373656/373656]

--2016-10-07 17:49:37--  http://www.voanews.com/MediaAssets2/classroom/interactive_learning/interactive_wordbook/deploy/audio/average%20(adjective).mp3
Reusing existing connection to www.voanews.com:80.
HTTP request sent, awaiting response... 200 OK
Length: 327262 (320K) [audio/mpeg]
Saving to: ‘average (adjective).mp3’

     0K .......... .......... .......... .......... .......... 15% 1.59M 0s
    50K .......... .......... .......... .......... .......... 31% 3.32M 0s
   100K .......... .......... .......... .......... .......... 46%  748K 0s
   150K .......... .......... .......... .......... .......... 62% 1.80M 0s
   200K .......... .......... .......... .......... .......... 78% 1.90M 0s
   250K .......... .......... .......... .......... .......... 93% 1.67M 0s
   300K .......... .........                                  100% 9.48M=0.2s

2016-10-07 17:49:37 (1.59 MB/s) - ‘average (adjective).mp3’ saved [327262/327262]

--2016-10-07 17:49:37--  http://www.voanews.com/MediaAssets2/classroom/interactive_learning/interactive_wordbook/deploy/audio/avoid%20(verb).mp3
Reusing existing connection to www.voanews.com:80.
HTTP request sent, awaiting response... 200 OK
Length: 286720 (280K) [audio/mpeg]
Saving to: ‘avoid (verb).mp3’

     0K .......... .......... .......... .......... .......... 17% 1.44M 0s
    50K .......... .......... .......... .......... .......... 35% 1.77M 0s
   100K .......... .......... .......... .......... .......... 53% 3.64M 0s
   150K .......... .......... .......... .......... .......... 71% 1.64M 0s
   200K .......... .......... .......... .......... .......... 89% 1.36M 0s
   250K .......... .......... ..........                      100% 3.57M=0.1s

2016-10-07 17:49:38 (1.84 MB/s) - ‘avoid (verb).mp3’ saved [286720/286720]

--2016-10-07 17:49:38--  http://www.voanews.com/MediaAssets2/classroom/interactive_learning/interactive_wordbook/deploy/audio/awake%20(adjective).mp3
Reusing existing connection to www.voanews.com:80.
HTTP request sent, awaiting response... 200 OK
Length: 294243 (287K) [audio/mpeg]
Saving to: ‘awake (adjective).mp3’

     0K .......... .......... .......... .......... .......... 17% 3.58M 0s
    50K .......... .......... .......... .......... .......... 34% 1.37M 0s
   100K .......... .......... .......... .......... .......... 52% 1.54M 0s
   150K .......... .......... .......... .......... .......... 69% 2.62M 0s
   200K .......... .......... .......... .......... .......... 87%  857K 0s
   250K .......... .......... .......... .......              100% 5.26M=0.2s

2016-10-07 17:49:39 (1.70 MB/s) - ‘awake (adjective).mp3’ saved [294243/294243]

--2016-10-07 17:49:39--  http://www.voanews.com/MediaAssets2/classroom/interactive_learning/interactive_wordbook/deploy/audio/award%20(noun).mp3
Reusing existing connection to www.voanews.com:80.
HTTP request sent, awaiting response... 200 OK
Length: 349414 (341K) [audio/mpeg]
Saving to: ‘award (noun).mp3’

     0K .......... .......... .......... .......... .......... 14%  799K 0s
    50K .......... .......... .......... .......... .......... 29%  691K 0s
   100K .......... .......... .......... .......... .......... 43%  846K 0s
   150K .......... .......... .......... .......... .......... 58%  777K 0s
   200K .......... .......... .......... .......... .......... 73%  804K 0s
   250K .......... .......... .......... .......... .......... 87%  632K 0s
   300K .......... .......... .......... .......... .         100%  744K=0.5s

2016-10-07 17:49:40 (750 KB/s) - ‘award (noun).mp3’ saved [349414/349414]

--2016-10-07 17:49:40--  http://www.voanews.com/MediaAssets2/classroom/interactive_learning/interactive_wordbook/deploy/audio/away%20(adverb).mp3
Reusing existing connection to www.voanews.com:80.
HTTP request sent, awaiting response... 200 OK
Length: 89568 (87K) [audio/mpeg]
Saving to: ‘away (adverb).mp3’

     0K .......... .......... .......... .......... .......... 57%  888K 0s
    50K .......... .......... .......... .......              100%  959K=0.1s

2016-10-07 17:49:40 (917 KB/s) - ‘away (adverb).mp3’ saved [89568/89568]

--2016-10-07 17:49:40--  http://www.voanews.com/MediaAssets2/classroom/interactive_learning/interactive_wordbook/deploy/audio/back%20(noun).mp3
Reusing existing connection to www.voanews.com:80.
HTTP request sent, awaiting response... 200 OK
Length: 123456 (121K) [audio/mpeg]
Saving to: ‘back (noun).mp3’

     0K .......... .......... .......... .......... .......... 41%  608K 0s
    50K .......... .......... .......... .......... .......... 82%  785K 0s
   100K .......... ..........                                 100% 1.16M=0.2s

2016-10-07 17:49:40 (738 KB/s) - ‘back (noun).mp3’ saved [123456/123456]

--2016-10-07 17:49:40--  http://www.voanews.com/MediaAssets2/classroom/interactive_learning/interactive_wordbook/deploy/audio/bacteria%20(plural%20of%20bacterium)%20(noun).mp3
Reusing existing connection to www.voanews.com:80.
HTTP request sent, awaiting response... 200 OK
Length: 99648 (97K) [audio/mpeg]
Saving to: ‘bacteria (plural of bacterium) (noun).mp3’

     0K .......... .......... .......... .......... .......... 51% 1.05M 0s
    50K .......... .......... .......... .......... .......   100%  759K=0.1s

2016-10-07 17:49:41 (893 KB/s) - ‘bacteria (plural of bacterium) (noun).mp3’ saved [99648/99648]

--2016-10-07 17:49:41--  http://www.voanews.com/MediaAssets2/classroom/interactive_learning/interactive_wordbook/deploy/audio/balance%20(verb).mp3
Reusing existing connection to www.voanews.com:80.
HTTP request sent, awaiting response... 200 OK
Length: 375327 (367K) [audio/mpeg]
Saving to: ‘balance (verb).mp3’

     0K .......... .......... .......... .......... .......... 13%  680K 0s
    50K .......... .......... .......... .......... .......... 27% 1.01M 0s
   100K .......... .......... .......... .......... .......... 40% 1.07M 0s
   150K .......... .......... .......... .......... .......... 54% 1.48M 0s
   200K .......... .......... .......... .......... .......... 68% 1.04M 0s
   250K .......... .......... .......... .......... .......... 81% 1.31M 0s
   300K .......... .......... .......... .......... .......... 95% 1.29M 0s
   350K .......... ......                                     100% 2.92M=0.3s

2016-10-07 17:49:42 (1.09 MB/s) - ‘balance (verb).mp3’ saved [375327/375327]

--2016-10-07 17:49:42--  http://www.voanews.com/MediaAssets2/classroom/interactive_learning/interactive_wordbook/deploy/audio/ballot%20(noun).mp3
Reusing existing connection to www.voanews.com:80.
HTTP request sent, awaiting response... 200 OK
Length: 288810 (282K) [audio/mpeg]
Saving to: ‘ballot (noun).mp3’

     0K .......... .......... .......... .......... .......... 17% 1.91M 0s
    50K .......... .......... .......... .......... .......... 35% 1.01M 0s
   100K .......... .......... .......... .......... .......... 53% 1.03M 0s
   150K .......... .......... .......... .......... .......... 70% 1.06M 0s
   200K .......... .......... .......... .......... .......... 88% 3.52M 0s
   250K .......... .......... .......... ..                   100% 1.43M=0.2s

2016-10-07 17:49:42 (1.35 MB/s) - ‘ballot (noun).mp3’ saved [288810/288810]

--2016-10-07 17:49:42--  http://www.voanews.com/MediaAssets2/classroom/interactive_learning/interactive_wordbook/deploy/audio/ban%20(verb).mp3
Reusing existing connection to www.voanews.com:80.
HTTP request sent, awaiting response... 200 OK
Length: 85104 (83K) [audio/mpeg]
Saving to: ‘ban (verb).mp3’

     0K .......... .......... .......... .......... .......... 60%  905K 0s
    50K .......... .......... .......... ...                  100%  712K=0.1s

2016-10-07 17:49:43 (817 KB/s) - ‘ban (verb).mp3’ saved [85104/85104]

--2016-10-07 17:49:43--  http://www.voanews.com/MediaAssets2/classroom/interactive_learning/interactive_wordbook/deploy/audio/bank%20(noun).mp3
Reusing existing connection to www.voanews.com:80.
HTTP request sent, awaiting response... 200 OK
Length: 254955 (249K) [audio/mpeg]
Saving to: ‘bank (noun).mp3’

     0K .......... .......... .......... .......... .......... 20% 1.49M 0s
    50K .......... .......... .......... .......... .......... 40%  731K 0s
   100K .......... .......... .......... .......... .......... 60%  632K 0s
   150K .......... .......... .......... .......... .......... 80%  475K 0s
   200K .......... .......... .......... .......... ........  100%  358K=0.4s

2016-10-07 17:49:43 (589 KB/s) - ‘bank (noun).mp3’ saved [254955/254955]

--2016-10-07 17:49:43--  http://www.voanews.com/MediaAssets2/classroom/interactive_learning/interactive_wordbook/deploy/audio/bar%20(verb).mp3
Reusing existing connection to www.voanews.com:80.
HTTP request sent, awaiting response... 200 OK
Length: 304692 (298K) [audio/mpeg]
Saving to: ‘bar (verb).mp3’

     0K .......... .......... .......... .......... .......... 16%  878K 0s
    50K .......... .......... .......... .......... .......... 33%  699K 0s
   100K .......... .......... .......... .......... .......... 50%  694K 0s
   150K .......... .......... .......... .......... .......... 67% 1.17M 0s
   200K .......... .......... .......... .......... .......... 84%  992K 0s
   250K .......... .......... .......... .......... .......   100% 1.52M=0.3s

2016-10-07 17:49:44 (920 KB/s) - ‘bar (verb).mp3’ saved [304692/304692]

--2016-10-07 17:49:44--  http://www.voanews.com/MediaAssets2/classroom/interactive_learning/interactive_wordbook/deploy/audio/beauty%20(noun).mp3
Reusing existing connection to www.voanews.com:80.
HTTP request sent, awaiting response... 200 OK
Length: 282958 (276K) [audio/mpeg]
Saving to: ‘beauty (noun).mp3’

     0K .......... .......... .......... .......... .......... 18% 2.75M 0s
    50K .......... .......... .......... .......... .......... 36% 1.14M 0s
   100K .......... .......... .......... .......... .......... 54% 1.29M 0s
   150K .......... .......... .......... .......... .......... 72% 1.24M 0s
   200K .......... .......... .......... .......... .......... 90% 1.06M 0s
   250K .......... .......... ......                          100% 2.09M=0.2s

2016-10-07 17:49:44 (1.38 MB/s) - ‘beauty (noun).mp3’ saved [282958/282958]

--2016-10-07 17:49:44--  http://www.voanews.com/MediaAssets2/classroom/interactive_learning/interactive_wordbook/deploy/audio/because%20(conjunction).mp3
Reusing existing connection to www.voanews.com:80.
HTTP request sent, awaiting response... 200 OK
Length: 292989 (286K) [audio/mpeg]
Saving to: ‘because (conjunction).mp3’

     0K .......... .......... .......... .......... .......... 17% 2.34M 0s
    50K .......... .......... .......... .......... .......... 34% 1.21M 0s
   100K .......... .......... .......... .......... .......... 52% 1.23M 0s
   150K .......... .......... .......... .......... .......... 69%  928K 0s
   200K .......... .......... .......... .......... .......... 87% 2.91M 0s
   250K .......... .......... .......... ......               100% 1.13M=0.2s

2016-10-07 17:49:45 (1.38 MB/s) - ‘because (conjunction).mp3’ saved [292989/292989]

--2016-10-07 17:49:45--  http://www.voanews.com/MediaAssets2/classroom/interactive_learning/interactive_wordbook/deploy/audio/bed%20(noun).mp3
Reusing existing connection to www.voanews.com:80.
HTTP request sent, awaiting response... 200 OK
Length: 63648 (62K) [audio/mpeg]
Saving to: ‘bed (noun).mp3’

     0K .......... .......... .......... .......... .......... 80% 3.43M 0s
    50K .......... ..                                         100%  620K=0.03s

2016-10-07 17:49:45 (1.79 MB/s) - ‘bed (noun).mp3’ saved [63648/63648]

--2016-10-07 17:49:45--  http://www.voanews.com/MediaAssets2/classroom/interactive_learning/interactive_wordbook/deploy/audio/behind%20(adverb).mp3
Reusing existing connection to www.voanews.com:80.
HTTP request sent, awaiting response... 200 OK
Length: 107568 (105K) [audio/mpeg]
Saving to: ‘behind (adverb).mp3’

     0K .......... .......... .......... .......... .......... 47% 1.05M 0s
    50K .......... .......... .......... .......... .......... 95% 1.71M 0s
   100K .....                                                 100% 2.40M=0.08s

2016-10-07 17:49:46 (1.33 MB/s) - ‘behind (adverb).mp3’ saved [107568/107568]

--2016-10-07 17:49:46--  http://www.voanews.com/MediaAssets2/classroom/interactive_learning/interactive_wordbook/deploy/audio/belong%20(verb).mp3
Reusing existing connection to www.voanews.com:80.
HTTP request sent, awaiting response... 200 OK
Length: 129168 (126K) [audio/mpeg]
Saving to: ‘belong (verb).mp3’

     0K .......... .......... .......... .......... .......... 39% 1.07M 0s
    50K .......... .......... .......... .......... .......... 79% 1.22M 0s
   100K .......... .......... ......                          100%  465K=0.1s

2016-10-07 17:49:46 (890 KB/s) - ‘belong (verb).mp3’ saved [129168/129168]

--2016-10-07 17:49:46--  http://www.voanews.com/MediaAssets2/classroom/interactive_learning/interactive_wordbook/deploy/audio/below%20(preposition).mp3
Reusing existing connection to www.voanews.com:80.
HTTP request sent, awaiting response... 200 OK
Length: 320993 (313K) [audio/mpeg]
Saving to: ‘below (preposition).mp3’

     0K .......... .......... .......... .......... .......... 15% 2.61M 0s
    50K .......... .......... .......... .......... .......... 31% 1.88M 0s
   100K .......... .......... .......... .......... .......... 47%  591K 0s
   150K .......... .......... .......... .......... .......... 63%  930K 0s
   200K .......... .......... .......... .......... .......... 79% 1.18M 0s
   250K .......... .......... .......... .......... .......... 95%  814K 0s
   300K .......... ...                                        100% 19.1M=0.3s

2016-10-07 17:49:47 (1.07 MB/s) - ‘below (preposition).mp3’ saved [320993/320993]

--2016-10-07 17:49:47--  http://www.voanews.com/MediaAssets2/classroom/interactive_learning/interactive_wordbook/deploy/audio/best%20(adjective).mp3
Reusing existing connection to www.voanews.com:80.
HTTP request sent, awaiting response... 200 OK
Length: 320993 (313K) [audio/mpeg]
Saving to: ‘best (adjective).mp3’

     0K .......... .......... .......... .......... .......... 15% 1.58M 0s
    50K .......... .......... .......... .......... .......... 31%  712K 0s
   100K .......... .......... .......... .......... .......... 47%  731K 0s
   150K .......... .......... .......... .......... .......... 63%  913K 0s
   200K .......... .......... .......... .......... .......... 79%  727K 0s
   250K .......... .......... .......... .......... .......... 95% 1.07M 0s
   300K .......... ...                                        100% 2.32M=0.3s

2016-10-07 17:49:48 (910 KB/s) - ‘best (adjective).mp3’ saved [320993/320993]

--2016-10-07 17:49:48--  http://www.voanews.com/MediaAssets2/classroom/interactive_learning/interactive_wordbook/deploy/audio/between%20(preposition).mp3
Reusing existing connection to www.voanews.com:80.
HTTP request sent, awaiting response... 200 OK
Length: 335203 (327K) [audio/mpeg]
Saving to: ‘between (preposition).mp3’

     0K .......... .......... .......... .......... .......... 15% 1.09M 0s
    50K .......... .......... .......... .......... .......... 30%  764K 0s
   100K .......... .......... .......... .......... .......... 45% 1.19M 0s
   150K .......... .......... .......... .......... .......... 61%  732K 0s
   200K .......... .......... .......... .......... .......... 76%  634K 0s
   250K .......... .......... .......... .......... .......... 91% 1.14M 0s
   300K .......... .......... .......                         100%  715K=0.4s

2016-10-07 17:49:48 (863 KB/s) - ‘between (preposition).mp3’ saved [335203/335203]

--2016-10-07 17:49:48--  http://www.voanews.com/MediaAssets2/classroom/interactive_learning/interactive_wordbook/deploy/audio/bill%20(noun).mp3
Reusing existing connection to www.voanews.com:80.
HTTP request sent, awaiting response... 200 OK
Length: 103824 (101K) [audio/mpeg]
Saving to: ‘bill (noun).mp3’

     0K .......... .......... .......... .......... .......... 49% 1.33M 0s
    50K .......... .......... .......... .......... .......... 98%  810K 0s
   100K .                                                     100% 2652G=0.1s

2016-10-07 17:49:49 (1.00 MB/s) - ‘bill (noun).mp3’ saved [103824/103824]

--2016-10-07 17:49:49--  http://www.voanews.com/MediaAssets2/classroom/interactive_learning/interactive_wordbook/deploy/audio/biology%20(noun).mp3
Reusing existing connection to www.voanews.com:80.
HTTP request sent, awaiting response... 200 OK
Length: 373656 (365K) [audio/mpeg]
Saving to: ‘biology (noun).mp3’

     0K .......... .......... .......... .......... .......... 13%  876K 0s
    50K .......... .......... .......... .......... .......... 27% 1.16M 0s
   100K .......... .......... .......... .......... .......... 41%  574K 0s
   150K .......... .......... .......... .......... .......... 54%  930K 0s
   200K .......... .......... .......... .......... .......... 68%  596K 0s
   250K .......... .......... .......... .......... .......... 82%  811K 0s
   300K .......... .......... .......... .......... .......... 95% 1.07M 0s
   350K .......... ....                                       100% 1.08M=0.4s

2016-10-07 17:49:50 (820 KB/s) - ‘biology (noun).mp3’ saved [373656/373656]

--2016-10-07 17:49:50--  http://www.voanews.com/MediaAssets2/classroom/interactive_learning/interactive_wordbook/deploy/audio/bird%20(noun).mp3
Reusing existing connection to www.voanews.com:80.
HTTP request sent, awaiting response... 200 OK
Length: 77184 (75K) [audio/mpeg]
Saving to: ‘bird (noun).mp3’

     0K .......... .......... .......... .......... .......... 66%  526K 0s
    50K .......... .......... .....                           100% 2.01M=0.1s

2016-10-07 17:49:50 (701 KB/s) - ‘bird (noun).mp3’ saved [77184/77184]

--2016-10-07 17:49:50--  http://www.voanews.com/MediaAssets2/classroom/interactive_learning/interactive_wordbook/deploy/audio/blame%20(verb).mp3
Reusing existing connection to www.voanews.com:80.
HTTP request sent, awaiting response... 200 OK
Length: 86256 (84K) [audio/mpeg]
Saving to: ‘blame (verb).mp3’

     0K .......... .......... .......... .......... .......... 59% 1.20M 0s
    50K .......... .......... .......... ....                 100% 1.21M=0.07s

2016-10-07 17:49:51 (1.20 MB/s) - ‘blame (verb).mp3’ saved [86256/86256]

--2016-10-07 17:49:51--  http://www.voanews.com/MediaAssets2/classroom/interactive_learning/interactive_wordbook/deploy/audio/bleed%20(verb).mp3
Reusing existing connection to www.voanews.com:80.
HTTP request sent, awaiting response... 200 OK
Length: 61344 (60K) [audio/mpeg]
Saving to: ‘bleed (verb).mp3’

     0K .......... .......... .......... .......... .......... 83%  867K 0s
    50K .........                                             100% 1.73M=0.06s

2016-10-07 17:49:51 (947 KB/s) - ‘bleed (verb).mp3’ saved [61344/61344]

--2016-10-07 17:49:51--  http://www.voanews.com/MediaAssets2/classroom/interactive_learning/interactive_wordbook/deploy/audio/blind%20(adjective).mp3
Reusing existing connection to www.voanews.com:80.
HTTP request sent, awaiting response... 200 OK
Length: 82224 (80K) [audio/mpeg]
Saving to: ‘blind (adjective).mp3’

     0K .......... .......... .......... .......... .......... 62%  686K 0s
    50K .......... .......... ..........                      100% 1.23M=0.1s

2016-10-07 17:49:52 (829 KB/s) - ‘blind (adjective).mp3’ saved [82224/82224]

--2016-10-07 17:49:52--  http://www.voanews.com/MediaAssets2/classroom/interactive_learning/interactive_wordbook/deploy/audio/block%20(verb).mp3
Reusing existing connection to www.voanews.com:80.
HTTP request sent, awaiting response... 200 OK
Length: 326426 (319K) [audio/mpeg]
Saving to: ‘block (verb).mp3’

     0K .......... .......... .......... .......... .......... 15% 1.02M 0s
    50K .......... .......... .......... .......... .......... 31%  985K 0s
   100K .......... .......... .......... .......... .......... 47% 1.18M 0s
   150K .......... .......... .......... .......... .......... 62%  157K 0s
   200K .......... .......... .......... .......... .......... 78%  966K 0s
   250K .......... .......... .......... .......... .......... 94%  729K 0s
   300K .......... ........                                   100% 5.78M=0.6s

2016-10-07 17:49:52 (548 KB/s) - ‘block (verb).mp3’ saved [326426/326426]

--2016-10-07 17:49:52--  http://www.voanews.com/MediaAssets2/classroom/interactive_learning/interactive_wordbook/deploy/audio/blow%20(verb).mp3
Reusing existing connection to www.voanews.com:80.
HTTP request sent, awaiting response... 200 OK
Length: 73728 (72K) [audio/mpeg]
Saving to: ‘blow (verb).mp3’

     0K .......... .......... .......... .......... .......... 69% 2.63M 0s
    50K .......... .......... ..                              100%  832K=0.04s

2016-10-07 17:49:53 (1.56 MB/s) - ‘blow (verb).mp3’ saved [73728/73728]

--2016-10-07 17:49:53--  http://www.voanews.com/MediaAssets2/classroom/interactive_learning/interactive_wordbook/deploy/audio/boat%20(noun).mp3
Reusing existing connection to www.voanews.com:80.
HTTP request sent, awaiting response... 200 OK
Length: 256627 (251K) [audio/mpeg]
Saving to: ‘boat (noun).mp3’

     0K .......... .......... .......... .......... .......... 19%  617K 0s
    50K .......... .......... .......... .......... .......... 39% 1.01M 0s
   100K .......... .......... .......... .......... .......... 59%  882K 0s
   150K .......... .......... .......... .......... .......... 79%  912K 0s
   200K .......... .......... .......... .......... .......... 99%  734K 0s
   250K                                                       100%  155K=0.3s

2016-10-07 17:49:54 (800 KB/s) - ‘boat (noun).mp3’ saved [256627/256627]

--2016-10-07 17:49:54--  http://www.voanews.com/MediaAssets2/classroom/interactive_learning/interactive_wordbook/deploy/audio/boil%20(verb).mp3
Reusing existing connection to www.voanews.com:80.
HTTP request sent, awaiting response... 200 OK
Length: 253701 (248K) [audio/mpeg]
Saving to: ‘boil (verb).mp3’

     0K .......... .......... .......... .......... .......... 20%  558K 0s
    50K .......... .......... .......... .......... .......... 40%  873K 0s
   100K .......... .......... .......... .......... .......... 60%  909K 0s
   150K .......... .......... .......... .......... .......... 80%  740K 0s
   200K .......... .......... .......... .......... .......   100% 1.07M=0.3s

2016-10-07 17:49:54 (792 KB/s) - ‘boil (verb).mp3’ saved [253701/253701]

--2016-10-07 17:49:54--  http://www.voanews.com/MediaAssets2/classroom/interactive_learning/interactive_wordbook/deploy/audio/bone%20(noun).mp3
Reusing existing connection to www.voanews.com:80.
HTTP request sent, awaiting response... 200 OK
Length: 78048 (76K) [audio/mpeg]
Saving to: ‘bone (noun).mp3’

     0K .......... .......... .......... .......... .......... 65% 1.10M 0s
    50K .......... .......... ......                          100%  737K=0.08s

2016-10-07 17:49:55 (955 KB/s) - ‘bone (noun).mp3’ saved [78048/78048]

--2016-10-07 17:49:55--  http://www.voanews.com/MediaAssets2/classroom/interactive_learning/interactive_wordbook/deploy/audio/border%20(noun).mp3
Reusing existing connection to www.voanews.com:80.
HTTP request sent, awaiting response... 200 OK
Length: 117360 (115K) [audio/mpeg]
Saving to: ‘border (noun).mp3’

     0K .......... .......... .......... .......... .......... 43%  795K 0s
    50K .......... .......... .......... .......... .......... 87%  710K 0s
   100K .......... ....                                       100% 1.10M=0.1s

2016-10-07 17:49:55 (784 KB/s) - ‘border (noun).mp3’ saved [117360/117360]

--2016-10-07 17:49:55--  http://www.voanews.com/MediaAssets2/classroom/interactive_learning/interactive_wordbook/deploy/audio/born%20(verb).mp3
Reusing existing connection to www.voanews.com:80.
HTTP request sent, awaiting response... 200 OK
Length: 60384 (59K) [audio/mpeg]
Saving to: ‘born (verb).mp3’

     0K .......... .......... .......... .......... .......... 84%  848K 0s
    50K ........                                              100% 1.53M=0.06s

2016-10-07 17:49:56 (912 KB/s) - ‘born (verb).mp3’ saved [60384/60384]

--2016-10-07 17:49:56--  http://www.voanews.com/MediaAssets2/classroom/interactive_learning/interactive_wordbook/deploy/audio/bottle%20(noun).mp3
Reusing existing connection to www.voanews.com:80.
HTTP request sent, awaiting response... 200 OK
Length: 254955 (249K) [audio/mpeg]
Saving to: ‘bottle (noun).mp3’

     0K .......... .......... .......... .......... .......... 20%  831K 0s
    50K .......... .......... .......... .......... .......... 40%  836K 0s
   100K .......... .......... .......... .......... .......... 60% 1002K 0s
   150K .......... .......... .......... .......... .......... 80%  837K 0s
   200K .......... .......... .......... .......... ........  100% 1.22M=0.3s

2016-10-07 17:49:56 (926 KB/s) - ‘bottle (noun).mp3’ saved [254955/254955]

--2016-10-07 17:49:56--  http://www.voanews.com/MediaAssets2/classroom/interactive_learning/interactive_wordbook/deploy/audio/bottom%20(noun).mp3
Reusing existing connection to www.voanews.com:80.
HTTP request sent, awaiting response... 200 OK
Length: 341099 (333K) [audio/mpeg]
Saving to: ‘bottom (noun).mp3’

     0K .......... .......... .......... .......... .......... 15% 1.30M 0s
    50K .......... .......... .......... .......... .......... 30% 1.54M 0s
   100K .......... .......... .......... .......... .......... 45% 1.11M 0s
   150K .......... .......... .......... .......... .......... 60% 1014K 0s
   200K .......... .......... .......... .......... .......... 75%  746K 0s
   250K .......... .......... .......... .......... .......... 90% 1010K 0s
   300K .......... .......... .......... ...                  100% 1.09M=0.3s

2016-10-07 17:49:57 (1.05 MB/s) - ‘bottom (noun).mp3’ saved [341099/341099]

--2016-10-07 17:49:57--  http://www.voanews.com/MediaAssets2/classroom/interactive_learning/interactive_wordbook/deploy/audio/box%20(noun).mp3
Reusing existing connection to www.voanews.com:80.
HTTP request sent, awaiting response... 200 OK
Length: 317231 (310K) [audio/mpeg]
Saving to: ‘box (noun).mp3’

     0K .......... .......... .......... .......... .......... 16%  439K 1s
    50K .......... .......... .......... .......... .......... 32%  664K 0s
   100K .......... .......... .......... .......... .......... 48%  679K 0s
   150K .......... .......... .......... .......... .......... 64%  785K 0s
   200K .......... .......... .......... .......... .......... 80% 1.04M 0s
   250K .......... .......... .......... .......... .......... 96%  815K 0s
   300K .........                                             100% 1.61M=0.4s

2016-10-07 17:49:58 (703 KB/s) - ‘box (noun).mp3’ saved [317231/317231]

--2016-10-07 17:49:58--  http://www.voanews.com/MediaAssets2/classroom/interactive_learning/interactive_wordbook/deploy/audio/boycott%20(verb).mp3
Reusing existing connection to www.voanews.com:80.
HTTP request sent, awaiting response... 200 OK
Length: 128016 (125K) [audio/mpeg]
Saving to: ‘boycott (verb).mp3’

     0K .......... .......... .......... .......... .......... 39%  797K 0s
    50K .......... .......... .......... .......... .......... 79% 1.21M 0s
   100K .......... .......... .....                           100% 1.46M=0.1s

2016-10-07 17:49:59 (1.02 MB/s) - ‘boycott (verb).mp3’ saved [128016/128016]

--2016-10-07 17:49:59--  http://www.voanews.com/MediaAssets2/classroom/interactive_learning/interactive_wordbook/deploy/audio/brain%20(noun).mp3
Reusing existing connection to www.voanews.com:80.
HTTP request sent, awaiting response... 200 OK
Length: 402913 (393K) [audio/mpeg]
Saving to: ‘brain (noun).mp3’

     0K .......... .......... .......... .......... .......... 12%  910K 0s
    50K .......... .......... .......... .......... .......... 25%  970K 0s
   100K .......... .......... .......... .......... .......... 38% 1.18M 0s
   150K .......... .......... .......... .......... .......... 50%  781K 0s
   200K .......... .......... .......... .......... .......... 63% 1.72M 0s
   250K .......... .......... .......... .......... .......... 76% 1.54M 0s
   300K .......... .......... .......... .......... .......... 88%  791K 0s
   350K .......... .......... .......... .......... ...       100%  933K=0.4s

2016-10-07 17:49:59 (1.01 MB/s) - ‘brain (noun).mp3’ saved [402913/402913]

--2016-10-07 17:49:59--  http://www.voanews.com/MediaAssets2/classroom/interactive_learning/interactive_wordbook/deploy/audio/brave%20(adjective).mp3
Reusing existing connection to www.voanews.com:80.
HTTP request sent, awaiting response... 200 OK
Length: 343980 (336K) [audio/mpeg]
Saving to: ‘brave (adjective).mp3’

     0K .......... .......... .......... .......... .......... 14% 1.15M 0s
    50K .......... .......... .......... .......... .......... 29%  394K 0s
   100K .......... .......... .......... .......... .......... 44%  879K 0s
   150K .......... .......... .......... .......... .......... 59% 1.01M 0s
   200K .......... .......... .......... .......... .......... 74% 1.32M 0s
   250K .......... .......... .......... .......... .......... 89% 1.13M 0s
   300K .......... .......... .......... .....                100%  832K=0.4s

2016-10-07 17:50:00 (843 KB/s) - ‘brave (adjective).mp3’ saved [343980/343980]

--2016-10-07 17:50:00--  http://www.voanews.com/MediaAssets2/classroom/interactive_learning/interactive_wordbook/deploy/audio/break%20(verb).mp3
Reusing existing connection to www.voanews.com:80.
HTTP request sent, awaiting response... 200 OK
Length: 82944 (81K) [audio/mpeg]
Saving to: ‘break (verb).mp3’

     0K .......... .......... .......... .......... .......... 61% 1.04M 0s
    50K .......... .......... .......... .                    100%  128K=0.3s

2016-10-07 17:50:01 (281 KB/s) - ‘break (verb).mp3’ saved [82944/82944]

--2016-10-07 17:50:01--  http://www.voanews.com/MediaAssets2/classroom/interactive_learning/interactive_wordbook/deploy/audio/breathe%20(verb).mp3
Reusing existing connection to www.voanews.com:80.
HTTP request sent, awaiting response... 200 OK
Length: 97632 (95K) [audio/mpeg]
Saving to: ‘breathe (verb).mp3’

     0K .......... .......... .......... .......... .......... 52%  150K 0s
    50K .......... .......... .......... .......... .....     100% 76.6K=0.9s

2016-10-07 17:50:02 (103 KB/s) - ‘breathe (verb).mp3’ saved [97632/97632]

--2016-10-07 17:50:02--  http://www.voanews.com/MediaAssets2/classroom/interactive_learning/interactive_wordbook/deploy/audio/bridge%20(noun).mp3
Reusing existing connection to www.voanews.com:80.
HTTP request sent, awaiting response... 200 OK
Length: 89568 (87K) [audio/mpeg]
Saving to: ‘bridge (noun).mp3’

     0K .......... .......... .......... .......... .......... 57%  187K 0s
    50K .......... .......... .......... .......              100%  827K=0.3s

2016-10-07 17:50:04 (279 KB/s) - ‘bridge (noun).mp3’ saved [89568/89568]

--2016-10-07 17:50:04--  http://www.voanews.com/MediaAssets2/classroom/interactive_learning/interactive_wordbook/deploy/audio/brief%20(adjective).mp3
Reusing existing connection to www.voanews.com:80.
HTTP request sent, awaiting response... 200 OK
Length: 310126 (303K) [audio/mpeg]
Saving to: ‘brief (adjective).mp3’

     0K .......... .......... .......... .......... .......... 16%  716K 0s
    50K .......... .......... .......... .......... .......... 33%  678K 0s
   100K .......... .......... .......... .......... .......... 49%  666K 0s
   150K .......... .......... .......... .......... .......... 66%  842K 0s
   200K .......... .......... .......... .......... .......... 82%  613K 0s
   250K .......... .......... .......... .......... .......... 99%  745K 0s
   300K ..                                                    100% 2.25M=0.4s

2016-10-07 17:50:05 (708 KB/s) - ‘brief (adjective).mp3’ saved [310126/310126]

--2016-10-07 17:50:05--  http://www.voanews.com/MediaAssets2/classroom/interactive_learning/interactive_wordbook/deploy/audio/bright%20(adjective).mp3
Reusing existing connection to www.voanews.com:80.
HTTP request sent, awaiting response... 200 OK
Length: 130464 (127K) [audio/mpeg]
Saving to: ‘bright (adjective).mp3’

     0K .......... .......... .......... .......... .......... 39%  233K 0s
    50K .......... .......... .......... .......... .......... 78%  628K 0s
   100K .......... .......... .......                         100%  656K=0.3s

2016-10-07 17:50:05 (379 KB/s) - ‘bright (adjective).mp3’ saved [130464/130464]

--2016-10-07 17:50:05--  http://www.voanews.com/MediaAssets2/classroom/interactive_learning/interactive_wordbook/deploy/audio/bring%20(verb).mp3
Reusing existing connection to www.voanews.com:80.
HTTP request sent, awaiting response... 200 OK
Length: 333949 (326K) [audio/mpeg]
Saving to: ‘bring (verb).mp3’

     0K .......... .......... .......... .......... .......... 15%  661K 0s
    50K .......... .......... .......... .......... .......... 30%  697K 0s
   100K .......... .......... .......... .......... .......... 45%  923K 0s
   150K .......... .......... .......... .......... .......... 61%  693K 0s
   200K .......... .......... .......... .......... .......... 76%  801K 0s
   250K .......... .......... .......... .......... .......... 91%  742K 0s
   300K .......... .......... ......                          100%  896K=0.4s

2016-10-07 17:50:06 (754 KB/s) - ‘bring (verb).mp3’ saved [333949/333949]

--2016-10-07 17:50:06--  http://www.voanews.com/MediaAssets2/classroom/interactive_learning/interactive_wordbook/deploy/audio/broadcast%20(verb).mp3
Reusing existing connection to www.voanews.com:80.
HTTP request sent, awaiting response... 200 OK
Length: 95040 (93K) [audio/mpeg]
Saving to: ‘broadcast (verb).mp3’

     0K .......... .......... .......... .......... .......... 53%  973K 0s
    50K .......... .......... .......... .......... ..        100%  760K=0.1s

2016-10-07 17:50:07 (862 KB/s) - ‘broadcast (verb).mp3’ saved [95040/95040]

--2016-10-07 17:50:07--  http://www.voanews.com/MediaAssets2/classroom/interactive_learning/interactive_wordbook/deploy/audio/budget%20(noun).mp3
Reusing existing connection to www.voanews.com:80.
HTTP request sent, awaiting response... 200 OK
Length: 272927 (267K) [audio/mpeg]
Saving to: ‘budget (noun).mp3’

     0K .......... .......... .......... .......... .......... 18%  888K 0s
    50K .......... .......... .......... .......... .......... 37%  873K 0s
   100K .......... .......... .......... .......... .......... 56%  959K 0s
   150K .......... .......... .......... .......... .......... 75%  774K 0s
   200K .......... .......... .......... .......... .......... 93%  869K 0s
   250K .......... ......                                     100% 1.34M=0.3s

2016-10-07 17:50:07 (889 KB/s) - ‘budget (noun).mp3’ saved [272927/272927]

--2016-10-07 17:50:07--  http://www.voanews.com/MediaAssets2/classroom/interactive_learning/interactive_wordbook/deploy/audio/build%20(verb).mp3
Reusing existing connection to www.voanews.com:80.
HTTP request sent, awaiting response... 200 OK
Length: 305946 (299K) [audio/mpeg]
Saving to: ‘build (verb).mp3’

     0K .......... .......... .......... .......... .......... 16%  721K 0s
    50K .......... .......... .......... .......... .......... 33%  743K 0s
   100K .......... .......... .......... .......... .......... 50% 1.38M 0s
   150K .......... .......... .......... .......... .......... 66% 1.08M 0s
   200K .......... .......... .......... .......... .......... 83% 1.10M 0s
   250K .......... .......... .......... .......... ........  100% 1.74M=0.3s

2016-10-07 17:50:08 (1.01 MB/s) - ‘build (verb).mp3’ saved [305946/305946]

--2016-10-07 17:50:08--  http://www.voanews.com/MediaAssets2/classroom/interactive_learning/interactive_wordbook/deploy/audio/burn%20(verb).mp3
Reusing existing connection to www.voanews.com:80.
HTTP request sent, awaiting response... 200 OK
Length: 146304 (143K) [audio/mpeg]
Saving to: ‘burn (verb).mp3’

     0K .......... .......... .......... .......... .......... 34% 1.52M 0s
    50K .......... .......... .......... .......... .......... 69% 1.35M 0s
   100K .......... .......... .......... .......... ..        100% 1.55M=0.1s

2016-10-07 17:50:08 (1.46 MB/s) - ‘burn (verb).mp3’ saved [146304/146304]

--2016-10-07 17:50:08--  http://www.voanews.com/MediaAssets2/classroom/interactive_learning/interactive_wordbook/deploy/audio/burst%20(verb).mp3
Reusing existing connection to www.voanews.com:80.
HTTP request sent, awaiting response... 200 OK
Length: 234057 (229K) [audio/mpeg]
Saving to: ‘burst (verb).mp3’

     0K .......... .......... .......... .......... .......... 21% 1.15M 0s
    50K .......... .......... .......... .......... .......... 43%  480K 0s
   100K .......... .......... .......... .......... .......... 65%  297K 0s
   150K .......... .......... .......... .......... .......... 87%  491K 0s
   200K .......... .......... ........                        100%  547K=0.5s

2016-10-07 17:50:09 (488 KB/s) - ‘burst (verb).mp3’ saved [234057/234057]

--2016-10-07 17:50:09--  http://www.voanews.com/MediaAssets2/classroom/interactive_learning/interactive_wordbook/deploy/audio/bury%20(verb).mp3
Reusing existing connection to www.voanews.com:80.
HTTP request sent, awaiting response... 200 OK
Length: 75168 (73K) [audio/mpeg]
Saving to: ‘bury (verb).mp3’

     0K .......... .......... .......... .......... .......... 68%  938K 0s
    50K .......... .......... ...                             100% 1.46M=0.07s

2016-10-07 17:50:09 (1.04 MB/s) - ‘bury (verb).mp3’ saved [75168/75168]

--2016-10-07 17:50:09--  http://www.voanews.com/MediaAssets2/classroom/interactive_learning/interactive_wordbook/deploy/audio/buy%20(verb).mp3
Reusing existing connection to www.voanews.com:80.
HTTP request sent, awaiting response... 200 OK
Length: 68832 (67K) [audio/mpeg]
Saving to: ‘buy (verb).mp3’

     0K .......... .......... .......... .......... .......... 74% 1.04M 0s
    50K .......... .......                                    100% 1.39M=0.06s

2016-10-07 17:50:10 (1.11 MB/s) - ‘buy (verb).mp3’ saved [68832/68832]

--2016-10-07 17:50:10--  http://www.voanews.com/MediaAssets2/classroom/interactive_learning/interactive_wordbook/deploy/audio/by%20(preposition).mp3
Reusing existing connection to www.voanews.com:80.
HTTP request sent, awaiting response... 200 OK
Length: 150336 (147K) [audio/mpeg]
Saving to: ‘by (preposition).mp3’

     0K .......... .......... .......... .......... .......... 34%  904K 0s
    50K .......... .......... .......... .......... .......... 68%  914K 0s
   100K .......... .......... .......... .......... ......    100% 1.32M=0.1s

2016-10-07 17:50:10 (1014 KB/s) - ‘by (preposition).mp3’ saved [150336/150336]

--2016-10-07 17:50:10--  http://www.voanews.com/MediaAssets2/classroom/interactive_learning/interactive_wordbook/deploy/audio/calm%20(adjective).mp3
Reusing existing connection to www.voanews.com:80.
HTTP request sent, awaiting response... 200 OK
Length: 365296 (357K) [audio/mpeg]
Saving to: ‘calm (adjective).mp3’

     0K .......... .......... .......... .......... .......... 14%  328K 1s
    50K .......... .......... .......... .......... .......... 28%  469K 1s
   100K .......... .......... .......... .......... .......... 42%  624K 0s
   150K .......... .......... .......... .......... .......... 56%  573K 0s
   200K .......... .......... .......... .......... .......... 70%  841K 0s
   250K .......... .......... .......... .......... .......... 84%  813K 0s
   300K .......... .......... .......... .......... .......... 98%  788K 0s
   350K ......                                                100% 12845G=0.6s

2016-10-07 17:50:11 (584 KB/s) - ‘calm (adjective).mp3’ saved [365296/365296]

--2016-10-07 17:50:11--  http://www.voanews.com/MediaAssets2/classroom/interactive_learning/interactive_wordbook/deploy/audio/cancel%20(verb).mp3
Reusing existing connection to www.voanews.com:80.
HTTP request sent, awaiting response... 200 OK
Length: 401659 (392K) [audio/mpeg]
Saving to: ‘cancel (verb).mp3’

     0K .......... .......... .......... .......... .......... 12%  471K 1s
    50K .......... .......... .......... .......... .......... 25%  780K 0s
   100K .......... .......... .......... .......... .......... 38%  969K 0s
   150K .......... .......... .......... .......... .......... 50%  699K 0s
   200K .......... .......... .......... .......... .......... 63%  850K 0s
   250K .......... .......... .......... .......... .......... 76%  793K 0s
   300K .......... .......... .......... .......... .......... 89%  893K 0s
   350K .......... .......... .......... .......... ..        100%  786K=0.5s

2016-10-07 17:50:12 (747 KB/s) - ‘cancel (verb).mp3’ saved [401659/401659]

--2016-10-07 17:50:12--  http://www.voanews.com/MediaAssets2/classroom/interactive_learning/interactive_wordbook/deploy/audio/cancer%20(noun).mp3
Reusing existing connection to www.voanews.com:80.
HTTP request sent, awaiting response... 200 OK
Length: 375745 (367K) [audio/mpeg]
Saving to: ‘cancer (noun).mp3’

     0K .......... .......... .......... .......... .......... 13%  583K 1s
    50K .......... .......... .......... .......... .......... 27% 1.18M 0s
   100K .......... .......... .......... .......... .......... 40%  853K 0s
   150K .......... .......... .......... .......... .......... 54%  879K 0s
   200K .......... .......... .......... .......... .......... 68% 1021K 0s
   250K .......... .......... .......... .......... .......... 81%  873K 0s
   300K .......... .......... .......... .......... .......... 95% 1.22M 0s
   350K .......... ......                                     100%  425K=0.4s

2016-10-07 17:50:13 (856 KB/s) - ‘cancer (noun).mp3’ saved [375745/375745]

--2016-10-07 17:50:13--  http://www.voanews.com/MediaAssets2/classroom/interactive_learning/interactive_wordbook/deploy/audio/careful%20(adjective).mp3
Reusing existing connection to www.voanews.com:80.
HTTP request sent, awaiting response... 200 OK
Length: 333113 (325K) [audio/mpeg]
Saving to: ‘careful (adjective).mp3’

     0K .......... .......... .......... .......... .......... 15%  926K 0s
    50K .......... .......... .......... .......... .......... 30%  606K 0s
   100K .......... .......... .......... .......... .......... 46%  779K 0s
   150K .......... .......... .......... .......... .......... 61%  966K 0s
   200K .......... .......... .......... .......... .......... 76% 1002K 0s
   250K .......... .......... .......... .......... .......... 92%  734K 0s
   300K .......... .......... .....                           100% 1.68M=0.4s

2016-10-07 17:50:14 (844 KB/s) - ‘careful (adjective).mp3’ saved [333113/333113]

--2016-10-07 17:50:14--  http://www.voanews.com/MediaAssets2/classroom/interactive_learning/interactive_wordbook/deploy/audio/carry%20(verb).mp3
Reusing existing connection to www.voanews.com:80.
HTTP request sent, awaiting response... 200 OK
Length: 395389 (386K) [audio/mpeg]
Saving to: ‘carry (verb).mp3’

     0K .......... .......... .......... .......... .......... 12%  851K 0s
    50K .......... .......... .......... .......... .......... 25%  747K 0s
   100K .......... .......... .......... .......... .......... 38%  803K 0s
   150K .......... .......... .......... .......... .......... 51%  598K 0s
   200K .......... .......... .......... .......... .......... 64%  843K 0s
   250K .......... .......... .......... .......... .......... 77%  890K 0s
   300K .......... .......... .......... .......... .......... 90%  753K 0s
   350K .......... .......... .......... ......               100% 1020K=0.5s

2016-10-07 17:50:15 (790 KB/s) - ‘carry (verb).mp3’ saved [395389/395389]

--2016-10-07 17:50:15--  http://www.voanews.com/MediaAssets2/classroom/interactive_learning/interactive_wordbook/deploy/audio/catch%20(verb).mp3
Reusing existing connection to www.voanews.com:80.
HTTP request sent, awaiting response... 200 OK
Length: 116544 (114K) [audio/mpeg]
Saving to: ‘catch (verb).mp3’

     0K .......... .......... .......... .......... .......... 43% 1.04M 0s
    50K .......... .......... .......... .......... .......... 87%  680K 0s
   100K .......... ...                                        100%  285K=0.2s

2016-10-07 17:50:15 (674 KB/s) - ‘catch (verb).mp3’ saved [116544/116544]

--2016-10-07 17:50:15--  http://www.voanews.com/MediaAssets2/classroom/interactive_learning/interactive_wordbook/deploy/audio/cause%20(verb).mp3
Reusing existing connection to www.voanews.com:80.
HTTP request sent, awaiting response... 200 OK
Length: 69744 (68K) [audio/mpeg]
Saving to: ‘cause (verb).mp3’

     0K .......... .......... .......... .......... .......... 73%  569K 0s
    50K .......... ........                                   100% 7.87M=0.09s

2016-10-07 17:50:15 (755 KB/s) - ‘cause (verb).mp3’ saved [69744/69744]

--2016-10-07 17:50:15--  http://www.voanews.com/MediaAssets2/classroom/interactive_learning/interactive_wordbook/deploy/audio/celebrate%20(verb).mp3
Reusing existing connection to www.voanews.com:80.
HTTP request sent, awaiting response... 200 OK
Length: 363624 (355K) [audio/mpeg]
Saving to: ‘celebrate (verb).mp3’

     0K .......... .......... .......... .......... .......... 14%  705K 0s
    50K .......... .......... .......... .......... .......... 28% 1.06M 0s
   100K .......... .......... .......... .......... .......... 42%  775K 0s
   150K .......... .......... .......... .......... .......... 56% 1.28M 0s
   200K .......... .......... .......... .......... .......... 70%  830K 0s
   250K .......... .......... .......... .......... .......... 84%  937K 0s
   300K .......... .......... .......... .......... .......... 98%  838K 0s
   350K .....                                                 100%  222K=0.4s

2016-10-07 17:50:16 (853 KB/s) - ‘celebrate (verb).mp3’ saved [363624/363624]

--2016-10-07 17:50:16--  http://www.voanews.com/MediaAssets2/classroom/interactive_learning/interactive_wordbook/deploy/audio/chairperson%20(noun).mp3
Reusing existing connection to www.voanews.com:80.
HTTP request sent, awaiting response... 200 OK
Length: 358609 (350K) [audio/mpeg]
Saving to: ‘chairperson (noun).mp3’

     0K .......... .......... .......... .......... .......... 14% 1.08M 0s
    50K .......... .......... .......... .......... .......... 28%  797K 0s
   100K .......... .......... .......... .......... .......... 42%  398K 0s
   150K .......... .......... .......... .......... .......... 57%  725K 0s
   200K .......... .......... .......... .......... .......... 71%  759K 0s
   250K .......... .......... .......... .......... .......... 85%  872K 0s
   300K .......... .......... .......... .......... .......... 99%  715K 0s
   350K                                                       100%  389G=0.5s

2016-10-07 17:50:17 (707 KB/s) - ‘chairperson (noun).mp3’ saved [358609/358609]

--2016-10-07 17:50:17--  http://www.voanews.com/MediaAssets2/classroom/interactive_learning/interactive_wordbook/deploy/audio/champion%20(noun).mp3
Reusing existing connection to www.voanews.com:80.
HTTP request sent, awaiting response... 200 OK
Length: 389538 (380K) [audio/mpeg]
Saving to: ‘champion (noun).mp3’

     0K .......... .......... .......... .......... .......... 13% 1.04M 0s
    50K .......... .......... .......... .......... .......... 26%  800K 0s
   100K .......... .......... .......... .......... .......... 39%  520K 0s
   150K .......... .......... .......... .......... .......... 52%  963K 0s
   200K .......... .......... .......... .......... .......... 65%  452K 0s
   250K .......... .......... .......... .......... .......... 78%  563K 0s
   300K .......... .......... .......... .......... .......... 92%  823K 0s
   350K .......... .......... ..........                      100% 1.00M=0.5s

2016-10-07 17:50:18 (695 KB/s) - ‘champion (noun).mp3’ saved [389538/389538]

--2016-10-07 17:50:18--  http://www.voanews.com/MediaAssets2/classroom/interactive_learning/interactive_wordbook/deploy/audio/change%20(verb).mp3
Reusing existing connection to www.voanews.com:80.
HTTP request sent, awaiting response... 200 OK
Length: 368640 (360K) [audio/mpeg]
Saving to: ‘change (verb).mp3’

     0K .......... .......... .......... .......... .......... 13%  891K 0s
    50K .......... .......... .......... .......... .......... 27%  432K 0s
   100K .......... .......... .......... .......... .......... 41%  529K 0s
   150K .......... .......... .......... .......... .......... 55%  669K 0s
   200K .......... .......... .......... .......... .......... 69%  731K 0s
   250K .......... .......... .......... .......... .......... 83%  783K 0s
   300K .......... .......... .......... .......... .......... 97%  612K 0s
   350K ..........                                            100% 1.50M=0.6s

2016-10-07 17:50:19 (641 KB/s) - ‘change (verb).mp3’ saved [368640/368640]

--2016-10-07 17:50:19--  http://www.voanews.com/MediaAssets2/classroom/interactive_learning/interactive_wordbook/deploy/audio/chase%20(verb).mp3
Reusing existing connection to www.voanews.com:80.
HTTP request sent, awaiting response... 200 OK
Length: 346906 (339K) [audio/mpeg]
Saving to: ‘chase (verb).mp3’

     0K .......... .......... .......... .......... .......... 14%  816K 0s
    50K .......... .......... .......... .......... .......... 29%  712K 0s
   100K .......... .......... .......... .......... .......... 44%  835K 0s
   150K .......... .......... .......... .......... .......... 59% 1.10M 0s
   200K .......... .......... .......... .......... .......... 73%  912K 0s
   250K .......... .......... .......... .......... .......... 88% 1.38M 0s
   300K .......... .......... .......... ........             100% 1.08M=0.4s

2016-10-07 17:50:20 (938 KB/s) - ‘chase (verb).mp3’ saved [346906/346906]

--2016-10-07 17:50:20--  http://www.voanews.com/MediaAssets2/classroom/interactive_learning/interactive_wordbook/deploy/audio/cheat%20(verb).mp3
Reusing existing connection to www.voanews.com:80.
HTTP request sent, awaiting response... 200 OK
Length: 89760 (88K) [audio/mpeg]
Saving to: ‘cheat (verb).mp3’

     0K .......... .......... .......... .......... .......... 57% 2.44M 0s
    50K .......... .......... .......... .......              100%  971K=0.06s

2016-10-07 17:50:20 (1.46 MB/s) - ‘cheat (verb).mp3’ saved [89760/89760]

--2016-10-07 17:50:20--  http://www.voanews.com/MediaAssets2/classroom/interactive_learning/interactive_wordbook/deploy/audio/cheer%20(verb).mp3
Reusing existing connection to www.voanews.com:80.
HTTP request sent, awaiting response... 200 OK
Length: 392882 (384K) [audio/mpeg]
Saving to: ‘cheer (verb).mp3’

     0K .......... .......... .......... .......... .......... 13% 2.78M 0s
    50K .......... .......... .......... .......... .......... 26%  927K 0s
   100K .......... .......... .......... .......... .......... 39% 1.44M 0s
   150K .......... .......... .......... .......... .......... 52%  833K 0s
   200K .......... .......... .......... .......... .......... 65% 3.07M 0s
   250K .......... .......... .......... .......... .......... 78% 1.33M 0s
   300K .......... .......... .......... .......... .......... 91%  793K 0s
   350K .......... .......... .......... ...                  100% 5.69M=0.3s

2016-10-07 17:50:21 (1.31 MB/s) - ‘cheer (verb).mp3’ saved [392882/392882]

--2016-10-07 17:50:21--  http://www.voanews.com/MediaAssets2/classroom/interactive_learning/interactive_wordbook/deploy/audio/choose%20(verb).mp3
Reusing existing connection to www.voanews.com:80.
HTTP request sent, awaiting response... 200 OK
Length: 310544 (303K) [audio/mpeg]
Saving to: ‘choose (verb).mp3’

     0K .......... .......... .......... .......... .......... 16% 3.43M 0s
    50K .......... .......... .......... .......... .......... 32% 1.25M 0s
   100K .......... .......... .......... .......... .......... 49% 1019K 0s
   150K .......... .......... .......... .......... .......... 65% 9.02M 0s
   200K .......... .......... .......... .......... .......... 82% 1.32M 0s
   250K .......... .......... .......... .......... .......... 98% 1.71M 0s
   300K ...                                                   100% 6229G=0.2s

2016-10-07 17:50:21 (1.71 MB/s) - ‘choose (verb).mp3’ saved [310544/310544]

--2016-10-07 17:50:21--  http://www.voanews.com/MediaAssets2/classroom/interactive_learning/interactive_wordbook/deploy/audio/citizen%20(noun).mp3
Reusing existing connection to www.voanews.com:80.
HTTP request sent, awaiting response... 200 OK
Length: 336875 (329K) [audio/mpeg]
Saving to: ‘citizen (noun).mp3’

     0K .......... .......... .......... .......... .......... 15% 7.70M 0s
    50K .......... .......... .......... .......... .......... 30% 1.35M 0s
   100K .......... .......... .......... .......... .......... 45% 2.45M 0s
   150K .......... .......... .......... .......... .......... 60%  973K 0s
   200K .......... .......... .......... .......... .......... 75% 1.22M 0s
   250K .......... .......... .......... .......... .......... 91%  893K 0s
   300K .......... .......... ........                        100% 2.58M=0.2s

2016-10-07 17:50:22 (1.46 MB/s) - ‘citizen (noun).mp3’ saved [336875/336875]

--2016-10-07 17:50:22--  http://www.voanews.com/MediaAssets2/classroom/interactive_learning/interactive_wordbook/deploy/audio/civil%20rights%20(noun).mp3
Reusing existing connection to www.voanews.com:80.
HTTP request sent, awaiting response... 200 OK
Length: 118704 (116K) [audio/mpeg]
Saving to: ‘civil rights (noun).mp3’

     0K .......... .......... .......... .......... .......... 43% 2.19M 0s
    50K .......... .......... .......... .......... .......... 86%  946K 0s
   100K .......... .....                                      100% 2.94M=0.08s

2016-10-07 17:50:22 (1.41 MB/s) - ‘civil rights (noun).mp3’ saved [118704/118704]

--2016-10-07 17:50:22--  http://www.voanews.com/MediaAssets2/classroom/interactive_learning/interactive_wordbook/deploy/audio/claim%20(verb).mp3
Reusing existing connection to www.voanews.com:80.
HTTP request sent, awaiting response... 200 OK
Length: 378253 (369K) [audio/mpeg]
Saving to: ‘claim (verb).mp3’

     0K .......... .......... .......... .......... .......... 13% 2.61M 0s
    50K .......... .......... .......... .......... .......... 27% 1.34M 0s
   100K .......... .......... .......... .......... .......... 40% 1.18M 0s
   150K .......... .......... .......... .......... .......... 54% 1.45M 0s
   200K .......... .......... .......... .......... .......... 67% 2.72M 0s
   250K .......... .......... .......... .......... .......... 81% 1.00M 0s
   300K .......... .......... .......... .......... .......... 94% 6.30M 0s
   350K .......... .........                                  100%  744K=0.2s

2016-10-07 17:50:23 (1.56 MB/s) - ‘claim (verb).mp3’ saved [378253/378253]

--2016-10-07 17:50:23--  http://www.voanews.com/MediaAssets2/classroom/interactive_learning/interactive_wordbook/deploy/audio/clean%20(verb).mp3
Reusing existing connection to www.voanews.com:80.
HTTP request sent, awaiting response... 200 OK
Length: 78096 (76K) [audio/mpeg]
Saving to: ‘clean (verb).mp3’

     0K .......... .......... .......... .......... .......... 65% 2.49M 0s
    50K .......... .......... ......                          100% 2.26M=0.03s

2016-10-07 17:50:23 (2.40 MB/s) - ‘clean (verb).mp3’ saved [78096/78096]

--2016-10-07 17:50:23--  http://www.voanews.com/MediaAssets2/classroom/interactive_learning/interactive_wordbook/deploy/audio/clear%20(adjective).mp3
Reusing existing connection to www.voanews.com:80.
HTTP request sent, awaiting response... 200 OK
Length: 118560 (116K) [audio/mpeg]
Saving to: ‘clear (adjective).mp3’

     0K .......... .......... .......... .......... .......... 43% 2.38M 0s
    50K .......... .......... .......... .......... .......... 86%  825K 0s
   100K .......... .....                                      100% 4.08M=0.08s

2016-10-07 17:50:24 (1.33 MB/s) - ‘clear (adjective).mp3’ saved [118560/118560]

--2016-10-07 17:50:24--  http://www.voanews.com/MediaAssets2/classroom/interactive_learning/interactive_wordbook/deploy/audio/climate%20(noun).mp3
Reusing existing connection to www.voanews.com:80.
HTTP request sent, awaiting response... 200 OK
Length: 300095 (293K) [audio/mpeg]
Saving to: ‘climate (noun).mp3’

     0K .......... .......... .......... .......... .......... 17% 4.52M 0s
    50K .......... .......... .......... .......... .......... 34% 1.43M 0s
   100K .......... .......... .......... .......... .......... 51% 1.03M 0s
   150K .......... .......... .......... .......... .......... 68% 1.81M 0s
   200K .......... .......... .......... .......... .......... 85% 1.65M 0s
   250K .......... .......... .......... .......... ...       100% 2.99M=0.2s

2016-10-07 17:50:24 (1.75 MB/s) - ‘climate (noun).mp3’ saved [300095/300095]

--2016-10-07 17:50:24--  http://www.voanews.com/MediaAssets2/classroom/interactive_learning/interactive_wordbook/deploy/audio/climb%20(verb).mp3
Reusing existing connection to www.voanews.com:80.
HTTP request sent, awaiting response... 200 OK
Length: 81696 (80K) [audio/mpeg]
Saving to: ‘climb (verb).mp3’

     0K .......... .......... .......... .......... .......... 62% 1.56M 0s
    50K .......... .......... .........                       100% 1.04M=0.06s

2016-10-07 17:50:25 (1.31 MB/s) - ‘climb (verb).mp3’ saved [81696/81696]

--2016-10-07 17:50:25--  http://www.voanews.com/MediaAssets2/classroom/interactive_learning/interactive_wordbook/deploy/audio/coast%20(noun).mp3
Reusing existing connection to www.voanews.com:80.
HTTP request sent, awaiting response... 200 OK
Length: 359863 (351K) [audio/mpeg]
Saving to: ‘coast (noun).mp3’

     0K .......... .......... .......... .......... .......... 14% 1.50M 0s
    50K .......... .......... .......... .......... .......... 28%  711K 0s
   100K .......... .......... .......... .......... .......... 42% 1.27M 0s
   150K .......... .......... .......... .......... .......... 56%  701K 0s
   200K .......... .......... .......... .......... .......... 71%  687K 0s
   250K .......... .......... .......... .......... .......... 85%  899K 0s
   300K .......... .......... .......... .......... .......... 99%  558K 0s
   350K .                                                     100% 2725G=0.4s

2016-10-07 17:50:25 (816 KB/s) - ‘coast (noun).mp3’ saved [359863/359863]

--2016-10-07 17:50:25--  http://www.voanews.com/MediaAssets2/classroom/interactive_learning/interactive_wordbook/deploy/audio/collapse%20(verb).mp3
Reusing existing connection to www.voanews.com:80.
HTTP request sent, awaiting response... 200 OK
Length: 118272 (116K) [audio/mpeg]
Saving to: ‘collapse (verb).mp3’

     0K .......... .......... .......... .......... .......... 43%  787K 0s
    50K .......... .......... .......... .......... .......... 86%  687K 0s
   100K .......... .....                                      100% 1.47M=0.1s

2016-10-07 17:50:26 (787 KB/s) - ‘collapse (verb).mp3’ saved [118272/118272]

--2016-10-07 17:50:26--  http://www.voanews.com/MediaAssets2/classroom/interactive_learning/interactive_wordbook/deploy/audio/collect%20(verb).mp3
Reusing existing connection to www.voanews.com:80.
HTTP request sent, awaiting response... 200 OK
Length: 321829 (314K) [audio/mpeg]
Saving to: ‘collect (verb).mp3’

     0K .......... .......... .......... .......... .......... 15%  946K 0s
    50K .......... .......... .......... .......... .......... 31%  402K 0s
   100K .......... .......... .......... .......... .......... 47%  701K 0s
   150K .......... .......... .......... .......... .......... 63%  822K 0s
   200K .......... .......... .......... .......... .......... 79%  732K 0s
   250K .......... .......... .......... .......... .......... 95%  649K 0s
   300K .......... ....                                       100%  527K=0.5s

2016-10-07 17:50:27 (652 KB/s) - ‘collect (verb).mp3’ saved [321829/321829]

--2016-10-07 17:50:27--  http://www.voanews.com/MediaAssets2/classroom/interactive_learning/interactive_wordbook/deploy/audio/college%20(noun).mp3
Reusing existing connection to www.voanews.com:80.
HTTP request sent, awaiting response... 200 OK
Length: 397061 (388K) [audio/mpeg]
Saving to: ‘college (noun).mp3’

     0K .......... .......... .......... .......... .......... 12%  648K 1s
    50K .......... .......... .......... .......... .......... 25%  819K 0s
   100K .......... .......... .......... .......... .......... 38%  588K 0s
   150K .......... .......... .......... .......... .......... 51% 1.28M 0s
   200K .......... .......... .......... .......... .......... 64% 1.11M 0s
   250K .......... .......... .......... .......... .......... 77%  774K 0s
   300K .......... .......... .......... .......... .......... 90% 1.15M 0s
   350K .......... .......... .......... .......              100%  984K=0.5s

2016-10-07 17:50:28 (860 KB/s) - ‘college (noun).mp3’ saved [397061/397061]

--2016-10-07 17:50:28--  http://www.voanews.com/MediaAssets2/classroom/interactive_learning/interactive_wordbook/deploy/audio/combine%20(verb).mp3
Reusing existing connection to www.voanews.com:80.
HTTP request sent, awaiting response... 200 OK
Length: 350668 (342K) [audio/mpeg]
Saving to: ‘combine (verb).mp3’

     0K .......... .......... .......... .......... .......... 14%  942K 0s
    50K .......... .......... .......... .......... .......... 29% 1023K 0s
   100K .......... .......... .......... .......... .......... 43%  719K 0s
   150K .......... .......... .......... .......... .......... 58%  477K 0s
   200K .......... .......... .......... .......... .......... 73%  379K 0s
   250K .......... .......... .......... .......... .......... 87%  845K 0s
   300K .......... .......... .......... .......... ..        100%  376K=0.6s

2016-10-07 17:50:28 (590 KB/s) - ‘combine (verb).mp3’ saved [350668/350668]

--2016-10-07 17:50:28--  http://www.voanews.com/MediaAssets2/classroom/interactive_learning/interactive_wordbook/deploy/audio/community%20(noun).mp3
Reusing existing connection to www.voanews.com:80.
HTTP request sent, awaiting response... 200 OK
Length: 338965 (331K) [audio/mpeg]
Saving to: ‘community (noun).mp3’

     0K .......... .......... .......... .......... .......... 15%  544K 1s
    50K .......... .......... .......... .......... .......... 30%  587K 0s
   100K .......... .......... .......... .......... .......... 45%  494K 0s
   150K .......... .......... .......... .......... .......... 60%  449K 0s
   200K .......... .......... .......... .......... .......... 75%  488K 0s
   250K .......... .......... .......... .......... .......... 90%  492K 0s
   300K .......... .......... .......... .                    100%  679K=0.6s

2016-10-07 17:50:29 (518 KB/s) - ‘community (noun).mp3’ saved [338965/338965]

--2016-10-07 17:50:29--  http://www.voanews.com/MediaAssets2/classroom/interactive_learning/interactive_wordbook/deploy/audio/compare%20(verb).mp3
Reusing existing connection to www.voanews.com:80.
HTTP request sent, awaiting response... 200 OK
Length: 338129 (330K) [audio/mpeg]
Saving to: ‘compare (verb).mp3’

     0K .......... .......... .......... .......... .......... 15%  800K 0s
    50K .......... .......... .......... .......... .......... 30%  885K 0s
   100K .......... .......... .......... .......... .......... 45%  962K 0s
   150K .......... .......... .......... .......... .......... 60% 1.11M 0s
   200K .......... .......... .......... .......... .......... 75%  974K 0s
   250K .......... .......... .......... .......... .......... 90% 1.25M 0s
   300K .......... .......... ..........                      100%  853K=0.3s

2016-10-07 17:50:30 (969 KB/s) - ‘compare (verb).mp3’ saved [338129/338129]

--2016-10-07 17:50:30--  http://www.voanews.com/MediaAssets2/classroom/interactive_learning/interactive_wordbook/deploy/audio/compete%20(verb).mp3
Reusing existing connection to www.voanews.com:80.
HTTP request sent, awaiting response... 200 OK
Length: 348996 (341K) [audio/mpeg]
Saving to: ‘compete (verb).mp3’

     0K .......... .......... .......... .......... .......... 14% 1.11M 0s
    50K .......... .......... .......... .......... .......... 29% 1.21M 0s
   100K .......... .......... .......... .......... .......... 44% 2.94M 0s
   150K .......... .......... .......... .......... .......... 58%  873K 0s
   200K .......... .......... .......... .......... .......... 73%  516K 0s
   250K .......... .......... .......... .......... .......... 88% 1.24M 0s
   300K .......... .......... .......... ..........           100%  881K=0.3s

2016-10-07 17:50:31 (999 KB/s) - ‘compete (verb).mp3’ saved [348996/348996]

--2016-10-07 17:50:31--  http://www.voanews.com/MediaAssets2/classroom/interactive_learning/interactive_wordbook/deploy/audio/complex%20(adjective).mp3
Reusing existing connection to www.voanews.com:80.
HTTP request sent, awaiting response... 200 OK
Length: 359027 (351K) [audio/mpeg]
Saving to: ‘complex (adjective).mp3’

     0K .......... .......... .......... .......... .......... 14% 1.41M 0s
    50K .......... .......... .......... .......... .......... 28% 1.81M 0s
   100K .......... .......... .......... .......... .......... 42% 1.08M 0s
   150K .......... .......... .......... .......... .......... 57% 1.52M 0s
   200K .......... .......... .......... .......... .......... 71% 1.47M 0s
   250K .......... .......... .......... .......... .......... 85%  903K 0s
   300K .......... .......... .......... .......... .......... 99% 1.17M 0s
   350K                                                       100% 1168G=0.3s

2016-10-07 17:50:31 (1.27 MB/s) - ‘complex (adjective).mp3’ saved [359027/359027]

--2016-10-07 17:50:31--  http://www.voanews.com/MediaAssets2/classroom/interactive_learning/interactive_wordbook/deploy/audio/concerned%20(adjective).mp3
Reusing existing connection to www.voanews.com:80.
HTTP request sent, awaiting response... 200 OK
Length: 293825 (287K) [audio/mpeg]
Saving to: ‘concerned (adjective).mp3’

     0K .......... .......... .......... .......... .......... 17% 2.58M 0s
    50K .......... .......... .......... .......... .......... 34% 1.51M 0s
   100K .......... .......... .......... .......... .......... 52%  909K 0s
   150K .......... .......... .......... .......... .......... 69% 2.15M 0s
   200K .......... .......... .......... .......... .......... 87% 2.06M 0s
   250K .......... .......... .......... ......               100%  629K=0.2s

2016-10-07 17:50:32 (1.32 MB/s) - ‘concerned (adjective).mp3’ saved [293825/293825]

--2016-10-07 17:50:32--  http://www.voanews.com/MediaAssets2/classroom/interactive_learning/interactive_wordbook/deploy/audio/condition%20(noun).mp3
Reusing existing connection to www.voanews.com:80.
HTTP request sent, awaiting response... 200 OK
Length: 140736 (137K) [audio/mpeg]
Saving to: ‘condition (noun).mp3’

     0K .......... .......... .......... .......... .......... 36% 2.69M 0s
    50K .......... .......... .......... .......... .......... 72%  842K 0s
   100K .......... .......... .......... .......              100% 1.73M=0.1s

2016-10-07 17:50:33 (1.36 MB/s) - ‘condition (noun).mp3’ saved [140736/140736]

--2016-10-07 17:50:33--  http://www.voanews.com/MediaAssets2/classroom/interactive_learning/interactive_wordbook/deploy/audio/conference%20(noun).mp3
Reusing existing connection to www.voanews.com:80.
HTTP request sent, awaiting response... 200 OK
Length: 332278 (324K) [audio/mpeg]
Saving to: ‘conference (noun).mp3’

     0K .......... .......... .......... .......... .......... 15% 3.18M 0s
    50K .......... .......... .......... .......... .......... 30% 1.26M 0s
   100K .......... .......... .......... .......... .......... 46% 1.42M 0s
   150K .......... .......... .......... .......... .......... 61%  951K 0s
   200K .......... .......... .......... .......... .......... 77% 3.18M 0s
   250K .......... .......... .......... .......... .......... 92%  944K 0s
   300K .......... .......... ....                            100% 2.44M=0.2s

2016-10-07 17:50:33 (1.44 MB/s) - ‘conference (noun).mp3’ saved [332278/332278]

--2016-10-07 17:50:33--  http://www.voanews.com/MediaAssets2/classroom/interactive_learning/interactive_wordbook/deploy/audio/confirm%20(verb).mp3
Reusing existing connection to www.voanews.com:80.
HTTP request sent, awaiting response... 200 OK
Length: 121152 (118K) [audio/mpeg]
Saving to: ‘confirm (verb).mp3’

     0K .......... .......... .......... .......... .......... 42% 2.65M 0s
    50K .......... .......... .......... .......... .......... 84% 1.30M 0s
   100K .......... ........                                   100%  707K=0.08s

2016-10-07 17:50:34 (1.41 MB/s) - ‘confirm (verb).mp3’ saved [121152/121152]

--2016-10-07 17:50:34--  http://www.voanews.com/MediaAssets2/classroom/interactive_learning/interactive_wordbook/deploy/audio/congratulate%20(verb).mp3
Reusing existing connection to www.voanews.com:80.
HTTP request sent, awaiting response... 200 OK
Length: 368640 (360K) [audio/mpeg]
Saving to: ‘congratulate (verb).mp3’

     0K .......... .......... .......... .......... .......... 13%  568K 1s
    50K .......... .......... .......... .......... .......... 27%  672K 0s
   100K .......... .......... .......... .......... .......... 41%  509K 0s
   150K .......... .......... .......... .......... .......... 55%  620K 0s
   200K .......... .......... .......... .......... .......... 69%  282K 0s
   250K .......... .......... .......... .......... .......... 83%  181K 0s
   300K .......... .......... .......... .......... .......... 97%  349K 0s
   350K ..........                                            100%  239K=1.0s

2016-10-07 17:50:35 (368 KB/s) - ‘congratulate (verb).mp3’ saved [368640/368640]

--2016-10-07 17:50:35--  http://www.voanews.com/MediaAssets2/classroom/interactive_learning/interactive_wordbook/deploy/audio/connect%20(verb).mp3
Reusing existing connection to www.voanews.com:80.
HTTP request sent, awaiting response... 200 OK
Length: 374491 (366K) [audio/mpeg]
Saving to: ‘connect (verb).mp3’

     0K .......... .......... .......... .......... .......... 13%  324K 1s
    50K .......... .......... .......... .......... .......... 27%  362K 1s
   100K .......... .......... .......... .......... .......... 41%  225K 1s
   150K .......... .......... .......... .......... .......... 54%  343K 1s
   200K .......... .......... .......... .......... .......... 68%  327K 0s
   250K .......... .......... .......... .......... .......... 82%  361K 0s
   300K .......... .......... .......... .......... .......... 95%  336K 0s
   350K .......... .....                                      100%  515K=1.1s

2016-10-07 17:50:36 (323 KB/s) - ‘connect (verb).mp3’ saved [374491/374491]

--2016-10-07 17:50:36--  http://www.voanews.com/MediaAssets2/classroom/interactive_learning/interactive_wordbook/deploy/audio/consider%20(verb).mp3
Reusing existing connection to www.voanews.com:80.
HTTP request sent, awaiting response... 200 OK
Length: 125472 (123K) [audio/mpeg]
Saving to: ‘consider (verb).mp3’

     0K .......... .......... .......... .......... .......... 40%  272K 0s
    50K .......... .......... .......... .......... .......... 81%  376K 0s
   100K .......... .......... ..                              100%  411K=0.4s

2016-10-07 17:50:37 (330 KB/s) - ‘consider (verb).mp3’ saved [125472/125472]

--2016-10-07 17:50:37--  http://www.voanews.com/MediaAssets2/classroom/interactive_learning/interactive_wordbook/deploy/audio/contact%20(verb).mp3
Reusing existing connection to www.voanews.com:80.
HTTP request sent, awaiting response... 200 OK
Length: 123744 (121K) [audio/mpeg]
Saving to: ‘contact (verb).mp3’

     0K .......... .......... .......... .......... .......... 41%  585K 0s
    50K .......... .......... .......... .......... .......... 82%  610K 0s
   100K .......... ..........                                 100% 1.42M=0.2s

2016-10-07 17:50:38 (665 KB/s) - ‘contact (verb).mp3’ saved [123744/123744]

--2016-10-07 17:50:38--  http://www.voanews.com/MediaAssets2/classroom/interactive_learning/interactive_wordbook/deploy/audio/contain%20(verb).mp3
Reusing existing connection to www.voanews.com:80.
HTTP request sent, awaiting response... 200 OK
Length: 349414 (341K) [audio/mpeg]
Saving to: ‘contain (verb).mp3’

     0K .......... .......... .......... .......... .......... 14%  797K 0s
    50K .......... .......... .......... .......... .......... 29% 1001K 0s
   100K .......... .......... .......... .......... .......... 43%  846K 0s
   150K .......... .......... .......... .......... .......... 58%  869K 0s
   200K .......... .......... .......... .......... .......... 73%  810K 0s
   250K .......... .......... .......... .......... .......... 87%  933K 0s
   300K .......... .......... .......... .......... .         100% 1.06M=0.4s

2016-10-07 17:50:38 (892 KB/s) - ‘contain (verb).mp3’ saved [349414/349414]

--2016-10-07 17:50:38--  http://www.voanews.com/MediaAssets2/classroom/interactive_learning/interactive_wordbook/deploy/audio/cooperate%20(verb).mp3
Reusing existing connection to www.voanews.com:80.
HTTP request sent, awaiting response... 200 OK
Length: 342727 (335K) [audio/mpeg]
Saving to: ‘cooperate (verb).mp3’

     0K .......... .......... .......... .......... .......... 14%  517K 1s
    50K .......... .......... .......... .......... .......... 29%  794K 0s
   100K .......... .......... .......... .......... .......... 44%  656K 0s
   150K .......... .......... .......... .......... .......... 59%  883K 0s
   200K .......... .......... .......... .......... .......... 74%  855K 0s
   250K .......... .......... .......... .......... .......... 89% 1.13M 0s
   300K .......... .......... .......... ....                 100%  717K=0.4s

2016-10-07 17:50:39 (756 KB/s) - ‘cooperate (verb).mp3’ saved [342727/342727]

--2016-10-07 17:50:39--  http://www.voanews.com/MediaAssets2/classroom/interactive_learning/interactive_wordbook/deploy/audio/copy%20(verb).mp3
Reusing existing connection to www.voanews.com:80.
HTTP request sent, awaiting response... 200 OK
Length: 81840 (80K) [audio/mpeg]
Saving to: ‘copy (verb).mp3’

     0K .......... .......... .......... .......... .......... 62%  522K 0s
    50K .......... .......... .........                       100% 6.07M=0.1s

2016-10-07 17:50:40 (794 KB/s) - ‘copy (verb).mp3’ saved [81840/81840]

--2016-10-07 17:50:40--  http://www.voanews.com/MediaAssets2/classroom/interactive_learning/interactive_wordbook/deploy/audio/correct%20(verb).mp3
Reusing existing connection to www.voanews.com:80.
HTTP request sent, awaiting response... 200 OK
Length: 96672 (94K) [audio/mpeg]
Saving to: ‘correct (verb).mp3’

     0K .......... .......... .......... .......... .......... 52%  567K 0s
    50K .......... .......... .......... .......... ....      100%  850K=0.1s

2016-10-07 17:50:40 (673 KB/s) - ‘correct (verb).mp3’ saved [96672/96672]

--2016-10-07 17:50:40--  http://www.voanews.com/MediaAssets2/classroom/interactive_learning/interactive_wordbook/deploy/audio/cover%20(verb).mp3
Reusing existing connection to www.voanews.com:80.
HTTP request sent, awaiting response... 200 OK
Length: 308872 (302K) [audio/mpeg]
Saving to: ‘cover (verb).mp3’

     0K .......... .......... .......... .......... .......... 16%  870K 0s
    50K .......... .......... .......... .......... .......... 33%  870K 0s
   100K .......... .......... .......... .......... .......... 49%  950K 0s
   150K .......... .......... .......... .......... .......... 66% 1015K 0s
   200K .......... .......... .......... .......... .......... 82% 1019K 0s
   250K .......... .......... .......... .......... .......... 99%  499K 0s
   300K .                                                     100% 3114G=0.4s

2016-10-07 17:50:41 (824 KB/s) - ‘cover (verb).mp3’ saved [308872/308872]

--2016-10-07 17:50:41--  http://www.voanews.com/MediaAssets2/classroom/interactive_learning/interactive_wordbook/deploy/audio/crash%20(verb).mp3
Reusing existing connection to www.voanews.com:80.
HTTP request sent, awaiting response... 200 OK
Length: 83424 (81K) [audio/mpeg]
Saving to: ‘crash (verb).mp3’

     0K .......... .......... .......... .......... .......... 61%  737K 0s
    50K .......... .......... .......... .                    100%  944K=0.1s

2016-10-07 17:50:41 (805 KB/s) - ‘crash (verb).mp3’ saved [83424/83424]

--2016-10-07 17:50:41--  http://www.voanews.com/MediaAssets2/classroom/interactive_learning/interactive_wordbook/deploy/audio/create%20(verb).mp3
Reusing existing connection to www.voanews.com:80.
HTTP request sent, awaiting response... 200 OK
Length: 338129 (330K) [audio/mpeg]
Saving to: ‘create (verb).mp3’

     0K .......... .......... .......... .......... .......... 15%  836K 0s
    50K .......... .......... .......... .......... .......... 30%  768K 0s
   100K .......... .......... .......... .......... .......... 45%  436K 0s
   150K .......... .......... .......... .......... .......... 60%  578K 0s
   200K .......... .......... .......... .......... .......... 75%  748K 0s
   250K .......... .......... .......... .......... .......... 90% 1.09M 0s
   300K .......... .......... ..........                      100%  497K=0.5s

2016-10-07 17:50:42 (662 KB/s) - ‘create (verb).mp3’ saved [338129/338129]

--2016-10-07 17:50:42--  http://www.voanews.com/MediaAssets2/classroom/interactive_learning/interactive_wordbook/deploy/audio/credit%20(noun).mp3
Reusing existing connection to www.voanews.com:80.
HTTP request sent, awaiting response... 200 OK
Length: 129456 (126K) [audio/mpeg]
Saving to: ‘credit (noun).mp3’

     0K .......... .......... .......... .......... .......... 39%  699K 0s
    50K .......... .......... .......... .......... .......... 79%  936K 0s
   100K .......... .......... ......                          100%  828K=0.2s

2016-10-07 17:50:42 (806 KB/s) - ‘credit (noun).mp3’ saved [129456/129456]

--2016-10-07 17:50:42--  http://www.voanews.com/MediaAssets2/classroom/interactive_learning/interactive_wordbook/deploy/audio/crisis%20(noun).mp3
Reusing existing connection to www.voanews.com:80.
HTTP request sent, awaiting response... 200 OK
Length: 363207 (355K) [audio/mpeg]
Saving to: ‘crisis (noun).mp3’

     0K .......... .......... .......... .......... .......... 14% 1010K 0s
    50K .......... .......... .......... .......... .......... 28% 1.16M 0s
   100K .......... .......... .......... .......... .......... 42%  687K 0s
   150K .......... .......... .......... .......... .......... 56%  784K 0s
   200K .......... .......... .......... .......... .......... 70% 1.01M 0s
   250K .......... .......... .......... .......... .......... 84%  943K 0s
   300K .......... .......... .......... .......... .......... 98%  767K 0s
   350K ....                                                  100% 2.86M=0.4s

2016-10-07 17:50:43 (895 KB/s) - ‘crisis (noun).mp3’ saved [363207/363207]

--2016-10-07 17:50:43--  http://www.voanews.com/MediaAssets2/classroom/interactive_learning/interactive_wordbook/deploy/audio/crowd%20(noun).mp3
Reusing existing connection to www.voanews.com:80.
HTTP request sent, awaiting response... 200 OK
Length: 338129 (330K) [audio/mpeg]
Saving to: ‘crowd (noun).mp3’

     0K .......... .......... .......... .......... .......... 15%  936K 0s
    50K .......... .......... .......... .......... .......... 30%  924K 0s
   100K .......... .......... .......... .......... .......... 45%  528K 0s
   150K .......... .......... .......... .......... .......... 60%  852K 0s
   200K .......... .......... .......... .......... .......... 75%  833K 0s
   250K .......... .......... .......... .......... .......... 90%  729K 0s
   300K .......... .......... ..........                      100% 2.09M=0.4s

2016-10-07 17:50:44 (818 KB/s) - ‘crowd (noun).mp3’ saved [338129/338129]

--2016-10-07 17:50:44--  http://www.voanews.com/MediaAssets2/classroom/interactive_learning/interactive_wordbook/deploy/audio/crush%20(verb).mp3
Reusing existing connection to www.voanews.com:80.
HTTP request sent, awaiting response... 200 OK
Length: 387866 (379K) [audio/mpeg]
Saving to: ‘crush (verb).mp3’

     0K .......... .......... .......... .......... .......... 13%  747K 0s
    50K .......... .......... .......... .......... .......... 26% 1.02M 0s
   100K .......... .......... .......... .......... .......... 39% 1.57M 0s
   150K .......... .......... .......... .......... .......... 52% 1.24M 0s
   200K .......... .......... .......... .......... .......... 66% 1.57M 0s
   250K .......... .......... .......... .......... .......... 79% 1.58M 0s
   300K .......... .......... .......... .......... .......... 92% 2.00M 0s
   350K .......... .......... ........                        100%  607K=0.3s

2016-10-07 17:50:45 (1.16 MB/s) - ‘crush (verb).mp3’ saved [387866/387866]

--2016-10-07 17:50:45--  http://www.voanews.com/MediaAssets2/classroom/interactive_learning/interactive_wordbook/deploy/audio/culture%20(noun).mp3
Reusing existing connection to www.voanews.com:80.
HTTP request sent, awaiting response... 200 OK
Length: 344816 (337K) [audio/mpeg]
Saving to: ‘culture (noun).mp3’

     0K .......... .......... .......... .......... .......... 14% 3.33M 0s
    50K .......... .......... .......... .......... .......... 29% 1.12M 0s
   100K .......... .......... .......... .......... .......... 44% 1.31M 0s
   150K .......... .......... .......... .......... .......... 59% 2.69M 0s
   200K .......... .......... .......... .......... .......... 74%  814K 0s
   250K .......... .......... .......... .......... .......... 89% 1.47M 0s
   300K .......... .......... .......... ......               100%  318K=0.3s

2016-10-07 17:50:45 (1.02 MB/s) - ‘culture (noun).mp3’ saved [344816/344816]

--2016-10-07 17:50:45--  http://www.voanews.com/MediaAssets2/classroom/interactive_learning/interactive_wordbook/deploy/audio/cure%20(verb,%20noun).mp3
Reusing existing connection to www.voanews.com:80.
HTTP request sent, awaiting response... 200 OK
Length: 416705 (407K) [audio/mpeg]
Saving to: ‘cure (verb, noun).mp3’

     0K .......... .......... .......... .......... .......... 12% 1.95M 0s
    50K .......... .......... .......... .......... .......... 24%  927K 0s
   100K .......... .......... .......... .......... .......... 36%  835K 0s
   150K .......... .......... .......... .......... .......... 49%  669K 0s
   200K .......... .......... .......... .......... .......... 61% 1.11M 0s
   250K .......... .......... .......... .......... .......... 73%  492K 0s
   300K .......... .......... .......... .......... .......... 86%  700K 0s
   350K .......... .......... .......... .......... .......... 98%  673K 0s
   400K ......                                                100%  491K=0.5s

2016-10-07 17:50:46 (784 KB/s) - ‘cure (verb, noun).mp3’ saved [416705/416705]

--2016-10-07 17:50:46--  http://www.voanews.com/MediaAssets2/classroom/interactive_learning/interactive_wordbook/deploy/audio/current%20(adjective).mp3
Reusing existing connection to www.voanews.com:80.
HTTP request sent, awaiting response... 200 OK
Length: 360699 (352K) [audio/mpeg]
Saving to: ‘current (adjective).mp3’

     0K .......... .......... .......... .......... .......... 14%  705K 0s
    50K .......... .......... .......... .......... .......... 28%  669K 0s
   100K .......... .......... .......... .......... .......... 42%  656K 0s
   150K .......... .......... .......... .......... .......... 56%  668K 0s
   200K .......... .......... .......... .......... .......... 70%  834K 0s
   250K .......... .......... .......... .......... .......... 85%  738K 0s
   300K .......... .......... .......... .......... .......... 99%  690K 0s
   350K ..                                                    100% 2.02M=0.5s

2016-10-07 17:50:47 (707 KB/s) - ‘current (adjective).mp3’ saved [360699/360699]

--2016-10-07 17:50:47--  http://www.voanews.com/MediaAssets2/classroom/interactive_learning/interactive_wordbook/deploy/audio/custom%20(noun).mp3
Reusing existing connection to www.voanews.com:80.
HTTP request sent, awaiting response... 200 OK
Length: 392882 (384K) [audio/mpeg]
Saving to: ‘custom (noun).mp3’

     0K .......... .......... .......... .......... .......... 13%  684K 0s
    50K .......... .......... .......... .......... .......... 26%  890K 0s
   100K .......... .......... .......... .......... .......... 39%  859K 0s
   150K .......... .......... .......... .......... .......... 52%  638K 0s
   200K .......... .......... .......... .......... .......... 65%  815K 0s
   250K .......... .......... .......... .......... .......... 78%  494K 0s
   300K .......... .......... .......... .......... .......... 91%  356K 0s
   350K .......... .......... .......... ...                  100%  594K=0.6s

2016-10-07 17:50:48 (613 KB/s) - ‘custom (noun).mp3’ saved [392882/392882]

--2016-10-07 17:50:48--  http://www.voanews.com/MediaAssets2/classroom/interactive_learning/interactive_wordbook/deploy/audio/damage%20(noun).mp3
Reusing existing connection to www.voanews.com:80.
HTTP request sent, awaiting response... 200 OK
Length: 83808 (82K) [audio/mpeg]
Saving to: ‘damage (noun).mp3’

     0K .......... .......... .......... .......... .......... 61%  684K 0s
    50K .......... .......... .......... .                    100%  681K=0.1s

2016-10-07 17:50:49 (683 KB/s) - ‘damage (noun).mp3’ saved [83808/83808]

--2016-10-07 17:50:49--  http://www.voanews.com/MediaAssets2/classroom/interactive_learning/interactive_wordbook/deploy/audio/dance%20(verb).mp3
Reusing existing connection to www.voanews.com:80.
HTTP request sent, awaiting response... 200 OK
Length: 80352 (78K) [audio/mpeg]
Saving to: ‘dance (verb).mp3’

     0K .......... .......... .......... .......... .......... 63%  178K 0s
    50K .......... .......... ........                        100%  320K=0.4s

2016-10-07 17:50:49 (212 KB/s) - ‘dance (verb).mp3’ saved [80352/80352]

--2016-10-07 17:50:49--  http://www.voanews.com/MediaAssets2/classroom/interactive_learning/interactive_wordbook/deploy/audio/danger%20(noun).mp3
Reusing existing connection to www.voanews.com:80.
HTTP request sent, awaiting response... 200 OK
Length: 400823 (391K) [audio/mpeg]
Saving to: ‘danger (noun).mp3’

     0K .......... .......... .......... .......... .......... 12%  582K 1s
    50K .......... .......... .......... .......... .......... 25%  594K 0s
   100K .......... .......... .......... .......... .......... 38%  529K 0s
   150K .......... .......... .......... .......... .......... 51%  482K 0s
   200K .......... .......... .......... .......... .......... 63%  540K 0s
   250K .......... .......... .......... .......... .......... 76%  739K 0s
   300K .......... .......... .......... .......... .......... 89%  903K 0s
   350K .......... .......... .......... .......... .         100%  622K=0.7s

2016-10-07 17:50:50 (602 KB/s) - ‘danger (noun).mp3’ saved [400823/400823]

--2016-10-07 17:50:50--  http://www.voanews.com/MediaAssets2/classroom/interactive_learning/interactive_wordbook/deploy/audio/dark%20(adjective).mp3
Reusing existing connection to www.voanews.com:80.
HTTP request sent, awaiting response... 200 OK
Length: 343980 (336K) [audio/mpeg]
Saving to: ‘dark (adjective).mp3’

     0K .......... .......... .......... .......... .......... 14%  625K 0s
    50K .......... .......... .......... .......... .......... 29%  776K 0s
   100K .......... .......... .......... .......... .......... 44%  508K 0s
   150K .......... .......... .......... .......... .......... 59%  683K 0s
   200K .......... .......... .......... .......... .......... 74%  741K 0s
   250K .......... .......... .......... .......... .......... 89%  876K 0s
   300K .......... .......... .......... .....                100%  763K=0.5s

2016-10-07 17:50:51 (689 KB/s) - ‘dark (adjective).mp3’ saved [343980/343980]

--2016-10-07 17:50:51--  http://www.voanews.com/MediaAssets2/classroom/interactive_learning/interactive_wordbook/deploy/audio/deal%20(noun).mp3
Reusing existing connection to www.voanews.com:80.
HTTP request sent, awaiting response... 200 OK
Length: 103968 (102K) [audio/mpeg]
Saving to: ‘deal (noun).mp3’

     0K .......... .......... .......... .......... .......... 49%  998K 0s
    50K .......... .......... .......... .......... .......... 98%  722K 0s
   100K .                                                     100% 1.45M=0.1s

2016-10-07 17:50:52 (844 KB/s) - ‘deal (noun).mp3’ saved [103968/103968]

--2016-10-07 17:50:52--  http://www.voanews.com/MediaAssets2/classroom/interactive_learning/interactive_wordbook/deploy/audio/debate%20(verb).mp3
Reusing existing connection to www.voanews.com:80.
HTTP request sent, awaiting response... 200 OK
Length: 81504 (80K) [audio/mpeg]
Saving to: ‘debate (verb).mp3’

     0K .......... .......... .......... .......... .......... 62%  803K 0s
    50K .......... .......... .........                       100% 1.17M=0.09s

2016-10-07 17:50:52 (915 KB/s) - ‘debate (verb).mp3’ saved [81504/81504]

--2016-10-07 17:50:52--  http://www.voanews.com/MediaAssets2/classroom/interactive_learning/interactive_wordbook/deploy/audio/debt%20(noun).mp3
Reusing existing connection to www.voanews.com:80.
HTTP request sent, awaiting response... 200 OK
Length: 331860 (324K) [audio/mpeg]
Saving to: ‘debt (noun).mp3’

     0K .......... .......... .......... .......... .......... 15%  758K 0s
    50K .......... .......... .......... .......... .......... 30%  530K 0s
   100K .......... .......... .......... .......... .......... 46%  789K 0s
   150K .......... .......... .......... .......... .......... 61% 1.08M 0s
   200K .......... .......... .......... .......... .......... 77%  592K 0s
   250K .......... .......... .......... .......... .......... 92%  660K 0s
   300K .......... .......... ....                            100% 3.76M=0.4s

2016-10-07 17:50:53 (745 KB/s) - ‘debt (noun).mp3’ saved [331860/331860]

--2016-10-07 17:50:53--  http://www.voanews.com/MediaAssets2/classroom/interactive_learning/interactive_wordbook/deploy/audio/decrease%20(verb).mp3
Reusing existing connection to www.voanews.com:80.
HTTP request sent, awaiting response... 200 OK
Length: 359027 (351K) [audio/mpeg]
Saving to: ‘decrease (verb).mp3’

     0K .......... .......... .......... .......... .......... 14%  923K 0s
    50K .......... .......... .......... .......... .......... 28% 1.39M 0s
   100K .......... .......... .......... .......... .......... 42% 1.24M 0s
   150K .......... .......... .......... .......... .......... 57%  419K 0s
   200K .......... .......... .......... .......... .......... 71% 1.06M 0s
   250K .......... .......... .......... .......... .......... 85%  917K 0s
   300K .......... .......... .......... .......... .......... 99% 1.03M 0s
   350K                                                       100% 1168G=0.4s

2016-10-07 17:50:54 (885 KB/s) - ‘decrease (verb).mp3’ saved [359027/359027]

--2016-10-07 17:50:54--  http://www.voanews.com/MediaAssets2/classroom/interactive_learning/interactive_wordbook/deploy/audio/deep%20(adjective).mp3
Reusing existing connection to www.voanews.com:80.
HTTP request sent, awaiting response... 200 OK
Length: 116496 (114K) [audio/mpeg]
Saving to: ‘deep (adjective).mp3’

     0K .......... .......... .......... .......... .......... 43%  890K 0s
    50K .......... .......... .......... .......... .......... 87%  837K 0s
   100K .......... ...                                        100% 1.76M=0.1s

2016-10-07 17:50:54 (921 KB/s) - ‘deep (adjective).mp3’ saved [116496/116496]

--2016-10-07 17:50:54--  http://www.voanews.com/MediaAssets2/classroom/interactive_learning/interactive_wordbook/deploy/audio/degree%20(temperature)%20(noun).mp3
Reusing existing connection to www.voanews.com:80.
HTTP request sent, awaiting response... 200 OK
Length: 98208 (96K) [audio/mpeg]
Saving to: ‘degree (temperature) (noun).mp3’

     0K .......... .......... .......... .......... .......... 52% 1.16M 0s
    50K .......... .......... .......... .......... .....     100%  765K=0.1s

2016-10-07 17:50:54 (938 KB/s) - ‘degree (temperature) (noun).mp3’ saved [98208/98208]

--2016-10-07 17:50:54--  http://www.voanews.com/MediaAssets2/classroom/interactive_learning/interactive_wordbook/deploy/audio/degree%20(education)%20(noun).mp3
Reusing existing connection to www.voanews.com:80.
HTTP request sent, awaiting response... 200 OK
Length: 109296 (107K) [audio/mpeg]
Saving to: ‘degree (education) (noun).mp3’

     0K .......... .......... .......... .......... .......... 46%  757K 0s
    50K .......... .......... .......... .......... .......... 93% 1.58M 0s
   100K ......                                                100%  513K=0.1s

2016-10-07 17:50:55 (969 KB/s) - ‘degree (education) (noun).mp3’ saved [109296/109296]

--2016-10-07 17:50:55--  http://www.voanews.com/MediaAssets2/classroom/interactive_learning/interactive_wordbook/deploy/audio/degree%20(quantity)%20(noun).mp3
Reusing existing connection to www.voanews.com:80.
HTTP request sent, awaiting response... 200 OK
Length: 132480 (129K) [audio/mpeg]
Saving to: ‘degree (quantity) (noun).mp3’

     0K .......... .......... .......... .......... .......... 38%  242K 0s
    50K .......... .......... .......... .......... .......... 77%  368K 0s
   100K .......... .......... .........                       100% 2.50M=0.4s

2016-10-07 17:50:56 (366 KB/s) - ‘degree (quantity) (noun).mp3’ saved [132480/132480]

--2016-10-07 17:50:56--  http://www.voanews.com/MediaAssets2/classroom/interactive_learning/interactive_wordbook/deploy/audio/delay%20(verb).mp3
Reusing existing connection to www.voanews.com:80.
HTTP request sent, awaiting response... 200 OK
Length: 352758 (344K) [audio/mpeg]
Saving to: ‘delay (verb).mp3’

     0K .......... .......... .......... .......... .......... 14%  608K 0s
    50K .......... .......... .......... .......... .......... 29% 1.03M 0s
   100K .......... .......... .......... .......... .......... 43%  338K 0s
   150K .......... .......... .......... .......... .......... 58% 1.10M 0s
   200K .......... .......... .......... .......... .......... 72%  550K 0s
   250K .......... .......... .......... .......... .......... 87%  827K 0s
   300K .......... .......... .......... .......... ....      100%  304K=0.6s

2016-10-07 17:50:57 (556 KB/s) - ‘delay (verb).mp3’ saved [352758/352758]

--2016-10-07 17:50:57--  http://www.voanews.com/MediaAssets2/classroom/interactive_learning/interactive_wordbook/deploy/audio/demand%20(verb).mp3
Reusing existing connection to www.voanews.com:80.
HTTP request sent, awaiting response... 200 OK
Length: 285884 (279K) [audio/mpeg]
Saving to: ‘demand (verb).mp3’

     0K .......... .......... .......... .......... .......... 17%  581K 0s
    50K .......... .......... .......... .......... .......... 35%  554K 0s
   100K .......... .......... .......... .......... .......... 53%  268K 0s
   150K .......... .......... .......... .......... .......... 71%  502K 0s
   200K .......... .......... .......... .......... .......... 89%  254K 0s
   250K .......... .......... .........                       100%  462K=0.7s

2016-10-07 17:50:58 (386 KB/s) - ‘demand (verb).mp3’ saved [285884/285884]

--2016-10-07 17:50:58--  http://www.voanews.com/MediaAssets2/classroom/interactive_learning/interactive_wordbook/deploy/audio/demonstrate%20(verb).mp3
Reusing existing connection to www.voanews.com:80.
HTTP request sent, awaiting response... 200 OK
Length: 108000 (105K) [audio/mpeg]
Saving to: ‘demonstrate (verb).mp3’

     0K .......... .......... .......... .......... .......... 47%  663K 0s
    50K .......... .......... .......... .......... .......... 94%  426K 0s
   100K .....                                                 100% 1.28M=0.2s

2016-10-07 17:50:58 (536 KB/s) - ‘demonstrate (verb).mp3’ saved [108000/108000]

--2016-10-07 17:50:58--  http://www.voanews.com/MediaAssets2/classroom/interactive_learning/interactive_wordbook/deploy/audio/deny%20(verb).mp3
Reusing existing connection to www.voanews.com:80.
HTTP request sent, awaiting response... 200 OK
Length: 110448 (108K) [audio/mpeg]
Saving to: ‘deny (verb).mp3’

     0K .......... .......... .......... .......... .......... 46%  622K 0s
    50K .......... .......... .......... .......... .......... 92%  389K 0s
   100K .......                                               100%  996K=0.2s

2016-10-07 17:50:59 (498 KB/s) - ‘deny (verb).mp3’ saved [110448/110448]

--2016-10-07 17:50:59--  http://www.voanews.com/MediaAssets2/classroom/interactive_learning/interactive_wordbook/deploy/audio/depression%20(noun).mp3
Reusing existing connection to www.voanews.com:80.
HTTP request sent, awaiting response... 200 OK
Length: 117072 (114K) [audio/mpeg]
Saving to: ‘depression (noun).mp3’

     0K .......... .......... .......... .......... .......... 43%  698K 0s
    50K .......... .......... .......... .......... .......... 87%  454K 0s
   100K .......... ....                                       100%  551K=0.2s

2016-10-07 17:51:00 (550 KB/s) - ‘depression (noun).mp3’ saved [117072/117072]

--2016-10-07 17:51:00--  http://www.voanews.com/MediaAssets2/classroom/interactive_learning/interactive_wordbook/deploy/audio/describe%20(verb).mp3
Reusing existing connection to www.voanews.com:80.
HTTP request sent, awaiting response... 200 OK
Length: 399569 (390K) [audio/mpeg]
Saving to: ‘describe (verb).mp3’

     0K .......... .......... .......... .......... .......... 12% 1.03M 0s
    50K .......... .......... .......... .......... .......... 25% 1.02M 0s
   100K .......... .......... .......... .......... .......... 38% 1.06M 0s
   150K .......... .......... .......... .......... .......... 51%  817K 0s
   200K .......... .......... .......... .......... .......... 64% 1.29M 0s
   250K .......... .......... .......... .......... .......... 76%  982K 0s
   300K .......... .......... .......... .......... .......... 89%  481K 0s
   350K .......... .......... .......... ..........           100% 1.68M=0.4s

2016-10-07 17:51:00 (932 KB/s) - ‘describe (verb).mp3’ saved [399569/399569]

--2016-10-07 17:51:00--  http://www.voanews.com/MediaAssets2/classroom/interactive_learning/interactive_wordbook/deploy/audio/design%20(verb).mp3
Reusing existing connection to www.voanews.com:80.
HTTP request sent, awaiting response... 200 OK
Length: 78048 (76K) [audio/mpeg]
Saving to: ‘design (verb).mp3’

     0K .......... .......... .......... .......... .......... 65% 1.02M 0s
    50K .......... .......... ......                          100% 1.76M=0.06s

2016-10-07 17:51:01 (1.19 MB/s) - ‘design (verb).mp3’ saved [78048/78048]

--2016-10-07 17:51:01--  http://www.voanews.com/MediaAssets2/classroom/interactive_learning/interactive_wordbook/deploy/audio/desire%20(noun).mp3
Reusing existing connection to www.voanews.com:80.
HTTP request sent, awaiting response... 200 OK
Length: 339383 (331K) [audio/mpeg]
Saving to: ‘desire (noun).mp3’

     0K .......... .......... .......... .......... .......... 15%  919K 0s
    50K .......... .......... .......... .......... .......... 30%  750K 0s
   100K .......... .......... .......... .......... .......... 45%  660K 0s
   150K .......... .......... .......... .......... .......... 60%  850K 0s
   200K .......... .......... .......... .......... .......... 75%  897K 0s
   250K .......... .......... .......... .......... .......... 90% 1008K 0s
   300K .......... .......... .......... .                    100%  279K=0.5s

2016-10-07 17:51:02 (699 KB/s) - ‘desire (noun).mp3’ saved [339383/339383]

--2016-10-07 17:51:02--  http://www.voanews.com/MediaAssets2/classroom/interactive_learning/interactive_wordbook/deploy/audio/destroy%20(verb).mp3
Reusing existing connection to www.voanews.com:80.
HTTP request sent, awaiting response... 200 OK
Length: 368640 (360K) [audio/mpeg]
Saving to: ‘destroy (verb).mp3’

     0K .......... .......... .......... .......... .......... 13%  824K 0s
    50K .......... .......... .......... .......... .......... 27% 1.17M 0s
   100K .......... .......... .......... .......... .......... 41% 1.41M 0s
   150K .......... .......... .......... .......... .......... 55% 1.10M 0s
   200K .......... .......... .......... .......... .......... 69% 1.06M 0s
   250K .......... .......... .......... .......... .......... 83%  834K 0s
   300K .......... .......... .......... .......... .......... 97%  534K 0s
   350K ..........                                            100% 1.73M=0.4s

2016-10-07 17:51:02 (932 KB/s) - ‘destroy (verb).mp3’ saved [368640/368640]

--2016-10-07 17:51:02--  http://www.voanews.com/MediaAssets2/classroom/interactive_learning/interactive_wordbook/deploy/audio/detail%20(noun).mp3
Reusing existing connection to www.voanews.com:80.
HTTP request sent, awaiting response... 200 OK
Length: 382851 (374K) [audio/mpeg]
Saving to: ‘detail (noun).mp3’

     0K .......... .......... .......... .......... .......... 13%  714K 0s
    50K .......... .......... .......... .......... .......... 26% 1.00M 0s
   100K .......... .......... .......... .......... .......... 40%  888K 0s
   150K .......... .......... .......... .......... .......... 53%  958K 0s
   200K .......... .......... .......... .......... .......... 66%  747K 0s
   250K .......... .......... .......... .......... .......... 80%  583K 0s
   300K .......... .......... .......... .......... .......... 93%  928K 0s
   350K .......... .......... ...                             100% 1.13M=0.5s

2016-10-07 17:51:03 (823 KB/s) - ‘detail (noun).mp3’ saved [382851/382851]

--2016-10-07 17:51:03--  http://www.voanews.com/MediaAssets2/classroom/interactive_learning/interactive_wordbook/deploy/audio/diet%20(noun).mp3
Reusing existing connection to www.voanews.com:80.
HTTP request sent, awaiting response... 200 OK
Length: 73296 (72K) [audio/mpeg]
Saving to: ‘diet (noun).mp3’

     0K .......... .......... .......... .......... .......... 69% 1.41M 0s
    50K .......... .......... .                               100% 2.24M=0.04s

2016-10-07 17:51:04 (1.59 MB/s) - ‘diet (noun).mp3’ saved [73296/73296]

--2016-10-07 17:51:04--  http://www.voanews.com/MediaAssets2/classroom/interactive_learning/interactive_wordbook/deploy/audio/dig%20(verb).mp3
Reusing existing connection to www.voanews.com:80.
HTTP request sent, awaiting response... 200 OK
Length: 83088 (81K) [audio/mpeg]
Saving to: ‘dig (verb).mp3’

     0K .......... .......... .......... .......... .......... 61% 1.66M 0s
    50K .......... .......... .......... .                    100%  983K=0.06s

2016-10-07 17:51:04 (1.30 MB/s) - ‘dig (verb).mp3’ saved [83088/83088]

--2016-10-07 17:51:04--  http://www.voanews.com/MediaAssets2/classroom/interactive_learning/interactive_wordbook/deploy/audio/dinner%20(noun).mp3
Reusing existing connection to www.voanews.com:80.
HTTP request sent, awaiting response... 200 OK
Length: 391210 (382K) [audio/mpeg]
Saving to: ‘dinner (noun).mp3’

     0K .......... .......... .......... .......... .......... 13% 2.60M 0s
    50K .......... .......... .......... .......... .......... 26%  523K 0s
   100K .......... .......... .......... .......... .......... 39%  688K 0s
   150K .......... .......... .......... .......... .......... 52% 1.37M 0s
   200K .......... .......... .......... .......... .......... 65% 1011K 0s
   250K .......... .......... .......... .......... .......... 78% 1.01M 0s
   300K .......... .......... .......... .......... .......... 91% 2.06M 0s
   350K .......... .......... .......... ..                   100% 1.15M=0.4s

2016-10-07 17:51:05 (1.00 MB/s) - ‘dinner (noun).mp3’ saved [391210/391210]

--2016-10-07 17:51:05--  http://www.voanews.com/MediaAssets2/classroom/interactive_learning/interactive_wordbook/deploy/audio/direct%20(verb).mp3
Reusing existing connection to www.voanews.com:80.
HTTP request sent, awaiting response... 200 OK
Length: 76176 (74K) [audio/mpeg]
Saving to: ‘direct (verb).mp3’

     0K .......... .......... .......... .......... .......... 67% 1.10M 0s
    50K .......... .......... ....                            100% 3.16M=0.05s

2016-10-07 17:51:05 (1.40 MB/s) - ‘direct (verb).mp3’ saved [76176/76176]

--2016-10-07 17:51:05--  http://www.voanews.com/MediaAssets2/classroom/interactive_learning/interactive_wordbook/deploy/audio/direction%20(noun).mp3
Reusing existing connection to www.voanews.com:80.
HTTP request sent, awaiting response... 200 OK
Length: 104976 (103K) [audio/mpeg]
Saving to: ‘direction (noun).mp3’

     0K .......... .......... .......... .......... .......... 48%  591K 0s
    50K .......... .......... .......... .......... .......... 97%  581K 0s
   100K ..                                                    100% 2.00M=0.2s

2016-10-07 17:51:06 (596 KB/s) - ‘direction (noun).mp3’ saved [104976/104976]

--2016-10-07 17:51:06--  http://www.voanews.com/MediaAssets2/classroom/interactive_learning/interactive_wordbook/deploy/audio/direction%20(guidance)%20(noun).mp3
Reusing existing connection to www.voanews.com:80.
HTTP request sent, awaiting response... 200 OK
Length: 399569 (390K) [audio/mpeg]
Saving to: ‘direction (guidance) (noun).mp3’

     0K .......... .......... .......... .......... .......... 12%  865K 0s
    50K .......... .......... .......... .......... .......... 25%  905K 0s
   100K .......... .......... .......... .......... .......... 38%  829K 0s
   150K .......... .......... .......... .......... .......... 51%  857K 0s
   200K .......... .......... .......... .......... .......... 64%  790K 0s
   250K .......... .......... .......... .......... .......... 76%  504K 0s
   300K .......... .......... .......... .......... .......... 89%  876K 0s
   350K .......... .......... .......... ..........           100%  630K=0.5s

2016-10-07 17:51:06 (757 KB/s) - ‘direction (guidance) (noun).mp3’ saved [399569/399569]

--2016-10-07 17:51:06--  http://www.voanews.com/MediaAssets2/classroom/interactive_learning/interactive_wordbook/deploy/audio/disappear%20(verb).mp3
Reusing existing connection to www.voanews.com:80.
HTTP request sent, awaiting response... 200 OK
Length: 307200 (300K) [audio/mpeg]
Saving to: ‘disappear (verb).mp3’

     0K .......... .......... .......... .......... .......... 16%  752K 0s
    50K .......... .......... .......... .......... .......... 33%  715K 0s
   100K .......... .......... .......... .......... .......... 50%  753K 0s
   150K .......... .......... .......... .......... .......... 66%  693K 0s
   200K .......... .......... .......... .......... .......... 83%  751K 0s
   250K .......... .......... .......... .......... ..........100%  931K 0s
   300K                                                       100% 0.00 =0.4s

2016-10-07 17:51:07 (759 KB/s) - ‘disappear (verb).mp3’ saved [307200/307200]

--2016-10-07 17:51:07--  http://www.voanews.com/MediaAssets2/classroom/interactive_learning/interactive_wordbook/deploy/audio/disaster%20(noun).mp3
Reusing existing connection to www.voanews.com:80.
HTTP request sent, awaiting response... 200 OK
Length: 405420 (396K) [audio/mpeg]
Saving to: ‘disaster (noun).mp3’

     0K .......... .......... .......... .......... .......... 12%  974K 0s
    50K .......... .......... .......... .......... .......... 25%  883K 0s
   100K .......... .......... .......... .......... .......... 37% 1.18M 0s
   150K .......... .......... .......... .......... .......... 50% 1.42M 0s
   200K .......... .......... .......... .......... .......... 63% 1.18M 0s
   250K .......... .......... .......... .......... .......... 75% 1.28M 0s
   300K .......... .......... .......... .......... .......... 88%  831K 0s
   350K .......... .......... .......... .......... .....     100% 1.22M=0.4s

2016-10-07 17:51:08 (1.07 MB/s) - ‘disaster (noun).mp3’ saved [405420/405420]

--2016-10-07 17:51:08--  http://www.voanews.com/MediaAssets2/classroom/interactive_learning/interactive_wordbook/deploy/audio/discover%20(verb).mp3
Reusing existing connection to www.voanews.com:80.
HTTP request sent, awaiting response... 200 OK
Length: 375745 (367K) [audio/mpeg]
Saving to: ‘discover (verb).mp3’

     0K .......... .......... .......... .......... .......... 13% 1.12M 0s
    50K .......... .......... .......... .......... .......... 27% 1.20M 0s
   100K .......... .......... .......... .......... .......... 40% 1.34M 0s
   150K .......... .......... .......... .......... .......... 54%  796K 0s
   200K .......... .......... .......... .......... .......... 68% 1.58M 0s
   250K .......... .......... .......... .......... .......... 81%  841K 0s
   300K .......... .......... .......... .......... .......... 95%  661K 0s
   350K .......... ......                                     100% 3.67M=0.4s

2016-10-07 17:51:09 (1.01 MB/s) - ‘discover (verb).mp3’ saved [375745/375745]

--2016-10-07 17:51:09--  http://www.voanews.com/MediaAssets2/classroom/interactive_learning/interactive_wordbook/deploy/audio/discuss%20(verb).mp3
Reusing existing connection to www.voanews.com:80.
HTTP request sent, awaiting response... 200 OK
Length: 311798 (304K) [audio/mpeg]
Saving to: ‘discuss (verb).mp3’

     0K .......... .......... .......... .......... .......... 16%  916K 0s
    50K .......... .......... .......... .......... .......... 32%  784K 0s
   100K .......... .......... .......... .......... .......... 49%  788K 0s
   150K .......... .......... .......... .......... .......... 65% 1.17M 0s
   200K .......... .......... .......... .......... .......... 82%  637K 0s
   250K .......... .......... .......... .......... .......... 98% 1.41M 0s
   300K ....                                                  100% 3.54M=0.3s

2016-10-07 17:51:09 (901 KB/s) - ‘discuss (verb).mp3’ saved [311798/311798]

--2016-10-07 17:51:09--  http://www.voanews.com/MediaAssets2/classroom/interactive_learning/interactive_wordbook/deploy/audio/disease%20(noun).mp3
Reusing existing connection to www.voanews.com:80.
HTTP request sent, awaiting response... 200 OK
Length: 436767 (427K) [audio/mpeg]
Saving to: ‘disease (noun).mp3’

     0K .......... .......... .......... .......... .......... 11% 1.27M 0s
    50K .......... .......... .......... .......... .......... 23% 1.40M 0s
   100K .......... .......... .......... .......... .......... 35% 1.64M 0s
   150K .......... .......... .......... .......... .......... 46%  200K 0s
   200K .......... .......... .......... .......... .......... 58% 1.20M 0s
   250K .......... .......... .......... .......... .......... 70%  812K 0s
   300K .......... .......... .......... .......... .......... 82% 1.48M 0s
   350K .......... .......... .......... .......... .......... 93% 4.68M 0s
   400K .......... .......... ......                          100%  966K=0.5s

2016-10-07 17:51:10 (812 KB/s) - ‘disease (noun).mp3’ saved [436767/436767]

--2016-10-07 17:51:10--  http://www.voanews.com/MediaAssets2/classroom/interactive_learning/interactive_wordbook/deploy/audio/dismiss%20(verb).mp3
Reusing existing connection to www.voanews.com:80.
HTTP request sent, awaiting response... 200 OK
Length: 109152 (107K) [audio/mpeg]
Saving to: ‘dismiss (verb).mp3’

     0K .......... .......... .......... .......... .......... 46% 7.99M 0s
    50K .......... .......... .......... .......... .......... 93% 1.78M 0s
   100K ......                                                100%  313K=0.05s

2016-10-07 17:51:11 (1.91 MB/s) - ‘dismiss (verb).mp3’ saved [109152/109152]

--2016-10-07 17:51:11--  http://www.voanews.com/MediaAssets2/classroom/interactive_learning/interactive_wordbook/deploy/audio/dispute%20(noun).mp3
Reusing existing connection to www.voanews.com:80.
HTTP request sent, awaiting response... 200 OK
Length: 358609 (350K) [audio/mpeg]
Saving to: ‘dispute (noun).mp3’

     0K .......... .......... .......... .......... .......... 14% 1.62M 0s
    50K .......... .......... .......... .......... .......... 28% 1.18M 0s
   100K .......... .......... .......... .......... .......... 42%  900K 0s
   150K .......... .......... .......... .......... .......... 57%  958K 0s
   200K .......... .......... .......... .......... .......... 71%  416K 0s
   250K .......... .......... .......... .......... .......... 85%  610K 0s
   300K .......... .......... .......... .......... .......... 99%  868K 0s
   350K                                                       100%  389G=0.4s

2016-10-07 17:51:12 (798 KB/s) - ‘dispute (noun).mp3’ saved [358609/358609]

--2016-10-07 17:51:12--  http://www.voanews.com/MediaAssets2/classroom/interactive_learning/interactive_wordbook/deploy/audio/distance%20(noun).mp3
Reusing existing connection to www.voanews.com:80.
HTTP request sent, awaiting response... 200 OK
Length: 120816 (118K) [audio/mpeg]
Saving to: ‘distance (noun).mp3’

     0K .......... .......... .......... .......... .......... 42%  972K 0s
    50K .......... .......... .......... .......... .......... 84%  858K 0s
   100K .......... .......                                    100% 1.39M=0.1s

2016-10-07 17:51:12 (964 KB/s) - ‘distance (noun).mp3’ saved [120816/120816]

--2016-10-07 17:51:12--  http://www.voanews.com/MediaAssets2/classroom/interactive_learning/interactive_wordbook/deploy/audio/dive%20(verb).mp3
Reusing existing connection to www.voanews.com:80.
HTTP request sent, awaiting response... 200 OK
Length: 75744 (74K) [audio/mpeg]
Saving to: ‘dive (verb).mp3’

     0K .......... .......... .......... .......... .......... 67%  879K 0s
    50K .......... .......... ...                             100% 1.25M=0.08s

2016-10-07 17:51:13 (978 KB/s) - ‘dive (verb).mp3’ saved [75744/75744]

--2016-10-07 17:51:13--  http://www.voanews.com/MediaAssets2/classroom/interactive_learning/interactive_wordbook/deploy/audio/divide%20(verb).mp3
Reusing existing connection to www.voanews.com:80.
HTTP request sent, awaiting response... 200 OK
Length: 340637 (333K) [audio/mpeg]
Saving to: ‘divide (verb).mp3’

     0K .......... .......... .......... .......... .......... 15%  881K 0s
    50K .......... .......... .......... .......... .......... 30%  619K 0s
   100K .......... .......... .......... .......... .......... 45%  900K 0s
   150K .......... .......... .......... .......... .......... 60%  743K 0s
   200K .......... .......... .......... .......... .......... 75%  984K 0s
   250K .......... .......... .......... .......... .......... 90%  916K 0s
   300K .......... .......... .......... ..                   100%  924K=0.4s

2016-10-07 17:51:14 (829 KB/s) - ‘divide (verb).mp3’ saved [340637/340637]

--2016-10-07 17:51:14--  http://www.voanews.com/MediaAssets2/classroom/interactive_learning/interactive_wordbook/deploy/audio/doctor%20(noun).mp3
Reusing existing connection to www.voanews.com:80.
HTTP request sent, awaiting response... 200 OK
Length: 78912 (77K) [audio/mpeg]
Saving to: ‘doctor (noun).mp3’

     0K .......... .......... .......... .......... .......... 64%  869K 0s
    50K .......... .......... .......                         100% 1.38M=0.08s

2016-10-07 17:51:14 (1005 KB/s) - ‘doctor (noun).mp3’ saved [78912/78912]

--2016-10-07 17:51:14--  http://www.voanews.com/MediaAssets2/classroom/interactive_learning/interactive_wordbook/deploy/audio/document%20(noun).mp3
Reusing existing connection to www.voanews.com:80.
HTTP request sent, awaiting response... 200 OK
Length: 365296 (357K) [audio/mpeg]
Saving to: ‘document (noun).mp3’

     0K .......... .......... .......... .......... .......... 14% 1.01M 0s
    50K .......... .......... .......... .......... .......... 28% 1.12M 0s
   100K .......... .......... .......... .......... .......... 42% 1.23M 0s
   150K .......... .......... .......... .......... .......... 56% 1.14M 0s
   200K .......... .......... .......... .......... .......... 70% 1.34M 0s
   250K .......... .......... .......... .......... .......... 84% 1.68M 0s
   300K .......... .......... .......... .......... .......... 98%  670K 0s
   350K ......                                                100% 9.36M=0.3s

2016-10-07 17:51:15 (1.11 MB/s) - ‘document (noun).mp3’ saved [365296/365296]

--2016-10-07 17:51:15--  http://www.voanews.com/MediaAssets2/classroom/interactive_learning/interactive_wordbook/deploy/audio/donate%20(verb).mp3
Reusing existing connection to www.voanews.com:80.
HTTP request sent, awaiting response... 200 OK
Length: 421721 (412K) [audio/mpeg]
Saving to: ‘donate (verb).mp3’

     0K .......... .......... .......... .......... .......... 12% 1.54M 0s
    50K .......... .......... .......... .......... .......... 24% 1.26M 0s
   100K .......... .......... .......... .......... .......... 36%  884K 0s
   150K .......... .......... .......... .......... .......... 48% 1.77M 0s
   200K .......... .......... .......... .......... .......... 60%  935K 0s
   250K .......... .......... .......... .......... .......... 72%  745K 0s
   300K .......... .......... .......... .......... .......... 84%  696K 0s
   350K .......... .......... .......... .......... .......... 97%  786K 0s
   400K .......... .                                          100% 1.45M=0.4s

2016-10-07 17:51:15 (984 KB/s) - ‘donate (verb).mp3’ saved [421721/421721]

--2016-10-07 17:51:15--  http://www.voanews.com/MediaAssets2/classroom/interactive_learning/interactive_wordbook/deploy/audio/double%20(verb).mp3
Reusing existing connection to www.voanews.com:80.
HTTP request sent, awaiting response... 200 OK
Length: 341891 (334K) [audio/mpeg]
Saving to: ‘double (verb).mp3’

     0K .......... .......... .......... .......... .......... 14%  652K 0s
    50K .......... .......... .......... .......... .......... 29%  896K 0s
   100K .......... .......... .......... .......... .......... 44%  592K 0s
   150K .......... .......... .......... .......... .......... 59%  644K 0s
   200K .......... .......... .......... .......... .......... 74%  944K 0s
   250K .......... .......... .......... .......... .......... 89%  388K 0s
   300K .......... .......... .......... ...                  100%  348K=0.6s

2016-10-07 17:51:16 (582 KB/s) - ‘double (verb).mp3’ saved [341891/341891]

--2016-10-07 17:51:16--  http://www.voanews.com/MediaAssets2/classroom/interactive_learning/interactive_wordbook/deploy/audio/dream%20(noun).mp3
Reusing existing connection to www.voanews.com:80.
HTTP request sent, awaiting response... 200 OK
Length: 128592 (126K) [audio/mpeg]
Saving to: ‘dream (noun).mp3’

     0K .......... .......... .......... .......... .......... 39%  501K 0s
    50K .......... .......... .......... .......... .......... 79%  392K 0s
   100K .......... .......... .....                           100%  557K=0.3s

2016-10-07 17:51:17 (459 KB/s) - ‘dream (noun).mp3’ saved [128592/128592]

--2016-10-07 17:51:17--  http://www.voanews.com/MediaAssets2/classroom/interactive_learning/interactive_wordbook/deploy/audio/drown%20(verb).mp3
Reusing existing connection to www.voanews.com:80.
HTTP request sent, awaiting response... 200 OK
Length: 68976 (67K) [audio/mpeg]
Saving to: ‘drown (verb).mp3’

     0K .......... .......... .......... .......... .......... 74%  649K 0s
    50K .......... .......                                    100%  703K=0.1s

2016-10-07 17:51:17 (662 KB/s) - ‘drown (verb).mp3’ saved [68976/68976]

--2016-10-07 17:51:17--  http://www.voanews.com/MediaAssets2/classroom/interactive_learning/interactive_wordbook/deploy/audio/drug%20(noun).mp3
Reusing existing connection to www.voanews.com:80.
HTTP request sent, awaiting response... 200 OK
Length: 445544 (435K) [audio/mpeg]
Saving to: ‘drug (noun).mp3’

     0K .......... .......... .......... .......... .......... 11%  907K 0s
    50K .......... .......... .......... .......... .......... 22%  975K 0s
   100K .......... .......... .......... .......... .......... 34%  927K 0s
   150K .......... .......... .......... .......... .......... 45%  725K 0s
   200K .......... .......... .......... .......... .......... 57%  865K 0s
   250K .......... .......... .......... .......... .......... 68% 1.01M 0s
   300K .......... .......... .......... .......... .......... 80% 1.49M 0s
   350K .......... .......... .......... .......... .......... 91%  758K 0s
   400K .......... .......... .......... .....                100%  971K=0.5s

2016-10-07 17:51:18 (926 KB/s) - ‘drug (noun).mp3’ saved [445544/445544]

--2016-10-07 17:51:18--  http://www.voanews.com/MediaAssets2/classroom/interactive_learning/interactive_wordbook/deploy/audio/dry%20(adjective).mp3
Reusing existing connection to www.voanews.com:80.
HTTP request sent, awaiting response... 200 OK
Length: 76464 (75K) [audio/mpeg]
Saving to: ‘dry (adjective).mp3’

     0K .......... .......... .......... .......... .......... 66%  903K 0s
    50K .......... .......... ....                            100%  895K=0.08s

2016-10-07 17:51:19 (900 KB/s) - ‘dry (adjective).mp3’ saved [76464/76464]

--2016-10-07 17:51:19--  http://www.voanews.com/MediaAssets2/classroom/interactive_learning/interactive_wordbook/deploy/audio/during%20(preposition).mp3
Reusing existing connection to www.voanews.com:80.
HTTP request sent, awaiting response... 200 OK
Length: 351504 (343K) [audio/mpeg]
Saving to: ‘during (preposition).mp3’

     0K .......... .......... .......... .......... .......... 14%  822K 0s
    50K .......... .......... .......... .......... .......... 29%  709K 0s
   100K .......... .......... .......... .......... .......... 43%  838K 0s
   150K .......... .......... .......... .......... .......... 58%  959K 0s
   200K .......... .......... .......... .......... .......... 72%  996K 0s
   250K .......... .......... .......... .......... .......... 87%  958K 0s
   300K .......... .......... .......... .......... ...       100%  862K=0.4s

2016-10-07 17:51:20 (867 KB/s) - ‘during (preposition).mp3’ saved [351504/351504]

--2016-10-07 17:51:20--  http://www.voanews.com/MediaAssets2/classroom/interactive_learning/interactive_wordbook/deploy/audio/dust%20(noun).mp3
Reusing existing connection to www.voanews.com:80.
HTTP request sent, awaiting response... 200 OK
Length: 92016 (90K) [audio/mpeg]
Saving to: ‘dust (noun).mp3’

     0K .......... .......... .......... .......... .......... 55% 1.82M 0s
    50K .......... .......... .......... .........            100% 1.17M=0.06s

2016-10-07 17:51:20 (1.46 MB/s) - ‘dust (noun).mp3’ saved [92016/92016]

--2016-10-07 17:51:20--  http://www.voanews.com/MediaAssets2/classroom/interactive_learning/interactive_wordbook/deploy/audio/early(adjective).mp3
Reusing existing connection to www.voanews.com:80.
HTTP request sent, awaiting response... 200 OK
Length: 374073 (365K) [audio/mpeg]
Saving to: ‘early(adjective).mp3’

     0K .......... .......... .......... .......... .......... 13% 1.78M 0s
    50K .......... .......... .......... .......... .......... 27%  766K 0s
   100K .......... .......... .......... .......... .......... 41% 1.37M 0s
   150K .......... .......... .......... .......... .......... 54% 1.70M 0s
   200K .......... .......... .......... .......... .......... 68% 1.25M 0s
   250K .......... .......... .......... .......... .......... 82% 1.04M 0s
   300K .......... .......... .......... .......... .......... 95% 1.01M 0s
   350K .......... .....                                      100% 3.07M=0.3s

2016-10-07 17:51:20 (1.21 MB/s) - ‘early(adjective).mp3’ saved [374073/374073]

--2016-10-07 17:51:20--  http://www.voanews.com/MediaAssets2/classroom/interactive_learning/interactive_wordbook/deploy/audio/early(adverb).mp3
Reusing existing connection to www.voanews.com:80.
HTTP request sent, awaiting response... 200 OK
Length: 366132 (358K) [audio/mpeg]
Saving to: ‘early(adverb).mp3’

     0K .......... .......... .......... .......... .......... 13% 2.59M 0s
    50K .......... .......... .......... .......... .......... 27%  917K 0s
   100K .......... .......... .......... .......... .......... 41% 1.17M 0s
   150K .......... .......... .......... .......... .......... 55%  839K 0s
   200K .......... .......... .......... .......... .......... 69% 1.18M 0s
   250K .......... .......... .......... .......... .......... 83%  248K 0s
   300K .......... .......... .......... .......... .......... 97%  670K 0s
   350K .......                                               100% 1.78M=0.5s

2016-10-07 17:51:21 (720 KB/s) - ‘early(adverb).mp3’ saved [366132/366132]

--2016-10-07 17:51:21--  http://www.voanews.com/MediaAssets2/classroom/interactive_learning/interactive_wordbook/deploy/audio/earn%20(verb).mp3
Reusing existing connection to www.voanews.com:80.
HTTP request sent, awaiting response... 200 OK
Length: 318485 (311K) [audio/mpeg]
Saving to: ‘earn (verb).mp3’

     0K .......... .......... .......... .......... .......... 16% 1.53M 0s
    50K .......... .......... .......... .......... .......... 32%  831K 0s
   100K .......... .......... .......... .......... .......... 48%  412K 0s
   150K .......... .......... .......... .......... .......... 64% 1.02M 0s
   200K .......... .......... .......... .......... .......... 80%  532K 0s
   250K .......... .......... .......... .......... .......... 96%  599K 0s
   300K .......... .                                          100% 8.76M=0.4s

2016-10-07 17:51:22 (707 KB/s) - ‘earn (verb).mp3’ saved [318485/318485]

--2016-10-07 17:51:22--  http://www.voanews.com/MediaAssets2/classroom/interactive_learning/interactive_wordbook/deploy/audio/earth%20(noun).mp3
Reusing existing connection to www.voanews.com:80.
HTTP request sent, awaiting response... 200 OK
Length: 405420 (396K) [audio/mpeg]
Saving to: ‘earth (noun).mp3’

     0K .......... .......... .......... .......... .......... 12%  463K 1s
    50K .......... .......... .......... .......... .......... 25%  982K 0s
   100K .......... .......... .......... .......... .......... 37%  775K 0s
   150K .......... .......... .......... .......... .......... 50% 1016K 0s
   200K .......... .......... .......... .......... .......... 63% 1.15M 0s
   250K .......... .......... .......... .......... .......... 75%  687K 0s
   300K .......... .......... .......... .......... .......... 88%  783K 0s
   350K .......... .......... .......... .......... .....     100% 1.47M=0.5s

2016-10-07 17:51:23 (821 KB/s) - ‘earth (noun).mp3’ saved [405420/405420]

--2016-10-07 17:51:23--  http://www.voanews.com/MediaAssets2/classroom/interactive_learning/interactive_wordbook/deploy/audio/earthquake%20(noun).mp3
Reusing existing connection to www.voanews.com:80.
HTTP request sent, awaiting response... 200 OK
Length: 311798 (304K) [audio/mpeg]
Saving to: ‘earthquake (noun).mp3’

     0K .......... .......... .......... .......... .......... 16% 1.08M 0s
    50K .......... .......... .......... .......... .......... 32%  786K 0s
   100K .......... .......... .......... .......... .......... 49%  993K 0s
   150K .......... .......... .......... .......... .......... 65% 1.01M 0s
   200K .......... .......... .......... .......... .......... 82% 1.02M 0s
   250K .......... .......... .......... .......... .......... 98% 1.05M 0s
   300K ....                                                  100% 2.60M=0.3s

2016-10-07 17:51:23 (1004 KB/s) - ‘earthquake (noun).mp3’ saved [311798/311798]

--2016-10-07 17:51:23--  http://www.voanews.com/MediaAssets2/classroom/interactive_learning/interactive_wordbook/deploy/audio/ecology%20(noun).mp3
Reusing existing connection to www.voanews.com:80.
HTTP request sent, awaiting response... 200 OK
Length: 398733 (389K) [audio/mpeg]
Saving to: ‘ecology (noun).mp3’

     0K .......... .......... .......... .......... .......... 12% 1.90M 0s
    50K .......... .......... .......... .......... .......... 25%  755K 0s
   100K .......... .......... .......... .......... .......... 38% 1.19M 0s
   150K .......... .......... .......... .......... .......... 51%  818K 0s
   200K .......... .......... .......... .......... .......... 64% 1.14M 0s
   250K .......... .......... .......... .......... .......... 77%  824K 0s
   300K .......... .......... .......... .......... .......... 89% 1.20M 0s
   350K .......... .......... .......... .........            100% 1.92M=0.4s

2016-10-07 17:51:24 (1.06 MB/s) - ‘ecology (noun).mp3’ saved [398733/398733]

--2016-10-07 17:51:24--  http://www.voanews.com/MediaAssets2/classroom/interactive_learning/interactive_wordbook/deploy/audio/economy%20(noun).mp3
Reusing existing connection to www.voanews.com:80.
HTTP request sent, awaiting response... 200 OK
Length: 503641 (492K) [audio/mpeg]
Saving to: ‘economy (noun).mp3’

     0K .......... .......... .......... .......... .......... 10% 1.17M 0s
    50K .......... .......... .......... .......... .......... 20% 1.15M 0s
   100K .......... .......... .......... .......... .......... 30% 1.02M 0s
   150K .......... .......... .......... .......... .......... 40% 1.08M 0s
   200K .......... .......... .......... .......... .......... 50%  483K 0s
   250K .......... .......... .......... .......... .......... 60%  989K 0s
   300K .......... .......... .......... .......... .......... 71% 1.07M 0s
   350K .......... .......... .......... .......... .......... 81% 1.58M 0s
   400K .......... .......... .......... .......... .......... 91% 1.31M 0s
   450K .......... .......... .......... .......... .         100% 1.01M=0.5s

2016-10-07 17:51:25 (1013 KB/s) - ‘economy (noun).mp3’ saved [503641/503641]

--2016-10-07 17:51:25--  http://www.voanews.com/MediaAssets2/classroom/interactive_learning/interactive_wordbook/deploy/audio/economy%20(adjective).mp3
Reusing existing connection to www.voanews.com:80.
HTTP request sent, awaiting response... 200 OK
Length: 384940 (376K) [audio/mpeg]
Saving to: ‘economy (adjective).mp3’

     0K .......... .......... .......... .......... .......... 13%  715K 0s
    50K .......... .......... .......... .......... .......... 26% 1.43M 0s
   100K .......... .......... .......... .......... .......... 39%  652K 0s
   150K .......... .......... .......... .......... .......... 53%  756K 0s
   200K .......... .......... .......... .......... .......... 66% 1.38M 0s
   250K .......... .......... .......... .......... .......... 79%  884K 0s
   300K .......... .......... .......... .......... .......... 93%  870K 0s
   350K .......... .......... .....                           100%  367K=0.5s

2016-10-07 17:51:26 (805 KB/s) - ‘economy (adjective).mp3’ saved [384940/384940]

--2016-10-07 17:51:26--  http://www.voanews.com/MediaAssets2/classroom/interactive_learning/interactive_wordbook/deploy/audio/education%20(noun).mp3
Reusing existing connection to www.voanews.com:80.
HTTP request sent, awaiting response... 200 OK
Length: 407510 (398K) [audio/mpeg]
Saving to: ‘education (noun).mp3’

     0K .......... .......... .......... .......... .......... 12%  907K 0s
    50K .......... .......... .......... .......... .......... 25% 1.14M 0s
   100K .......... .......... .......... .......... .......... 37%  776K 0s
   150K .......... .......... .......... .......... .......... 50% 1.15M 0s
   200K .......... .......... .......... .......... .......... 62%  966K 0s
   250K .......... .......... .......... .......... .......... 75%  976K 0s
   300K .......... .......... .......... .......... .......... 87%  827K 0s
   350K .......... .......... .......... .......... .......   100% 1.20M=0.4s

2016-10-07 17:51:27 (977 KB/s) - ‘education (noun).mp3’ saved [407510/407510]

--2016-10-07 17:51:27--  http://www.voanews.com/MediaAssets2/classroom/interactive_learning/interactive_wordbook/deploy/audio/effort(noun).mp3
Reusing existing connection to www.voanews.com:80.
HTTP request sent, awaiting response... 200 OK
Length: 330188 (322K) [audio/mpeg]
Saving to: ‘effort(noun).mp3’

     0K .......... .......... .......... .......... .......... 15% 1.04M 0s
    50K .......... .......... .......... .......... .......... 31%  817K 0s
   100K .......... .......... .......... .......... .......... 46% 1.20M 0s
   150K .......... .......... .......... .......... .......... 62% 1.23M 0s
   200K .......... .......... .......... .......... .......... 77% 1.02M 0s
   250K .......... .......... .......... .......... .......... 93%  861K 0s
   300K .......... .......... ..                              100% 9.27M=0.3s

2016-10-07 17:51:27 (1.06 MB/s) - ‘effort(noun).mp3’ saved [330188/330188]

--2016-10-07 17:51:27--  http://www.voanews.com/MediaAssets2/classroom/interactive_learning/interactive_wordbook/deploy/audio/egg(noun).mp3
Reusing existing connection to www.voanews.com:80.
HTTP request sent, awaiting response... 200 OK
Length: 425900 (416K) [audio/mpeg]
Saving to: ‘egg(noun).mp3’

     0K .......... .......... .......... .......... .......... 12% 2.59M 0s
    50K .......... .......... .......... .......... .......... 24% 1.33M 0s
   100K .......... .......... .......... .......... .......... 36% 1.28M 0s
   150K .......... .......... .......... .......... .......... 48%  794K 0s
   200K .......... .......... .......... .......... .......... 60% 1.12M 0s
   250K .......... .......... .......... .......... .......... 72% 1.54M 0s
   300K .......... .......... .......... .......... .......... 84%  943K 0s
   350K .......... .......... .......... .......... .......... 96% 1.03M 0s
   400K .......... .....                                      100% 3.26M=0.3s

2016-10-07 17:51:28 (1.20 MB/s) - ‘egg(noun).mp3’ saved [425900/425900]

--2016-10-07 17:51:28--  http://www.voanews.com/MediaAssets2/classroom/interactive_learning/interactive_wordbook/deploy/audio/elect%20(verb).mp3
Reusing existing connection to www.voanews.com:80.
HTTP request sent, awaiting response... 200 OK
Length: 359445 (351K) [audio/mpeg]
Saving to: ‘elect (verb).mp3’

     0K .......... .......... .......... .......... .......... 14% 1.85M 0s
    50K .......... .......... .......... .......... .......... 28% 1.34M 0s
   100K .......... .......... .......... .......... .......... 42%  877K 0s
   150K .......... .......... .......... .......... .......... 56% 1.10M 0s
   200K .......... .......... .......... .......... .......... 71% 2.16M 0s
   250K .......... .......... .......... .......... .......... 85%  146K 0s
   300K .......... .......... .......... .......... .......... 99% 1.37M 0s
   350K .                                                     100% 1946G=0.6s

2016-10-07 17:51:29 (621 KB/s) - ‘elect (verb).mp3’ saved [359445/359445]

--2016-10-07 17:51:29--  http://www.voanews.com/MediaAssets2/classroom/interactive_learning/interactive_wordbook/deploy/audio/electricity(noun).mp3
Reusing existing connection to www.voanews.com:80.
HTTP request sent, awaiting response... 200 OK
Length: 464771 (454K) [audio/mpeg]
Saving to: ‘electricity(noun).mp3’

     0K .......... .......... .......... .......... .......... 11% 1.55M 0s
    50K .......... .......... .......... .......... .......... 22% 1.32M 0s
   100K .......... .......... .......... .......... .......... 33% 4.69M 0s
   150K .......... .......... .......... .......... .......... 44% 1.76M 0s
   200K .......... .......... .......... .......... .......... 55%  742K 0s
   250K .......... .......... .......... .......... .......... 66% 6.08M 0s
   300K .......... .......... .......... .......... .......... 77%  878K 0s
   350K .......... .......... .......... .......... .......... 88% 3.34M 0s
   400K .......... .......... .......... .......... .......... 99% 1.68M 0s
   450K ...                                                   100% 3.64M=0.3s

2016-10-07 17:51:29 (1.56 MB/s) - ‘electricity(noun).mp3’ saved [464771/464771]

--2016-10-07 17:51:29--  http://www.voanews.com/MediaAssets2/classroom/interactive_learning/interactive_wordbook/deploy/audio/emergency(noun).mp3
Reusing existing connection to www.voanews.com:80.
HTTP request sent, awaiting response... 200 OK
Length: 369894 (361K) [audio/mpeg]
Saving to: ‘emergency(noun).mp3’

     0K .......... .......... .......... .......... .......... 13%  876K 0s
    50K .......... .......... .......... .......... .......... 27%  588K 0s
   100K .......... .......... .......... .......... .......... 41% 1.19M 0s
   150K .......... .......... .......... .......... .......... 55%  957K 0s
   200K .......... .......... .......... .......... .......... 69% 1.06M 0s
   250K .......... .......... .......... .......... .......... 83%  850K 0s
   300K .......... .......... .......... .......... .......... 96% 1.18M 0s
   350K .......... .                                          100% 1.65M=0.4s

2016-10-07 17:51:30 (931 KB/s) - ‘emergency(noun).mp3’ saved [369894/369894]

--2016-10-07 17:51:30--  http://www.voanews.com/MediaAssets2/classroom/interactive_learning/interactive_wordbook/deploy/audio/emergency(adjective).mp3
Reusing existing connection to www.voanews.com:80.
HTTP request sent, awaiting response... 200 OK
Length: 343562 (336K) [audio/mpeg]
Saving to: ‘emergency(adjective).mp3’

     0K .......... .......... .......... .......... .......... 14% 1004K 0s
    50K .......... .......... .......... .......... .......... 29% 1.01M 0s
   100K .......... .......... .......... .......... .......... 44%  538K 0s
   150K .......... .......... .......... .......... .......... 59%  811K 0s
   200K .......... .......... .......... .......... .......... 74% 1.03M 0s
   250K .......... .......... .......... .......... .......... 89%  838K 0s
   300K .......... .......... .......... .....                100%  807K=0.4s

2016-10-07 17:51:31 (831 KB/s) - ‘emergency(adjective).mp3’ saved [343562/343562]

--2016-10-07 17:51:31--  http://www.voanews.com/MediaAssets2/classroom/interactive_learning/interactive_wordbook/deploy/audio/emotion(noun).mp3
Reusing existing connection to www.voanews.com:80.
HTTP request sent, awaiting response... 200 OK
Length: 423811 (414K) [audio/mpeg]
Saving to: ‘emotion(noun).mp3’

     0K .......... .......... .......... .......... .......... 12%  844K 0s
    50K .......... .......... .......... .......... .......... 24% 1.08M 0s
   100K .......... .......... .......... .......... .......... 36%  521K 0s
   150K .......... .......... .......... .......... .......... 48% 1004K 0s
   200K .......... .......... .......... .......... .......... 60%  461K 0s
   250K .......... .......... .......... .......... .......... 72%  468K 0s
   300K .......... .......... .......... .......... .......... 84%  665K 0s
   350K .......... .......... .......... .......... .......... 96%  948K 0s
   400K .......... ...                                        100%  964K=0.6s

2016-10-07 17:51:32 (681 KB/s) - ‘emotion(noun).mp3’ saved [423811/423811]

--2016-10-07 17:51:32--  http://www.voanews.com/MediaAssets2/classroom/interactive_learning/interactive_wordbook/deploy/audio/employ%20(verb).mp3
Reusing existing connection to www.voanews.com:80.
HTTP request sent, awaiting response... 200 OK
Length: 374073 (365K) [audio/mpeg]
Saving to: ‘employ (verb).mp3’

     0K .......... .......... .......... .......... .......... 13%  915K 0s
    50K .......... .......... .......... .......... .......... 27% 1.06M 0s
   100K .......... .......... .......... .......... .......... 41%  717K 0s
   150K .......... .......... .......... .......... .......... 54%  705K 0s
   200K .......... .......... .......... .......... .......... 68%  830K 0s
   250K .......... .......... .......... .......... .......... 82%  672K 0s
   300K .......... .......... .......... .......... .......... 95%  631K 0s
   350K .......... .....                                      100%  453K=0.5s

2016-10-07 17:51:33 (747 KB/s) - ‘employ (verb).mp3’ saved [374073/374073]

--2016-10-07 17:51:33--  http://www.voanews.com/MediaAssets2/classroom/interactive_learning/interactive_wordbook/deploy/audio/empty%20(verb).mp3
Reusing existing connection to www.voanews.com:80.
HTTP request sent, awaiting response... 200 OK
Length: 376999 (368K) [audio/mpeg]
Saving to: ‘empty (verb).mp3’

     0K .......... .......... .......... .......... .......... 13%  730K 0s
    50K .......... .......... .......... .......... .......... 27%  893K 0s
   100K .......... .......... .......... .......... .......... 40%  835K 0s
   150K .......... .......... .......... .......... .......... 54%  894K 0s
   200K .......... .......... .......... .......... .......... 67%  798K 0s
   250K .......... .......... .......... .......... .......... 81%  924K 0s
   300K .......... .......... .......... .......... .......... 95%  663K 0s
   350K .......... ........                                   100% 1.49M=0.4s

2016-10-07 17:51:34 (829 KB/s) - ‘empty (verb).mp3’ saved [376999/376999]

--2016-10-07 17:51:34--  http://www.voanews.com/MediaAssets2/classroom/interactive_learning/interactive_wordbook/deploy/audio/empty%20(adjective).mp3
Reusing existing connection to www.voanews.com:80.
HTTP request sent, awaiting response... 200 OK
Length: 280869 (274K) [audio/mpeg]
Saving to: ‘empty (adjective).mp3’

     0K .......... .......... .......... .......... .......... 18% 1.03M 0s
    50K .......... .......... .......... .......... .......... 36% 1003K 0s
   100K .......... .......... .......... .......... .......... 54% 1.37M 0s
   150K .......... .......... .......... .......... .......... 72% 1.41M 0s
   200K .......... .......... .......... .......... .......... 91%  956K 0s
   250K .......... .......... ....                            100% 3.69M=0.2s

2016-10-07 17:51:34 (1.18 MB/s) - ‘empty (adjective).mp3’ saved [280869/280869]

--2016-10-07 17:51:34--  http://www.voanews.com/MediaAssets2/classroom/interactive_learning/interactive_wordbook/deploy/audio/enjoy(verb).mp3
Reusing existing connection to www.voanews.com:80.
HTTP request sent, awaiting response... 200 OK
Length: 334785 (327K) [audio/mpeg]
Saving to: ‘enjoy(verb).mp3’

     0K .......... .......... .......... .......... .......... 15% 2.32M 0s
    50K .......... .......... .......... .......... .......... 30%  966K 0s
   100K .......... .......... .......... .......... .......... 45% 1.36M 0s
   150K .......... .......... .......... .......... .......... 61%  985K 0s
   200K .......... .......... .......... .......... .......... 76% 1.64M 0s
   250K .......... .......... .......... .......... .......... 91% 2.12M 0s
   300K .......... .......... ......                          100%  604K=0.3s

2016-10-07 17:51:35 (1.24 MB/s) - ‘enjoy(verb).mp3’ saved [334785/334785]

--2016-10-07 17:51:35--  http://www.voanews.com/MediaAssets2/classroom/interactive_learning/interactive_wordbook/deploy/audio/enough%20(adjective).mp3
Reusing existing connection to www.voanews.com:80.
HTTP request sent, awaiting response... 200 OK
Length: 341891 (334K) [audio/mpeg]
Saving to: ‘enough (adjective).mp3’

     0K .......... .......... .......... .......... .......... 14% 2.59M 0s
    50K .......... .......... .......... .......... .......... 29% 1.14M 0s
   100K .......... .......... .......... .......... .......... 44% 1.24M 0s
   150K .......... .......... .......... .......... .......... 59%  642K 0s
   200K .......... .......... .......... .......... .......... 74% 2.12M 0s
   250K .......... .......... .......... .......... .......... 89%  302K 0s
   300K .......... .......... .......... ...                  100%  858K=0.4s

2016-10-07 17:51:36 (821 KB/s) - ‘enough (adjective).mp3’ saved [341891/341891]

--2016-10-07 17:51:36--  http://www.voanews.com/MediaAssets2/classroom/interactive_learning/interactive_wordbook/deploy/audio/enter%20(verb).mp3
Reusing existing connection to www.voanews.com:80.
HTTP request sent, awaiting response... 200 OK
Length: 594338 (580K) [audio/mpeg]
Saving to: ‘enter (verb).mp3’

     0K .......... .......... .......... .......... ..........  8% 1.32M 0s
    50K .......... .......... .......... .......... .......... 17% 1.10M 0s
   100K .......... .......... .......... .......... .......... 25% 1013K 0s
   150K .......... .......... .......... .......... .......... 34% 1.50M 0s
   200K .......... .......... .......... .......... .......... 43% 1.45M 0s
   250K .......... .......... .......... .......... .......... 51% 1.29M 0s
   300K .......... .......... .......... .......... .......... 60% 1.44M 0s
   350K .......... .......... .......... .......... .......... 68% 2.50M 0s
   400K .......... .......... .......... .......... .......... 77% 1.69M 0s
   450K .......... .......... .......... .......... .......... 86% 1.08M 0s
   500K .......... .......... .......... .......... .......... 94% 2.46M 0s
   550K .......... .......... ..........                      100% 1.35M=0.4s

2016-10-07 17:51:36 (1.40 MB/s) - ‘enter (verb).mp3’ saved [594338/594338]

--2016-10-07 17:51:36--  http://www.voanews.com/MediaAssets2/classroom/interactive_learning/interactive_wordbook/deploy/audio/environment%20(noun).mp3
Reusing existing connection to www.voanews.com:80.
HTTP request sent, awaiting response... 200 OK
Length: 508656 (497K) [audio/mpeg]
Saving to: ‘environment (noun).mp3’

     0K .......... .......... .......... .......... .......... 10% 5.28M 0s
    50K .......... .......... .......... .......... .......... 20% 1.18M 0s
   100K .......... .......... .......... .......... .......... 30% 1.08M 0s
   150K .......... .......... .......... .......... .......... 40%  968K 0s
   200K .......... .......... .......... .......... .......... 50%  907K 0s
   250K .......... .......... .......... .......... .......... 60% 1.42M 0s
   300K .......... .......... .......... .......... .......... 70% 2.84M 0s
   350K .......... .......... .......... .......... .......... 80%  789K 0s
   400K .......... .......... .......... .......... .......... 90% 1.28M 0s
   450K .......... .......... .......... .......... ......    100%  755K=0.4s

2016-10-07 17:51:38 (1.16 MB/s) - ‘environment (noun).mp3’ saved [508656/508656]

--2016-10-07 17:51:38--  http://www.voanews.com/MediaAssets2/classroom/interactive_learning/interactive_wordbook/deploy/audio/equipment(noun).mp3
Reusing existing connection to www.voanews.com:80.
HTTP request sent, awaiting response... 200 OK
Length: 360699 (352K) [audio/mpeg]
Saving to: ‘equipment(noun).mp3’

     0K .......... .......... .......... .......... .......... 14% 3.94M 0s
    50K .......... .......... .......... .......... .......... 28%  578K 0s
   100K .......... .......... .......... .......... .......... 42% 1.66M 0s
   150K .......... .......... .......... .......... .......... 56% 1.17M 0s
   200K .......... .......... .......... .......... .......... 70% 1.62M 0s
   250K .......... .......... .......... .......... .......... 85% 2.04M 0s
   300K .......... .......... .......... .......... .......... 99% 1.07M 0s
   350K ..                                                    100% 4282G=0.3s

2016-10-07 17:51:38 (1.27 MB/s) - ‘equipment(noun).mp3’ saved [360699/360699]

--2016-10-07 17:51:38--  http://www.voanews.com/MediaAssets2/classroom/interactive_learning/interactive_wordbook/deploy/audio/escape%20(verb).mp3
Reusing existing connection to www.voanews.com:80.
HTTP request sent, awaiting response... 200 OK
Length: 373238 (364K) [audio/mpeg]
Saving to: ‘escape (verb).mp3’

     0K .......... .......... .......... .......... .......... 13% 2.22M 0s
    50K .......... .......... .......... .......... .......... 27% 1.27M 0s
   100K .......... .......... .......... .......... .......... 41% 1.07M 0s
   150K .......... .......... .......... .......... .......... 54% 1.32M 0s
   200K .......... .......... .......... .......... .......... 68%  733K 0s
   250K .......... .......... .......... .......... .......... 82%  759K 0s
   300K .......... .......... .......... .......... .......... 96% 1.04M 0s
   350K .......... ....                                       100%  459K=0.4s

2016-10-07 17:51:39 (1.00 MB/s) - ‘escape (verb).mp3’ saved [373238/373238]

--2016-10-07 17:51:39--  http://www.voanews.com/MediaAssets2/classroom/interactive_learning/interactive_wordbook/deploy/audio/establish%20(verb).mp3
Reusing existing connection to www.voanews.com:80.
HTTP request sent, awaiting response... 200 OK
Length: 348996 (341K) [audio/mpeg]
Saving to: ‘establish (verb).mp3’

     0K .......... .......... .......... .......... .......... 14%  449K 1s
    50K .......... .......... .......... .......... .......... 29% 1.26M 0s
   100K .......... .......... .......... .......... .......... 44%  785K 0s
   150K .......... .......... .......... .......... .......... 58%  838K 0s
   200K .......... .......... .......... .......... .......... 73%  750K 0s
   250K .......... .......... .......... .......... .......... 88%  917K 0s
   300K .......... .......... .......... ..........           100% 2.10M=0.4s

2016-10-07 17:51:40 (824 KB/s) - ‘establish (verb).mp3’ saved [348996/348996]

--2016-10-07 17:51:40--  http://www.voanews.com/MediaAssets2/classroom/interactive_learning/interactive_wordbook/deploy/audio/estimate%20(verb).mp3
Reusing existing connection to www.voanews.com:80.
HTTP request sent, awaiting response... 200 OK
Length: 367804 (359K) [audio/mpeg]
Saving to: ‘estimate (verb).mp3’

     0K .......... .......... .......... .......... .......... 13% 1.16M 0s
    50K .......... .......... .......... .......... .......... 27% 1.48M 0s
   100K .......... .......... .......... .......... .......... 41% 1.02M 0s
   150K .......... .......... .......... .......... .......... 55%  834K 0s
   200K .......... .......... .......... .......... .......... 69% 1.27M 0s
   250K .......... .......... .......... .......... .......... 83%  237K 0s
   300K .......... .......... .......... .......... .......... 97%  912K 0s
   350K .........                                             100% 3.77M=0.5s

2016-10-07 17:51:41 (735 KB/s) - ‘estimate (verb).mp3’ saved [367804/367804]

--2016-10-07 17:51:41--  http://www.voanews.com/MediaAssets2/classroom/interactive_learning/interactive_wordbook/deploy/audio/ethnic%20(adjective).mp3
Reusing existing connection to www.voanews.com:80.
HTTP request sent, awaiting response... 200 OK
Length: 320993 (313K) [audio/mpeg]
Saving to: ‘ethnic (adjective).mp3’

     0K .......... .......... .......... .......... .......... 15% 1.35M 0s
    50K .......... .......... .......... .......... .......... 31%  852K 0s
   100K .......... .......... .......... .......... .......... 47% 1.34M 0s
   150K .......... .......... .......... .......... .......... 63% 1.14M 0s
   200K .......... .......... .......... .......... .......... 79% 1.15M 0s
   250K .......... .......... .......... .......... .......... 95%  844K 0s
   300K .......... ...                                        100% 2.04M=0.3s

2016-10-07 17:51:41 (1.08 MB/s) - ‘ethnic (adjective).mp3’ saved [320993/320993]

--2016-10-07 17:51:41--  http://www.voanews.com/MediaAssets2/classroom/interactive_learning/interactive_wordbook/deploy/audio/evaporate%20(verb).mp3
Reusing existing connection to www.voanews.com:80.
HTTP request sent, awaiting response... 200 OK
Length: 426318 (416K) [audio/mpeg]
Saving to: ‘evaporate (verb).mp3’

     0K .......... .......... .......... .......... .......... 12%  942K 0s
    50K .......... .......... .......... .......... .......... 24%  812K 0s
   100K .......... .......... .......... .......... .......... 36%  598K 0s
   150K .......... .......... .......... .......... .......... 48%  869K 0s
   200K .......... .......... .......... .......... .......... 60% 1.77M 0s
   250K .......... .......... .......... .......... .......... 72% 1.54M 0s
   300K .......... .......... .......... .......... .......... 84% 1015K 0s
   350K .......... .......... .......... .......... .......... 96% 1.24M 0s
   400K .......... ......                                     100% 1.97M=0.4s

2016-10-07 17:51:42 (1011 KB/s) - ‘evaporate (verb).mp3’ saved [426318/426318]

--2016-10-07 17:51:42--  http://www.voanews.com/MediaAssets2/classroom/interactive_learning/interactive_wordbook/deploy/audio/event%20(noun).mp3
Reusing existing connection to www.voanews.com:80.
HTTP request sent, awaiting response... 200 OK
Length: 458083 (447K) [audio/mpeg]
Saving to: ‘event (noun).mp3’

     0K .......... .......... .......... .......... .......... 11% 2.10M 0s
    50K .......... .......... .......... .......... .......... 22%  763K 0s
   100K .......... .......... .......... .......... .......... 33%  501K 0s
   150K .......... .......... .......... .......... .......... 44% 1.03M 0s
   200K .......... .......... .......... .......... .......... 55%  793K 0s
   250K .......... .......... .......... .......... .......... 67%  869K 0s
   300K .......... .......... .......... .......... .......... 78%  770K 0s
   350K .......... .......... .......... .......... .......... 89%  627K 0s
   400K .......... .......... .......... .......... .......   100% 1.01M=0.5s

2016-10-07 17:51:43 (818 KB/s) - ‘event (noun).mp3’ saved [458083/458083]

--2016-10-07 17:51:43--  http://www.voanews.com/MediaAssets2/classroom/interactive_learning/interactive_wordbook/deploy/audio/evidence%20(noun).mp3
Reusing existing connection to www.voanews.com:80.
HTTP request sent, awaiting response... 200 OK
Length: 416705 (407K) [audio/mpeg]
Saving to: ‘evidence (noun).mp3’

     0K .......... .......... .......... .......... .......... 12%  897K 0s
    50K .......... .......... .......... .......... .......... 24%  756K 0s
   100K .......... .......... .......... .......... .......... 36%  762K 0s
   150K .......... .......... .......... .......... .......... 49%  333K 0s
   200K .......... .......... .......... .......... .......... 61% 1.21M 0s
   250K .......... .......... .......... .......... .......... 73%  826K 0s
   300K .......... .......... .......... .......... .......... 86% 1.29M 0s
   350K .......... .......... .......... .......... .......... 98% 1008K 0s
   400K ......                                                100%  609K=0.5s

2016-10-07 17:51:44 (757 KB/s) - ‘evidence (noun).mp3’ saved [416705/416705]

--2016-10-07 17:51:44--  http://www.voanews.com/MediaAssets2/classroom/interactive_learning/interactive_wordbook/deploy/audio/evil%20(adjective).mp3
Reusing existing connection to www.voanews.com:80.
HTTP request sent, awaiting response... 200 OK
Length: 381597 (373K) [audio/mpeg]
Saving to: ‘evil (adjective).mp3’

     0K .......... .......... .......... .......... .......... 13%  882K 0s
    50K .......... .......... .......... .......... .......... 26% 1.91M 0s
   100K .......... .......... .......... .......... .......... 40% 1.92M 0s
   150K .......... .......... .......... .......... .......... 53%  944K 0s
   200K .......... .......... .......... .......... .......... 67% 1.69M 0s
   250K .......... .......... .......... .......... .......... 80% 2.11M 0s
   300K .......... .......... .......... .......... .......... 93% 1.22M 0s
   350K .......... .......... ..                              100% 1.04M=0.3s

2016-10-07 17:51:45 (1.33 MB/s) - ‘evil (adjective).mp3’ saved [381597/381597]

--2016-10-07 17:51:45--  http://www.voanews.com/MediaAssets2/classroom/interactive_learning/interactive_wordbook/deploy/audio/exact%20(adjective).mp3
Reusing existing connection to www.voanews.com:80.
HTTP request sent, awaiting response... 200 OK
Length: 396643 (387K) [audio/mpeg]
Saving to: ‘exact (adjective).mp3’

     0K .......... .......... .......... .......... .......... 12% 4.90M 0s
    50K .......... .......... .......... .......... .......... 25%  968K 0s
   100K .......... .......... .......... .......... .......... 38%  982K 0s
   150K .......... .......... .......... .......... .......... 51% 1.17M 0s
   200K .......... .......... .......... .......... .......... 64% 4.86M 0s
   250K .......... .......... .......... .......... .......... 77% 1.53M 0s
   300K .......... .......... .......... .......... .......... 90% 1.74M 0s
   350K .......... .......... .......... .......              100% 1.06M=0.3s

2016-10-07 17:51:45 (1.46 MB/s) - ‘exact (adjective).mp3’ saved [396643/396643]

--2016-10-07 17:51:45--  http://www.voanews.com/MediaAssets2/classroom/interactive_learning/interactive_wordbook/deploy/audio/examine(verb).mp3
Reusing existing connection to www.voanews.com:80.
HTTP request sent, awaiting response... 200 OK
Length: 320993 (313K) [audio/mpeg]
Saving to: ‘examine(verb).mp3’

     0K .......... .......... .......... .......... .......... 15% 2.67M 0s
    50K .......... .......... .......... .......... .......... 31% 1.91M 0s
   100K .......... .......... .......... .......... .......... 47%  902K 0s
   150K .......... .......... .......... .......... .......... 63% 1.81M 0s
   200K .......... .......... .......... .......... .......... 79%  633K 0s
   250K .......... .......... .......... .......... .......... 95%  881K 0s
   300K .......... ...                                        100% 8.30M=0.3s

2016-10-07 17:51:46 (1.16 MB/s) - ‘examine(verb).mp3’ saved [320993/320993]

--2016-10-07 17:51:46--  http://www.voanews.com/MediaAssets2/classroom/interactive_learning/interactive_wordbook/deploy/audio/except%20(preposition).mp3
Reusing existing connection to www.voanews.com:80.
HTTP request sent, awaiting response... 200 OK
Length: 377835 (369K) [audio/mpeg]
Saving to: ‘except (preposition).mp3’

     0K .......... .......... .......... .......... .......... 13% 2.01M 0s
    50K .......... .......... .......... .......... .......... 27%  722K 0s
   100K .......... .......... .......... .......... .......... 40% 1.40M 0s
   150K .......... .......... .......... .......... .......... 54%  781K 0s
   200K .......... .......... .......... .......... .......... 67%  818K 0s
   250K .......... .......... .......... .......... .......... 81%  606K 0s
   300K .......... .......... .......... .......... .......... 94%  724K 0s
   350K .......... ........                                   100%  588K=0.4s

2016-10-07 17:51:47 (843 KB/s) - ‘except (preposition).mp3’ saved [377835/377835]

--2016-10-07 17:51:47--  http://www.voanews.com/MediaAssets2/classroom/interactive_learning/interactive_wordbook/deploy/audio/exchange%20(verb).mp3
Reusing existing connection to www.voanews.com:80.
HTTP request sent, awaiting response... 200 OK
Length: 372402 (364K) [audio/mpeg]
Saving to: ‘exchange (verb).mp3’

     0K .......... .......... .......... .......... .......... 13% 1.09M 0s
    50K .......... .......... .......... .......... .......... 27%  810K 0s
   100K .......... .......... .......... .......... .......... 41% 1.11M 0s
   150K .......... .......... .......... .......... .......... 54% 1.25M 0s
   200K .......... .......... .......... .......... .......... 68%  753K 0s
   250K .......... .......... .......... .......... .......... 82%  269K 0s
   300K .......... .......... .......... .......... .......... 96% 11.5M 0s
   350K .......... ...                                        100%  894K=0.5s

2016-10-07 17:51:47 (788 KB/s) - ‘exchange (verb).mp3’ saved [372402/372402]

--2016-10-07 17:51:47--  http://www.voanews.com/MediaAssets2/classroom/interactive_learning/interactive_wordbook/deploy/audio/exercise%20(verb).mp3
Reusing existing connection to www.voanews.com:80.
HTTP request sent, awaiting response... 200 OK
Length: 371984 (363K) [audio/mpeg]
Saving to: ‘exercise (verb).mp3’

     0K .......... .......... .......... .......... .......... 13%  240K 1s
    50K .......... .......... .......... .......... .......... 27%  630K 1s
   100K .......... .......... .......... .......... .......... 41%  555K 1s
   150K .......... .......... .......... .......... .......... 55%  409K 0s
   200K .......... .......... .......... .......... .......... 68%  735K 0s
   250K .......... .......... .......... .......... .......... 82%  558K 0s
   300K .......... .......... .......... .......... .......... 96%  333K 0s
   350K .......... ...                                        100%  835K=0.8s

2016-10-07 17:51:49 (441 KB/s) - ‘exercise (verb).mp3’ saved [371984/371984]

--2016-10-07 17:51:49--  http://www.voanews.com/MediaAssets2/classroom/interactive_learning/interactive_wordbook/deploy/audio/expand%20(verb).mp3
Reusing existing connection to www.voanews.com:80.
HTTP request sent, awaiting response... 200 OK
Length: 535824 (523K) [audio/mpeg]
Saving to: ‘expand (verb).mp3’

     0K .......... .......... .......... .......... ..........  9%  631K 1s
    50K .......... .......... .......... .......... .......... 19%  433K 1s
   100K .......... .......... .......... .......... .......... 28%  677K 1s
   150K .......... .......... .......... .......... .......... 38%  515K 1s
   200K .......... .......... .......... .......... .......... 47%  718K 0s
   250K .......... .......... .......... .......... .......... 57%  721K 0s
   300K .......... .......... .......... .......... .......... 66%  746K 0s
   350K .......... .......... .......... .......... .......... 76%  763K 0s
   400K .......... .......... .......... .......... .......... 85%  839K 0s
   450K .......... .......... .......... .......... .......... 95%  607K 0s
   500K .......... .......... ...                             100%  431K=0.8s

2016-10-07 17:51:50 (628 KB/s) - ‘expand (verb).mp3’ saved [535824/535824]

--2016-10-07 17:51:50--  http://www.voanews.com/MediaAssets2/classroom/interactive_learning/interactive_wordbook/deploy/audio/expect%20(verb).mp3
Reusing existing connection to www.voanews.com:80.
HTTP request sent, awaiting response... 200 OK
Length: 445127 (435K) [audio/mpeg]
Saving to: ‘expect (verb).mp3’

     0K .......... .......... .......... .......... .......... 11% 1.05M 0s
    50K .......... .......... .......... .......... .......... 23%  753K 0s
   100K .......... .......... .......... .......... .......... 34% 1.80M 0s
   150K .......... .......... .......... .......... .......... 46% 1002K 0s
   200K .......... .......... .......... .......... .......... 57% 1.16M 0s
   250K .......... .......... .......... .......... .......... 69%  863K 0s
   300K .......... .......... .......... .......... .......... 80% 1.03M 0s
   350K .......... .......... .......... .......... .......... 92%  779K 0s
   400K .......... .......... .......... ....                 100% 1.01M=0.4s

2016-10-07 17:51:51 (999 KB/s) - ‘expect (verb).mp3’ saved [445127/445127]

--2016-10-07 17:51:51--  http://www.voanews.com/MediaAssets2/classroom/interactive_learning/interactive_wordbook/deploy/audio/expel(verb).mp3
Reusing existing connection to www.voanews.com:80.
HTTP request sent, awaiting response... 200 OK
Length: 372820 (364K) [audio/mpeg]
Saving to: ‘expel(verb).mp3’

     0K .......... .......... .......... .......... .......... 13%  959K 0s
    50K .......... .......... .......... .......... .......... 27% 1.19M 0s
   100K .......... .......... .......... .......... .......... 41% 1.41M 0s
   150K .......... .......... .......... .......... .......... 54%  631K 0s
   200K .......... .......... .......... .......... .......... 68% 1.02M 0s
   250K .......... .......... .......... .......... .......... 82%  420K 0s
   300K .......... .......... .......... .......... .......... 96% 1.38M 0s
   350K .......... ....                                       100%  264K=0.5s

2016-10-07 17:51:51 (787 KB/s) - ‘expel(verb).mp3’ saved [372820/372820]

--2016-10-07 17:51:51--  http://www.voanews.com/MediaAssets2/classroom/interactive_learning/interactive_wordbook/deploy/audio/experience%20(verb).mp3
Reusing existing connection to www.voanews.com:80.
HTTP request sent, awaiting response... 200 OK
Length: 423393 (413K) [audio/mpeg]
Saving to: ‘experience (verb).mp3’

     0K .......... .......... .......... .......... .......... 12%  533K 1s
    50K .......... .......... .......... .......... .......... 24%  676K 1s
   100K .......... .......... .......... .......... .......... 36% 1.48M 0s
   150K .......... .......... .......... .......... .......... 48%  845K 0s
   200K .......... .......... .......... .......... .......... 60% 1.62M 0s
   250K .......... .......... .......... .......... .......... 72% 1.37M 0s
   300K .......... .......... .......... .......... .......... 84% 1.03M 0s
   350K .......... .......... .......... .......... .......... 96% 1.08M 0s
   400K .......... ...                                        100% 10.9M=0.4s

2016-10-07 17:51:52 (986 KB/s) - ‘experience (verb).mp3’ saved [423393/423393]

--2016-10-07 17:51:52--  http://www.voanews.com/MediaAssets2/classroom/interactive_learning/interactive_wordbook/deploy/audio/experience%20(noun).mp3
Reusing existing connection to www.voanews.com:80.
HTTP request sent, awaiting response... 200 OK
Length: 343144 (335K) [audio/mpeg]
Saving to: ‘experience (noun).mp3’

     0K .......... .......... .......... .......... .......... 14% 1.72M 0s
    50K .......... .......... .......... .......... .......... 29% 1.48M 0s
   100K .......... .......... .......... .......... .......... 44% 1.97M 0s
   150K .......... .......... .......... .......... .......... 59%  908K 0s
   200K .......... .......... .......... .......... .......... 74% 1019K 0s
   250K .......... .......... .......... .......... .......... 89%  680K 0s
   300K .......... .......... .......... .....                100% 1.23M=0.3s

2016-10-07 17:51:53 (1.12 MB/s) - ‘experience (noun).mp3’ saved [343144/343144]

--2016-10-07 17:51:53--  http://www.voanews.com/MediaAssets2/classroom/interactive_learning/interactive_wordbook/deploy/audio/experiment(noun).mp3
Reusing existing connection to www.voanews.com:80.
HTTP request sent, awaiting response... 200 OK
Length: 459337 (449K) [audio/mpeg]
Saving to: ‘experiment(noun).mp3’

     0K .......... .......... .......... .......... .......... 11% 1.88M 0s
    50K .......... .......... .......... .......... .......... 22% 1.80M 0s
   100K .......... .......... .......... .......... .......... 33%  760K 0s
   150K .......... .......... .......... .......... .......... 44% 1.40M 0s
   200K .......... .......... .......... .......... .......... 55% 1.03M 0s
   250K .......... .......... .......... .......... .......... 66% 1.08M 0s
   300K .......... .......... .......... .......... .......... 78% 1.85M 0s
   350K .......... .......... .......... .......... .......... 89% 1.11M 0s
   400K .......... .......... .......... .......... ........  100%  989K=0.4s

2016-10-07 17:51:54 (1.20 MB/s) - ‘experiment(noun).mp3’ saved [459337/459337]

--2016-10-07 17:51:54--  http://www.voanews.com/MediaAssets2/classroom/interactive_learning/interactive_wordbook/deploy/audio/expert%20(noun).mp3
Reusing existing connection to www.voanews.com:80.
HTTP request sent, awaiting response... 200 OK
Length: 361953 (353K) [audio/mpeg]
Saving to: ‘expert (noun).mp3’

     0K .......... .......... .......... .......... .......... 14%  415K 1s
    50K .......... .......... .......... .......... .......... 28%  489K 1s
   100K .......... .......... .......... .......... .......... 42% 1.16M 0s
   150K .......... .......... .......... .......... .......... 56%  751K 0s
   200K .......... .......... .......... .......... .......... 70%  964K 0s
   250K .......... .......... .......... .......... .......... 84% 1004K 0s
   300K .......... .......... .......... .......... .......... 99% 1.26M 0s
   350K ...                                                   100% 4.46M=0.5s

2016-10-07 17:51:54 (748 KB/s) - ‘expert (noun).mp3’ saved [361953/361953]

--2016-10-07 17:51:54--  http://www.voanews.com/MediaAssets2/classroom/interactive_learning/interactive_wordbook/deploy/audio/explore%20(verb).mp3
Reusing existing connection to www.voanews.com:80.
HTTP request sent, awaiting response... 200 OK
Length: 539585 (527K) [audio/mpeg]
Saving to: ‘explore (verb).mp3’

     0K .......... .......... .......... .......... ..........  9% 1.92M 0s
    50K .......... .......... .......... .......... .......... 18% 1.03M 0s
   100K .......... .......... .......... .......... .......... 28% 1.20M 0s
   150K .......... .......... .......... .......... .......... 37%  879K 0s
   200K .......... .......... .......... .......... .......... 47%  881K 0s
   250K .......... .......... .......... .......... .......... 56%  426K 0s
   300K .......... .......... .......... .......... .......... 66% 1.11M 0s
   350K .......... .......... .......... .......... .......... 75%  826K 0s
   400K .......... .......... .......... .......... .......... 85%  716K 0s
   450K .......... .......... .......... .......... .......... 94%  400K 0s
   500K .......... .......... ......                          100%  627K=0.7s

2016-10-07 17:51:55 (767 KB/s) - ‘explore (verb).mp3’ saved [539585/539585]

--2016-10-07 17:51:55--  http://www.voanews.com/MediaAssets2/classroom/interactive_learning/interactive_wordbook/deploy/audio/export%20(noun).mp3
Reusing existing connection to www.voanews.com:80.
HTTP request sent, awaiting response... 200 OK
Length: 376581 (368K) [audio/mpeg]
Saving to: ‘export (noun).mp3’

     0K .......... .......... .......... .......... .......... 13%  199K 2s
    50K .......... .......... .......... .......... .......... 27%  267K 1s
   100K .......... .......... .......... .......... .......... 40%  269K 1s
   150K .......... .......... .......... .......... .......... 54%  277K 1s
   200K .......... .......... .......... .......... .......... 67%  203K 0s
   250K .......... .......... .......... .......... .......... 81%  258K 0s
   300K .......... .......... .......... .......... .......... 95%  182K 0s
   350K .......... .......                                    100%  258K=1.6s

2016-10-07 17:51:57 (232 KB/s) - ‘export (noun).mp3’ saved [376581/376581]

--2016-10-07 17:51:57--  http://www.voanews.com/MediaAssets2/classroom/interactive_learning/interactive_wordbook/deploy/audio/export%20(verb).mp3
Reusing existing connection to www.voanews.com:80.
HTTP request sent, awaiting response... 200 OK
Length: 384940 (376K) [audio/mpeg]
Saving to: ‘export (verb).mp3’

     0K .......... .......... .......... .......... .......... 13%  201K 2s
    50K .......... .......... .......... .......... .......... 26%  340K 1s
   100K .......... .......... .......... .......... .......... 39%  347K 1s
   150K .......... .......... .......... .......... .......... 53%  372K 1s
   200K .......... .......... .......... .......... .......... 66%  308K 0s
   250K .......... .......... .......... .......... .......... 79%  250K 0s
   300K .......... .......... .......... .......... .......... 93%  319K 0s
   350K .......... .......... .....                           100%  270K=1.3s

2016-10-07 17:51:59 (292 KB/s) - ‘export (verb).mp3’ saved [384940/384940]

--2016-10-07 17:51:59--  http://www.voanews.com/MediaAssets2/classroom/interactive_learning/interactive_wordbook/deploy/audio/express%20(verb).mp3
Reusing existing connection to www.voanews.com:80.
HTTP request sent, awaiting response... 200 OK
Length: 558393 (545K) [audio/mpeg]
Saving to: ‘express (verb).mp3’

     0K .......... .......... .......... .......... ..........  9%  341K 1s
    50K .......... .......... .......... .......... .......... 18%  383K 1s
   100K .......... .......... .......... .......... .......... 27%  205K 1s
   150K .......... .......... .......... .......... .......... 36%  252K 1s
   200K .......... .......... .......... .......... .......... 45% 81.3K 2s
   250K .......... .......... .......... .......... .......... 55% 74.6K 2s
   300K .......... .......... .......... .......... .......... 64% 55.8K 2s
   350K .......... .......... .......... .......... .......... 73% 83.8K 1s
   400K .......... .......... .......... .......... .......... 82%  157K 1s
   450K .......... .......... .......... .......... .......... 91%  577K 0s
   500K .......... .......... .......... .......... .....     100%  456K=4.0s

2016-10-07 17:52:03 (136 KB/s) - ‘express (verb).mp3’ saved [558393/558393]

--2016-10-07 17:52:03--  http://www.voanews.com/MediaAssets2/classroom/interactive_learning/interactive_wordbook/deploy/audio/extend%20(verb).mp3
Reusing existing connection to www.voanews.com:80.
HTTP request sent, awaiting response... 200 OK
Length: 573858 (560K) [audio/mpeg]
Saving to: ‘extend (verb).mp3’

     0K .......... .......... .......... .......... ..........  8%  484K 1s
    50K .......... .......... .......... .......... .......... 17%  688K 1s
   100K .......... .......... .......... .......... .......... 26%  673K 1s
   150K .......... .......... .......... .......... .......... 35%  771K 1s
   200K .......... .......... .......... .......... .......... 44%  844K 0s
   250K .......... .......... .......... .......... .......... 53%  773K 0s
   300K .......... .......... .......... .......... .......... 62%  641K 0s
   350K .......... .......... .......... .......... .......... 71%  749K 0s
   400K .......... .......... .......... .......... .......... 80%  586K 0s
   450K .......... .......... .......... .......... .......... 89%  580K 0s
   500K .......... .......... .......... .......... .......... 98%  573K 0s
   550K ..........                                            100% 1.55M=0.8s

2016-10-07 17:52:05 (660 KB/s) - ‘extend (verb).mp3’ saved [573858/573858]

--2016-10-07 17:52:05--  http://www.voanews.com/MediaAssets2/classroom/interactive_learning/interactive_wordbook/deploy/audio/extra%20(adjective).mp3
Reusing existing connection to www.voanews.com:80.
HTTP request sent, awaiting response... 200 OK
Length: 306782 (300K) [audio/mpeg]
Saving to: ‘extra (adjective).mp3’

     0K .......... .......... .......... .......... .......... 16%  765K 0s
    50K .......... .......... .......... .......... .......... 33% 1.41M 0s
   100K .......... .......... .......... .......... .......... 50%  996K 0s
   150K .......... .......... .......... .......... .......... 66%  520K 0s
   200K .......... .......... .......... .......... .......... 83%  890K 0s
   250K .......... .......... .......... .......... ......... 100%  887K=0.4s

2016-10-07 17:52:05 (835 KB/s) - ‘extra (adjective).mp3’ saved [306782/306782]

--2016-10-07 17:52:05--  http://www.voanews.com/MediaAssets2/classroom/interactive_learning/interactive_wordbook/deploy/audio/extraordinary(adjective).mp3
Reusing existing connection to www.voanews.com:80.
HTTP request sent, awaiting response... 200 OK
Length: 427990 (418K) [audio/mpeg]
Saving to: ‘extraordinary(adjective).mp3’

     0K .......... .......... .......... .......... .......... 11%  720K 1s
    50K .......... .......... .......... .......... .......... 23%  944K 0s
   100K .......... .......... .......... .......... .......... 35%  605K 0s
   150K .......... .......... .......... .......... .......... 47%  551K 0s
   200K .......... .......... .......... .......... .......... 59%  880K 0s
   250K .......... .......... .......... .......... .......... 71%  913K 0s
   300K .......... .......... .......... .......... .......... 83%  768K 0s
   350K .......... .......... .......... .......... .......... 95% 1.30M 0s
   400K .......... .......                                    100%  249K=0.6s

2016-10-07 17:52:06 (718 KB/s) - ‘extraordinary(adjective).mp3’ saved [427990/427990]

--2016-10-07 17:52:06--  http://www.voanews.com/MediaAssets2/classroom/interactive_learning/interactive_wordbook/deploy/audio/extreme(adjective).mp3
Reusing existing connection to www.voanews.com:80.
HTTP request sent, awaiting response... 200 OK
Length: 405838 (396K) [audio/mpeg]
Saving to: ‘extreme(adjective).mp3’

     0K .......... .......... .......... .......... .......... 12%  557K 1s
    50K .......... .......... .......... .......... .......... 25%  369K 1s
   100K .......... .......... .......... .......... .......... 37% 1.30M 0s
   150K .......... .......... .......... .......... .......... 50% 1.03M 0s
   200K .......... .......... .......... .......... .......... 63%  737K 0s
   250K .......... .......... .......... .......... .......... 75%  767K 0s
   300K .......... .......... .......... .......... .......... 88%  890K 0s
   350K .......... .......... .......... .......... ......    100%  834K=0.6s

2016-10-07 17:52:07 (714 KB/s) - ‘extreme(adjective).mp3’ saved [405838/405838]

--2016-10-07 17:52:07--  http://www.voanews.com/MediaAssets2/classroom/interactive_learning/interactive_wordbook/deploy/audio/face%20(noun).mp3
Reusing existing connection to www.voanews.com:80.
HTTP request sent, awaiting response... 200 OK
Length: 389538 (380K) [audio/mpeg]
Saving to: ‘face (noun).mp3’

     0K .......... .......... .......... .......... .......... 13%  778K 0s
    50K .......... .......... .......... .......... .......... 26%  775K 0s
   100K .......... .......... .......... .......... .......... 39%  493K 0s
   150K .......... .......... .......... .......... .......... 52%  270K 0s
   200K .......... .......... .......... .......... .......... 65%  459K 0s
   250K .......... .......... .......... .......... .......... 78%  702K 0s
   300K .......... .......... .......... .......... .......... 92%  483K 0s
   350K .......... .......... ..........                      100% 2.12M=0.7s

2016-10-07 17:52:08 (534 KB/s) - ‘face (noun).mp3’ saved [389538/389538]

--2016-10-07 17:52:08--  http://www.voanews.com/MediaAssets2/classroom/interactive_learning/interactive_wordbook/deploy/audio/face%20(verb).mp3
Reusing existing connection to www.voanews.com:80.
HTTP request sent, awaiting response... 200 OK
Length: 513672 (502K) [audio/mpeg]
Saving to: ‘face (verb).mp3’

     0K .......... .......... .......... .......... ..........  9%  596K 1s
    50K .......... .......... .......... .......... .......... 19% 1.40M 0s
   100K .......... .......... .......... .......... .......... 29%  728K 0s
   150K .......... .......... .......... .......... .......... 39%  727K 0s
   200K .......... .......... .......... .......... .......... 49%  234K 0s
   250K .......... .......... .......... .......... .......... 59% 1.04M 0s
   300K .......... .......... .......... .......... .......... 69%  793K 0s
   350K .......... .......... .......... .......... .......... 79%  548K 0s
   400K .......... .......... .......... .......... .......... 89% 1.09M 0s
   450K .......... .......... .......... .......... .......... 99%  584K 0s
   500K .                                                     100% 3114G=0.8s

2016-10-07 17:52:09 (626 KB/s) - ‘face (verb).mp3’ saved [513672/513672]

--2016-10-07 17:52:09--  http://www.voanews.com/MediaAssets2/classroom/interactive_learning/interactive_wordbook/deploy/audio/factory(noun).mp3
Reusing existing connection to www.voanews.com:80.
HTTP request sent, awaiting response... 200 OK
Length: 360699 (352K) [audio/mpeg]
Saving to: ‘factory(noun).mp3’

     0K .......... .......... .......... .......... .......... 14%  424K 1s
    50K .......... .......... .......... .......... .......... 28% 1.07M 0s
   100K .......... .......... .......... .......... .......... 42%  872K 0s
   150K .......... .......... .......... .......... .......... 56%  891K 0s
   200K .......... .......... .......... .......... .......... 70%  649K 0s
   250K .......... .......... .......... .......... .......... 85%  972K 0s
   300K .......... .......... .......... .......... .......... 99%  394K 0s
   350K ..                                                    100% 3.05M=0.5s

2016-10-07 17:52:10 (660 KB/s) - ‘factory(noun).mp3’ saved [360699/360699]

--2016-10-07 17:52:10--  http://www.voanews.com/MediaAssets2/classroom/interactive_learning/interactive_wordbook/deploy/audio/fail%20(verb).mp3
Reusing existing connection to www.voanews.com:80.
HTTP request sent, awaiting response... 200 OK
Length: 393718 (384K) [audio/mpeg]
Saving to: ‘fail (verb).mp3’

     0K .......... .......... .......... .......... .......... 13%  421K 1s
    50K .......... .......... .......... .......... .......... 26%  272K 1s
   100K .......... .......... .......... .......... .......... 39%  722K 1s
   150K .......... .......... .......... .......... .......... 52%  394K 0s
   200K .......... .......... .......... .......... .......... 65%  367K 0s
   250K .......... .......... .......... .......... .......... 78%  420K 0s
   300K .......... .......... .......... .......... .......... 91%  346K 0s
   350K .......... .......... .......... ....                 100%  450K=1.0s

2016-10-07 17:52:11 (394 KB/s) - ‘fail (verb).mp3’ saved [393718/393718]

--2016-10-07 17:52:11--  http://www.voanews.com/MediaAssets2/classroom/interactive_learning/interactive_wordbook/deploy/audio/fair%20(adjective).mp3
Reusing existing connection to www.voanews.com:80.
HTTP request sent, awaiting response... 200 OK
Length: 399151 (390K) [audio/mpeg]
Saving to: ‘fair (adjective).mp3’

     0K .......... .......... .......... .......... .......... 12%  438K 1s
    50K .......... .......... .......... .......... .......... 25%  660K 1s
   100K .......... .......... .......... .......... .......... 38%  781K 0s
   150K .......... .......... .......... .......... .......... 51%  716K 0s
   200K .......... .......... .......... .......... .......... 64%  692K 0s
   250K .......... .......... .......... .......... .......... 76%  930K 0s
   300K .......... .......... .......... .......... .......... 89%  591K 0s
   350K .......... .......... .......... .........            100% 1.21M=0.6s

2016-10-07 17:52:12 (688 KB/s) - ‘fair (adjective).mp3’ saved [399151/399151]

--2016-10-07 17:52:12--  http://www.voanews.com/MediaAssets2/classroom/interactive_learning/interactive_wordbook/deploy/audio/famous%20(adjective).mp3
Reusing existing connection to www.voanews.com:80.
HTTP request sent, awaiting response... 200 OK
Length: 408764 (399K) [audio/mpeg]
Saving to: ‘famous (adjective).mp3’

     0K .......... .......... .......... .......... .......... 12%  850K 0s
    50K .......... .......... .......... .......... .......... 25% 1007K 0s
   100K .......... .......... .......... .......... .......... 37% 1000K 0s
   150K .......... .......... .......... .......... .......... 50%  929K 0s
   200K .......... .......... .......... .......... .......... 62%  608K 0s
   250K .......... .......... .......... .......... .......... 75% 1.39M 0s
   300K .......... .......... .......... .......... .......... 87%  744K 0s
   350K .......... .......... .......... .......... ......... 100% 1.81M=0.4s

2016-10-07 17:52:13 (943 KB/s) - ‘famous (adjective).mp3’ saved [408764/408764]

--2016-10-07 17:52:13--  http://www.voanews.com/MediaAssets2/classroom/interactive_learning/interactive_wordbook/deploy/audio/fan%20(noun).mp3
Reusing existing connection to www.voanews.com:80.
HTTP request sent, awaiting response... 200 OK
Length: 376999 (368K) [audio/mpeg]
Saving to: ‘fan (noun).mp3’

     0K .......... .......... .......... .......... .......... 13% 1.18M 0s
    50K .......... .......... .......... .......... .......... 27% 1.07M 0s
   100K .......... .......... .......... .......... .......... 40% 1.10M 0s
   150K .......... .......... .......... .......... .......... 54%  680K 0s
   200K .......... .......... .......... .......... .......... 67% 1.50M 0s
   250K .......... .......... .......... .......... .......... 81%  993K 0s
   300K .......... .......... .......... .......... .......... 95% 1.17M 0s
   350K .......... ........                                   100%  720K=0.4s

2016-10-07 17:52:14 (1.01 MB/s) - ‘fan (noun).mp3’ saved [376999/376999]

--2016-10-07 17:52:14--  http://www.voanews.com/MediaAssets2/classroom/interactive_learning/interactive_wordbook/deploy/audio/favorite%20%20(adjective).mp3
Reusing existing connection to www.voanews.com:80.
HTTP request sent, awaiting response... 200 OK
Length: 379507 (371K) [audio/mpeg]
Saving to: ‘favorite  (adjective).mp3’

     0K .......... .......... .......... .......... .......... 13% 1.18M 0s
    50K .......... .......... .......... .......... .......... 26%  956K 0s
   100K .......... .......... .......... .......... .......... 40% 1.11M 0s
   150K .......... .......... .......... .......... .......... 53%  911K 0s
   200K .......... .......... .......... .......... .......... 67% 1.09M 0s
   250K .......... .......... .......... .......... .......... 80%  766K 0s
   300K .......... .......... .......... .......... .......... 94% 1.21M 0s
   350K .......... ..........                                 100%  517K=0.4s

2016-10-07 17:52:15 (967 KB/s) - ‘favorite  (adjective).mp3’ saved [379507/379507]

--2016-10-07 17:52:15--  http://www.voanews.com/MediaAssets2/classroom/interactive_learning/interactive_wordbook/deploy/audio/fence%20(noun).mp3
Reusing existing connection to www.voanews.com:80.
HTTP request sent, awaiting response... 200 OK
Length: 363624 (355K) [audio/mpeg]
Saving to: ‘fence (noun).mp3’

     0K .......... .......... .......... .......... .......... 14% 1.77M 0s
    50K .......... .......... .......... .......... .......... 28%  981K 0s
   100K .......... .......... .......... .......... .......... 42% 1.02M 0s
   150K .......... .......... .......... .......... .......... 56%  989K 0s
   200K .......... .......... .......... .......... .......... 70%  839K 0s
   250K .......... .......... .......... .......... .......... 84%  777K 0s
   300K .......... .......... .......... .......... .......... 98% 1.25M 0s
   350K .....                                                 100% 3.93M=0.3s

2016-10-07 17:52:15 (1.02 MB/s) - ‘fence (noun).mp3’ saved [363624/363624]

--2016-10-07 17:52:15--  http://www.voanews.com/MediaAssets2/classroom/interactive_learning/interactive_wordbook/deploy/audio/field%20(noun).mp3
Reusing existing connection to www.voanews.com:80.
HTTP request sent, awaiting response... 200 OK
Length: 433006 (423K) [audio/mpeg]
Saving to: ‘field (noun).mp3’

     0K .......... .......... .......... .......... .......... 11% 2.13M 0s
    50K .......... .......... .......... .......... .......... 23%  540K 0s
   100K .......... .......... .......... .......... .......... 35%  902K 0s
   150K .......... .......... .......... .......... .......... 47%  669K 0s
   200K .......... .......... .......... .......... .......... 59%  703K 0s
   250K .......... .......... .......... .......... .......... 70%  639K 0s
   300K .......... .......... .......... .......... .......... 82%  647K 0s
   350K .......... .......... .......... .......... .......... 94%  902K 0s
   400K .......... .......... ..                              100% 1.04M=0.5s

2016-10-07 17:52:16 (770 KB/s) - ‘field (noun).mp3’ saved [433006/433006]

--2016-10-07 17:52:16--  http://www.voanews.com/MediaAssets2/classroom/interactive_learning/interactive_wordbook/deploy/audio/final%20(adjective).mp3
Reusing existing connection to www.voanews.com:80.
HTTP request sent, awaiting response... 200 OK
Length: 359863 (351K) [audio/mpeg]
Saving to: ‘final (adjective).mp3’

     0K .......... .......... .......... .......... .......... 14%  948K 0s
    50K .......... .......... .......... .......... .......... 28%  588K 0s
   100K .......... .......... .......... .......... .......... 42%  681K 0s
   150K .......... .......... .......... .......... .......... 56%  798K 0s
   200K .......... .......... .......... .......... .......... 71%  689K 0s
   250K .......... .......... .......... .......... .......... 85%  666K 0s
   300K .......... .......... .......... .......... .......... 99%  795K 0s
   350K .                                                     100% 2725G=0.5s

2016-10-07 17:52:17 (725 KB/s) - ‘final (adjective).mp3’ saved [359863/359863]

--2016-10-07 17:52:17--  http://www.voanews.com/MediaAssets2/classroom/interactive_learning/interactive_wordbook/deploy/audio/financial%20(adjective).mp3
Reusing existing connection to www.voanews.com:80.
HTTP request sent, awaiting response... 200 OK
Length: 370312 (362K) [audio/mpeg]
Saving to: ‘financial (adjective).mp3’

     0K .......... .......... .......... .......... .......... 13%  813K 0s
    50K .......... .......... .......... .......... .......... 27%  558K 0s
   100K .......... .......... .......... .......... .......... 41%  679K 0s
   150K .......... .......... .......... .......... .......... 55%  863K 0s
   200K .......... .......... .......... .......... .......... 69%  610K 0s
   250K .......... .......... .......... .......... .......... 82%  407K 0s
   300K .......... .......... .......... .......... .......... 96%  335K 0s
   350K .......... .                                          100%  670K=0.7s

2016-10-07 17:52:18 (553 KB/s) - ‘financial (adjective).mp3’ saved [370312/370312]

--2016-10-07 17:52:18--  http://www.voanews.com/MediaAssets2/classroom/interactive_learning/interactive_wordbook/deploy/audio/find%20(verb).mp3
Reusing existing connection to www.voanews.com:80.
HTTP request sent, awaiting response... 200 OK
Length: 342727 (335K) [audio/mpeg]
Saving to: ‘find (verb).mp3’

     0K .......... .......... .......... .......... .......... 14%  933K 0s
    50K .......... .......... .......... .......... .......... 29%  722K 0s
   100K .......... .......... .......... .......... .......... 44%  758K 0s
   150K .......... .......... .......... .......... .......... 59%  554K 0s
   200K .......... .......... .......... .......... .......... 74%  708K 0s
   250K .......... .......... .......... .......... .......... 89%  842K 0s
   300K .......... .......... .......... ....                 100% 2.49M=0.4s

2016-10-07 17:52:19 (792 KB/s) - ‘find (verb).mp3’ saved [342727/342727]

--2016-10-07 17:52:19--  http://www.voanews.com/MediaAssets2/classroom/interactive_learning/interactive_wordbook/deploy/audio/fine%20(noun).mp3
Reusing existing connection to www.voanews.com:80.
HTTP request sent, awaiting response... 200 OK
Length: 250776 (245K) [audio/mpeg]
Saving to: ‘fine (noun).mp3’

     0K .......... .......... .......... .......... .......... 20% 1.27M 0s
    50K .......... .......... .......... .......... .......... 40%  775K 0s
   100K .......... .......... .......... .......... .......... 61%  604K 0s
   150K .......... .......... .......... .......... .......... 81%  405K 0s
   200K .......... .......... .......... .......... ....      100%  471K=0.4s

2016-10-07 17:52:19 (605 KB/s) - ‘fine (noun).mp3’ saved [250776/250776]

--2016-10-07 17:52:19--  http://www.voanews.com/MediaAssets2/classroom/interactive_learning/interactive_wordbook/deploy/audio/finish%20(verb).mp3
Reusing existing connection to www.voanews.com:80.
HTTP request sent, awaiting response... 200 OK
Length: 264150 (258K) [audio/mpeg]
Saving to: ‘finish (verb).mp3’

     0K .......... .......... .......... .......... .......... 19%  731K 0s
    50K .......... .......... .......... .......... .......... 38% 1.05M 0s
   100K .......... .......... .......... .......... .......... 58%  924K 0s
   150K .......... .......... .......... .......... .......... 77% 1.10M 0s
   200K .......... .......... .......... .......... .......... 96%  846K 0s
   250K .......                                               100% 2.59M=0.3s

2016-10-07 17:52:20 (937 KB/s) - ‘finish (verb).mp3’ saved [264150/264150]

--2016-10-07 17:52:20--  http://www.voanews.com/MediaAssets2/classroom/interactive_learning/interactive_wordbook/deploy/audio/fit%20(verb).mp3
Reusing existing connection to www.voanews.com:80.
HTTP request sent, awaiting response... 200 OK
Length: 272927 (267K) [audio/mpeg]
Saving to: ‘fit (verb).mp3’

     0K .......... .......... .......... .......... .......... 18% 1.19M 0s
    50K .......... .......... .......... .......... .......... 37% 1.24M 0s
   100K .......... .......... .......... .......... .......... 56% 1.43M 0s
   150K .......... .......... .......... .......... .......... 75%  883K 0s
   200K .......... .......... .......... .......... .......... 93% 1.00M 0s
   250K .......... ......                                     100%  626K=0.2s

2016-10-07 17:52:21 (1.06 MB/s) - ‘fit (verb).mp3’ saved [272927/272927]

--2016-10-07 17:52:21--  http://www.voanews.com/MediaAssets2/classroom/interactive_learning/interactive_wordbook/deploy/audio/fix%20(verb).mp3
Reusing existing connection to www.voanews.com:80.
HTTP request sent, awaiting response... 200 OK
Length: 277943 (271K) [audio/mpeg]
Saving to: ‘fix (verb).mp3’

     0K .......... .......... .......... .......... .......... 18%  417K 1s
    50K .......... .......... .......... .......... .......... 36% 1.05M 0s
   100K .......... .......... .......... .......... .......... 55%  494K 0s
   150K .......... .......... .......... .......... .......... 73%  814K 0s
   200K .......... .......... .......... .......... .......... 92% 1.25M 0s
   250K .......... .......... .                               100%  627K=0.4s

2016-10-07 17:52:21 (675 KB/s) - ‘fix (verb).mp3’ saved [277943/277943]

--2016-10-07 17:52:21--  http://www.voanews.com/MediaAssets2/classroom/interactive_learning/interactive_wordbook/deploy/audio/float%20(verb).mp3
Reusing existing connection to www.voanews.com:80.
HTTP request sent, awaiting response... 200 OK
Length: 448888 (438K) [audio/mpeg]
Saving to: ‘float (verb).mp3’

     0K .......... .......... .......... .......... .......... 11% 1.13M 0s
    50K .......... .......... .......... .......... .......... 22% 1.01M 0s
   100K .......... .......... .......... .......... .......... 34% 1.06M 0s
   150K .......... .......... .......... .......... .......... 45%  949K 0s
   200K .......... .......... .......... .......... .......... 57% 1.39M 0s
   250K .......... .......... .......... .......... .......... 68%  786K 0s
   300K .......... .......... .......... .......... .......... 79% 1.46M 0s
   350K .......... .......... .......... .......... .......... 91% 1.80M 0s
   400K .......... .......... .......... ........             100% 4.98M=0.4s

2016-10-07 17:52:22 (1.20 MB/s) - ‘float (verb).mp3’ saved [448888/448888]

--2016-10-07 17:52:22--  http://www.voanews.com/MediaAssets2/classroom/interactive_learning/interactive_wordbook/deploy/audio/floor%20(noun).mp3
Reusing existing connection to www.voanews.com:80.
HTTP request sent, awaiting response... 200 OK
Length: 487758 (476K) [audio/mpeg]
Saving to: ‘floor (noun).mp3’

     0K .......... .......... .......... .......... .......... 10%  622K 1s
    50K .......... .......... .......... .......... .......... 20%  998K 0s
   100K .......... .......... .......... .......... .......... 31%  522K 0s
   150K .......... .......... .......... .......... .......... 41%  713K 0s
   200K .......... .......... .......... .......... .......... 52% 1.34M 0s
   250K .......... .......... .......... .......... .......... 62%  883K 0s
   300K .......... .......... .......... .......... .......... 73%  771K 0s
   350K .......... .......... .......... .......... .......... 83%  609K 0s
   400K .......... .......... .......... .......... .......... 94%  563K 0s
   450K .......... .......... ......                          100% 1.17M=0.6s

2016-10-07 17:52:23 (736 KB/s) - ‘floor (noun).mp3’ saved [487758/487758]

--2016-10-07 17:52:23--  http://www.voanews.com/MediaAssets2/classroom/interactive_learning/interactive_wordbook/deploy/audio/fluid%20(noun).mp3
Reusing existing connection to www.voanews.com:80.
HTTP request sent, awaiting response... 200 OK
Length: 318485 (311K) [audio/mpeg]
Saving to: ‘fluid (noun).mp3’

     0K .......... .......... .......... .......... .......... 16%  924K 0s
    50K .......... .......... .......... .......... .......... 32%  814K 0s
   100K .......... .......... .......... .......... .......... 48%  554K 0s
   150K .......... .......... .......... .......... .......... 64%  734K 0s
   200K .......... .......... .......... .......... .......... 80%  633K 0s
   250K .......... .......... .......... .......... .......... 96%  892K 0s
   300K .......... .                                          100%  481K=0.4s

2016-10-07 17:52:24 (720 KB/s) - ‘fluid (noun).mp3’ saved [318485/318485]

--2016-10-07 17:52:24--  http://www.voanews.com/MediaAssets2/classroom/interactive_learning/interactive_wordbook/deploy/audio/fly%20(verb).mp3
Reusing existing connection to www.voanews.com:80.
HTTP request sent, awaiting response... 200 OK
Length: 275853 (269K) [audio/mpeg]
Saving to: ‘fly (verb).mp3’

     0K .......... .......... .......... .......... .......... 18%  877K 0s
    50K .......... .......... .......... .......... .......... 37%  688K 0s
   100K .......... .......... .......... .......... .......... 55%  734K 0s
   150K .......... .......... .......... .......... .......... 74%  887K 0s
   200K .......... .......... .......... .......... .......... 92%  588K 0s
   250K .......... .........                                  100% 1.42M=0.4s

2016-10-07 17:52:25 (764 KB/s) - ‘fly (verb).mp3’ saved [275853/275853]

--2016-10-07 17:52:25--  http://www.voanews.com/MediaAssets2/classroom/interactive_learning/interactive_wordbook/deploy/audio/follow%20(verb).mp3
Reusing existing connection to www.voanews.com:80.
HTTP request sent, awaiting response... 200 OK
Length: 290482 (284K) [audio/mpeg]
Saving to: ‘follow (verb).mp3’

     0K .......... .......... .......... .......... .......... 17% 1.10M 0s
    50K .......... .......... .......... .......... .......... 35%  818K 0s
   100K .......... .......... .......... .......... .......... 52% 1.22M 0s
   150K .......... .......... .......... .......... .......... 70% 1.97M 0s
   200K .......... .......... .......... .......... .......... 88%  930K 0s
   250K .......... .......... .......... ...                  100% 1.01M=0.3s

2016-10-07 17:52:25 (1.08 MB/s) - ‘follow (verb).mp3’ saved [290482/290482]

--2016-10-07 17:52:25--  http://www.voanews.com/MediaAssets2/classroom/interactive_learning/interactive_wordbook/deploy/audio/fool%20(verb).mp3
Reusing existing connection to www.voanews.com:80.
HTTP request sent, awaiting response... 200 OK
Length: 363207 (355K) [audio/mpeg]
Saving to: ‘fool (verb).mp3’

     0K .......... .......... .......... .......... .......... 14% 2.90M 0s
    50K .......... .......... .......... .......... .......... 28%  535K 0s
   100K .......... .......... .......... .......... .......... 42%  450K 0s
   150K .......... .......... .......... .......... .......... 56%  921K 0s
   200K .......... .......... .......... .......... .......... 70%  706K 0s
   250K .......... .......... .......... .......... .......... 84%  634K 0s
   300K .......... .......... .......... .......... .......... 98%  876K 0s
   350K ....                                                  100% 2.34M=0.5s

2016-10-07 17:52:26 (732 KB/s) - ‘fool (verb).mp3’ saved [363207/363207]

--2016-10-07 17:52:26--  http://www.voanews.com/MediaAssets2/classroom/interactive_learning/interactive_wordbook/deploy/audio/for%20(preposition).mp3
Reusing existing connection to www.voanews.com:80.
HTTP request sent, awaiting response... 200 OK
Length: 562573 (549K) [audio/mpeg]
Saving to: ‘for (preposition).mp3’

     0K .......... .......... .......... .......... ..........  9%  792K 1s
    50K .......... .......... .......... .......... .......... 18% 1.16M 0s
   100K .......... .......... .......... .......... .......... 27% 1.20M 0s
   150K .......... .......... .......... .......... .......... 36% 1.04M 0s
   200K .......... .......... .......... .......... .......... 45% 1.38M 0s
   250K .......... .......... .......... .......... .......... 54%  252K 0s
   300K .......... .......... .......... .......... .......... 63% 1.03M 0s
   350K .......... .......... .......... .......... .......... 72% 1.93M 0s
   400K .......... .......... .......... .......... .......... 81% 4.80M 0s
   450K .......... .......... .......... .......... .......... 91%  833K 0s
   500K .......... .......... .......... .......... ......... 100% 2.25M=0.6s

2016-10-07 17:52:27 (929 KB/s) - ‘for (preposition).mp3’ saved [562573/562573]

--2016-10-07 17:52:27--  http://www.voanews.com/MediaAssets2/classroom/interactive_learning/interactive_wordbook/deploy/audio/foreign%20(adjective).mp3
Reusing existing connection to www.voanews.com:80.
HTTP request sent, awaiting response... 200 OK
Length: 327680 (320K) [audio/mpeg]
Saving to: ‘foreign (adjective).mp3’

     0K .......... .......... .......... .......... .......... 15% 2.64M 0s
    50K .......... .......... .......... .......... .......... 31%  890K 0s
   100K .......... .......... .......... .......... .......... 46% 1.06M 0s
   150K .......... .......... .......... .......... .......... 62% 5.07M 0s
   200K .......... .......... .......... .......... .......... 78%  864K 0s
   250K .......... .......... .......... .......... .......... 93% 1.27M 0s
   300K .......... ..........                                 100% 2.11M=0.2s

2016-10-07 17:52:28 (1.33 MB/s) - ‘foreign (adjective).mp3’ saved [327680/327680]

--2016-10-07 17:52:28--  http://www.voanews.com/MediaAssets2/classroom/interactive_learning/interactive_wordbook/deploy/audio/forest%20(noun).mp3
Reusing existing connection to www.voanews.com:80.
HTTP request sent, awaiting response... 200 OK
Length: 409600 (400K) [audio/mpeg]
Saving to: ‘forest (noun).mp3’

     0K .......... .......... .......... .......... .......... 12% 4.36M 0s
    50K .......... .......... .......... .......... .......... 25% 1.31M 0s
   100K .......... .......... .......... .......... .......... 37%  989K 0s
   150K .......... .......... .......... .......... .......... 50% 1.18M 0s
   200K .......... .......... .......... .......... .......... 62% 1.82M 0s
   250K .......... .......... .......... .......... .......... 75% 1.27M 0s
   300K .......... .......... .......... .......... .......... 87%  833K 0s
   350K .......... .......... .......... .......... ..........100%  489K 0s
   400K                                                       100% 0.00 =0.4s

2016-10-07 17:52:28 (1.06 MB/s) - ‘forest (noun).mp3’ saved [409600/409600]

--2016-10-07 17:52:28--  http://www.voanews.com/MediaAssets2/classroom/interactive_learning/interactive_wordbook/deploy/audio/forgive%20(verb).mp3
Reusing existing connection to www.voanews.com:80.
HTTP request sent, awaiting response... 200 OK
Length: 384940 (376K) [audio/mpeg]
Saving to: ‘forgive (verb).mp3’

     0K .......... .......... .......... .......... .......... 13% 1.76M 0s
    50K .......... .......... .......... .......... .......... 26%  918K 0s
   100K .......... .......... .......... .......... .......... 39% 1.42M 0s
   150K .......... .......... .......... .......... .......... 53% 1.69M 0s
   200K .......... .......... .......... .......... .......... 66% 1.26M 0s
   250K .......... .......... .......... .......... .......... 79% 1.48M 0s
   300K .......... .......... .......... .......... .......... 93% 4.70M 0s
   350K .......... .......... .....                           100% 1.20M=0.2s

2016-10-07 17:52:29 (1.47 MB/s) - ‘forgive (verb).mp3’ saved [384940/384940]

--2016-10-07 17:52:29--  http://www.voanews.com/MediaAssets2/classroom/interactive_learning/interactive_wordbook/deploy/audio/former%20(adjective).mp3
Reusing existing connection to www.voanews.com:80.
HTTP request sent, awaiting response... 200 OK
Length: 373238 (364K) [audio/mpeg]
Saving to: ‘former (adjective).mp3’

     0K .......... .......... .......... .......... .......... 13% 6.62M 0s
    50K .......... .......... .......... .......... .......... 27% 1.36M 0s
   100K .......... .......... .......... .......... .......... 41%  867K 0s
   150K .......... .......... .......... .......... .......... 54% 2.21M 0s
   200K .......... .......... .......... .......... .......... 68% 2.15M 0s
   250K .......... .......... .......... .......... .......... 82% 2.20M 0s
   300K .......... .......... .......... .......... .......... 96% 1.16M 0s
   350K .......... ....                                       100% 10.3M=0.2s

2016-10-07 17:52:30 (1.68 MB/s) - ‘former (adjective).mp3’ saved [373238/373238]

--2016-10-07 17:52:30--  http://www.voanews.com/MediaAssets2/classroom/interactive_learning/interactive_wordbook/deploy/audio/free%20(adjective).mp3
Reusing existing connection to www.voanews.com:80.
HTTP request sent, awaiting response... 200 OK
Length: 419213 (409K) [audio/mpeg]
Saving to: ‘free (adjective).mp3’

     0K .......... .......... .......... .......... .......... 12% 5.34M 0s
    50K .......... .......... .......... .......... .......... 24% 1.50M 0s
   100K .......... .......... .......... .......... .......... 36% 1.64M 0s
   150K .......... .......... .......... .......... .......... 48%  968K 0s
   200K .......... .......... .......... .......... .......... 61% 1.35M 0s
   250K .......... .......... .......... .......... .......... 73% 2.77M 0s
   300K .......... .......... .......... .......... .......... 85% 1024K 0s
   350K .......... .......... .......... .......... .......... 97% 1.85M 0s
   400K .........                                             100% 13.1M=0.3s

2016-10-07 17:52:30 (1.58 MB/s) - ‘free (adjective).mp3’ saved [419213/419213]

--2016-10-07 17:52:30--  http://www.voanews.com/MediaAssets2/classroom/interactive_learning/interactive_wordbook/deploy/audio/freedom%20(noun).mp3
Reusing existing connection to www.voanews.com:80.
HTTP request sent, awaiting response... 200 OK
Length: 320993 (313K) [audio/mpeg]
Saving to: ‘freedom (noun).mp3’

     0K .......... .......... .......... .......... .......... 15%  466K 1s
    50K .......... .......... .......... .......... .......... 31% 4.02M 0s
   100K .......... .......... .......... .......... .......... 47%  635K 0s
   150K .......... .......... .......... .......... .......... 63%  961K 0s
   200K .......... .......... .......... .......... .......... 79%  282K 0s
   250K .......... .......... .......... .......... .......... 95%  706K 0s
   300K .......... ...                                        100%  963K=0.5s

2016-10-07 17:52:31 (612 KB/s) - ‘freedom (noun).mp3’ saved [320993/320993]

--2016-10-07 17:52:31--  http://www.voanews.com/MediaAssets2/classroom/interactive_learning/interactive_wordbook/deploy/audio/freeze%20(verb).mp3
Reusing existing connection to www.voanews.com:80.
HTTP request sent, awaiting response... 200 OK
Length: 433006 (423K) [audio/mpeg]
Saving to: ‘freeze (verb).mp3’

     0K .......... .......... .......... .......... .......... 11%  834K 0s
    50K .......... .......... .......... .......... .......... 23%  760K 0s
   100K .......... .......... .......... .......... .......... 35%  898K 0s
   150K .......... .......... .......... .......... .......... 47%  702K 0s
   200K .......... .......... .......... .......... .......... 59%  906K 0s
   250K .......... .......... .......... .......... .......... 70% 1.10M 0s
   300K .......... .......... .......... .......... .......... 82% 1000K 0s
   350K .......... .......... .......... .......... .......... 94%  702K 0s
   400K .......... .......... ..                              100% 11.7M=0.5s

2016-10-07 17:52:32 (890 KB/s) - ‘freeze (verb).mp3’ saved [433006/433006]

--2016-10-07 17:52:32--  http://www.voanews.com/MediaAssets2/classroom/interactive_learning/interactive_wordbook/deploy/audio/fresh%20(adjective).mp3
Reusing existing connection to www.voanews.com:80.
HTTP request sent, awaiting response... 200 OK
Length: 428826 (419K) [audio/mpeg]
Saving to: ‘fresh (adjective).mp3’

     0K .......... .......... .......... .......... .......... 11% 1.37M 0s
    50K .......... .......... .......... .......... .......... 23%  584K 0s
   100K .......... .......... .......... .......... .......... 35%  732K 0s
   150K .......... .......... .......... .......... .......... 47% 1.61M 0s
   200K .......... .......... .......... .......... .......... 59%  559K 0s
   250K .......... .......... .......... .......... .......... 71% 1.28M 0s
   300K .......... .......... .......... .......... .......... 83%  757K 0s
   350K .......... .......... .......... .......... .......... 95% 1.54M 0s
   400K .......... ........                                   100% 4.65M=0.4s

2016-10-07 17:52:33 (933 KB/s) - ‘fresh (adjective).mp3’ saved [428826/428826]

--2016-10-07 17:52:33--  http://www.voanews.com/MediaAssets2/classroom/interactive_learning/interactive_wordbook/deploy/audio/friend%20(noun).mp3
Reusing existing connection to www.voanews.com:80.
HTTP request sent, awaiting response... 200 OK
Length: 358609 (350K) [audio/mpeg]
Saving to: ‘friend (noun).mp3’

     0K .......... .......... .......... .......... .......... 14% 1.33M 0s
    50K .......... .......... .......... .......... .......... 28% 3.67M 0s
   100K .......... .......... .......... .......... .......... 42%  849K 0s
   150K .......... .......... .......... .......... .......... 57% 1.72M 0s
   200K .......... .......... .......... .......... .......... 71%  669K 0s
   250K .......... .......... .......... .......... .......... 85% 1.58M 0s
   300K .......... .......... .......... .......... .......... 99% 1.38M 0s
   350K                                                       100%  389G=0.3s

2016-10-07 17:52:33 (1.23 MB/s) - ‘friend (noun).mp3’ saved [358609/358609]

--2016-10-07 17:52:33--  http://www.voanews.com/MediaAssets2/classroom/interactive_learning/interactive_wordbook/deploy/audio/frighten%20(verb).mp3
Reusing existing connection to www.voanews.com:80.
HTTP request sent, awaiting response... 200 OK
Length: 293407 (287K) [audio/mpeg]
Saving to: ‘frighten (verb).mp3’

     0K .......... .......... .......... .......... .......... 17%  736K 0s
    50K .......... .......... .......... .......... .......... 34% 1.12M 0s
   100K .......... .......... .......... .......... .......... 52% 1.60M 0s
   150K .......... .......... .......... .......... .......... 69%  363K 0s
   200K .......... .......... .......... .......... .......... 87% 1.41M 0s
   250K .......... .......... .......... ......               100%  602K=0.4s

2016-10-07 17:52:34 (764 KB/s) - ‘frighten (verb).mp3’ saved [293407/293407]

--2016-10-07 17:52:34--  http://www.voanews.com/MediaAssets2/classroom/interactive_learning/interactive_wordbook/deploy/audio/frightening%20(adjective).mp3
Reusing existing connection to www.voanews.com:80.
HTTP request sent, awaiting response... 200 OK
Length: 323918 (316K) [audio/mpeg]
Saving to: ‘frightening (adjective).mp3’

     0K .......... .......... .......... .......... .......... 15%  910K 0s
    50K .......... .......... .......... .......... .......... 31%  573K 0s
   100K .......... .......... .......... .......... .......... 47%  828K 0s
   150K .......... .......... .......... .......... .......... 63%  622K 0s
   200K .......... .......... .......... .......... .......... 79%  490K 0s
   250K .......... .......... .......... .......... .......... 94%  917K 0s
   300K .......... ......                                     100%  575K=0.5s

2016-10-07 17:52:35 (676 KB/s) - ‘frightening (adjective).mp3’ saved [323918/323918]

--2016-10-07 17:52:35--  http://www.voanews.com/MediaAssets2/classroom/interactive_learning/interactive_wordbook/deploy/audio/from%20(preposition).mp3
Reusing existing connection to www.voanews.com:80.
HTTP request sent, awaiting response... 200 OK
Length: 492774 (481K) [audio/mpeg]
Saving to: ‘from (preposition).mp3’

     0K .......... .......... .......... .......... .......... 10%  864K 0s
    50K .......... .......... .......... .......... .......... 20%  657K 1s
   100K .......... .......... .......... .......... .......... 31%  718K 0s
   150K .......... .......... .......... .......... .......... 41%  883K 0s
   200K .......... .......... .......... .......... .......... 51%  509K 0s
   250K .......... .......... .......... .......... .......... 62%  623K 0s
   300K .......... .......... .......... .......... .......... 72%  640K 0s
   350K .......... .......... .......... .......... .......... 83%  714K 0s
   400K .......... .......... .......... .......... .......... 93%  672K 0s
   450K .......... .......... .......... .                    100%  516K=0.7s

2016-10-07 17:52:36 (667 KB/s) - ‘from (preposition).mp3’ saved [492774/492774]

--2016-10-07 17:52:36--  http://www.voanews.com/MediaAssets2/classroom/interactive_learning/interactive_wordbook/deploy/audio/front%20(noun).mp3
Reusing existing connection to www.voanews.com:80.
HTTP request sent, awaiting response... 200 OK
Length: 364878 (356K) [audio/mpeg]
Saving to: ‘front (noun).mp3’

     0K .......... .......... .......... .......... .......... 14%  909K 0s
    50K .......... .......... .......... .......... .......... 28%  712K 0s
   100K .......... .......... .......... .......... .......... 42%  700K 0s
   150K .......... .......... .......... .......... .......... 56%  612K 0s
   200K .......... .......... .......... .......... .......... 70%  486K 0s
   250K .......... .......... .......... .......... .......... 84% 1.00M 0s
   300K .......... .......... .......... .......... .......... 98%  713K 0s
   350K ......                                                100% 19.2M=0.5s

2016-10-07 17:52:37 (712 KB/s) - ‘front (noun).mp3’ saved [364878/364878]

--2016-10-07 17:52:37--  http://www.voanews.com/MediaAssets2/classroom/interactive_learning/interactive_wordbook/deploy/audio/fuel%20(noun).mp3
Reusing existing connection to www.voanews.com:80.
HTTP request sent, awaiting response... 200 OK
Length: 309708 (302K) [audio/mpeg]
Saving to: ‘fuel (noun).mp3’

     0K .......... .......... .......... .......... .......... 16%  744K 0s
    50K .......... .......... .......... .......... .......... 33%  785K 0s
   100K .......... .......... .......... .......... .......... 49% 1.09M 0s
   150K .......... .......... .......... .......... .......... 66%  710K 0s
   200K .......... .......... .......... .......... .......... 82%  829K 0s
   250K .......... .......... .......... .......... .......... 99%  575K 0s
   300K ..                                                    100% 1.94M=0.4s

2016-10-07 17:52:38 (766 KB/s) - ‘fuel (noun).mp3’ saved [309708/309708]

--2016-10-07 17:52:38--  http://www.voanews.com/MediaAssets2/classroom/interactive_learning/interactive_wordbook/deploy/audio/full%20(adjective).mp3
Reusing existing connection to www.voanews.com:80.
HTTP request sent, awaiting response... 200 OK
Length: 333113 (325K) [audio/mpeg]
Saving to: ‘full (adjective).mp3’

     0K .......... .......... .......... .......... .......... 15%  746K 0s
    50K .......... .......... .......... .......... .......... 30%  877K 0s
   100K .......... .......... .......... .......... .......... 46%  618K 0s
   150K .......... .......... .......... .......... .......... 61%  702K 0s
   200K .......... .......... .......... .......... .......... 76% 1.19M 0s
   250K .......... .......... .......... .......... .......... 92%  855K 0s
   300K .......... .......... .....                           100%  856K=0.4s

2016-10-07 17:52:38 (803 KB/s) - ‘full (adjective).mp3’ saved [333113/333113]

--2016-10-07 17:52:38--  http://www.voanews.com/MediaAssets2/classroom/interactive_learning/interactive_wordbook/deploy/audio/fun%20(noun).mp3
Reusing existing connection to www.voanews.com:80.
HTTP request sent, awaiting response... 200 OK
Length: 322664 (315K) [audio/mpeg]
Saving to: ‘fun (noun).mp3’

     0K .......... .......... .......... .......... .......... 15% 1.06M 0s
    50K .......... .......... .......... .......... .......... 31%  764K 0s
   100K .......... .......... .......... .......... .......... 47%  534K 0s
   150K .......... .......... .......... .......... .......... 63%  907K 0s
   200K .......... .......... .......... .......... .......... 79%  647K 0s
   250K .......... .......... .......... .......... .......... 95%  528K 0s
   300K .......... .....                                      100% 3.23M=0.4s

2016-10-07 17:52:39 (721 KB/s) - ‘fun (noun).mp3’ saved [322664/322664]

--2016-10-07 17:52:39--  http://www.voanews.com/MediaAssets2/classroom/interactive_learning/interactive_wordbook/deploy/audio/funeral%20(noun).mp3
Reusing existing connection to www.voanews.com:80.
HTTP request sent, awaiting response... 200 OK
Length: 324336 (317K) [audio/mpeg]
Saving to: ‘funeral (noun).mp3’

     0K .......... .......... .......... .......... .......... 15%  440K 1s
    50K .......... .......... .......... .......... .......... 31%  419K 1s
   100K .......... .......... .......... .......... .......... 47%  580K 0s
   150K .......... .......... .......... .......... .......... 63%  425K 0s
   200K .......... .......... .......... .......... .......... 78%  923K 0s
   250K .......... .......... .......... .......... .......... 94%  869K 0s
   300K .......... ......                                     100%  321K=0.6s

2016-10-07 17:52:40 (527 KB/s) - ‘funeral (noun).mp3’ saved [324336/324336]

--2016-10-07 17:52:40--  http://www.voanews.com/MediaAssets2/classroom/interactive_learning/interactive_wordbook/deploy/audio/fusion%20(noun).mp3
Reusing existing connection to www.voanews.com:80.
HTTP request sent, awaiting response... 200 OK
Length: 402913 (393K) [audio/mpeg]
Saving to: ‘fusion (noun).mp3’

     0K .......... .......... .......... .......... .......... 12%  531K 1s
    50K .......... .......... .......... .......... .......... 25%  624K 1s
   100K .......... .......... .......... .......... .......... 38%  835K 0s
   150K .......... .......... .......... .......... .......... 50%  625K 0s
   200K .......... .......... .......... .......... .......... 63%  624K 0s
   250K .......... .......... .......... .......... .......... 76%  556K 0s
   300K .......... .......... .......... .......... .......... 88%  990K 0s
   350K .......... .......... .......... .......... ...       100%  524K=0.6s

2016-10-07 17:52:41 (637 KB/s) - ‘fusion (noun).mp3’ saved [402913/402913]

--2016-10-07 17:52:41--  http://www.voanews.com/MediaAssets2/classroom/interactive_learning/interactive_wordbook/deploy/audio/gain%20(verb).mp3
Reusing existing connection to www.voanews.com:80.
HTTP request sent, awaiting response... 200 OK
Length: 77472 (76K) [audio/mpeg]
Saving to: ‘gain (verb).mp3’

     0K .......... .......... .......... .......... .......... 66%  731K 0s
    50K .......... .......... .....                           100%  775K=0.1s

2016-10-07 17:52:42 (745 KB/s) - ‘gain (verb).mp3’ saved [77472/77472]

--2016-10-07 17:52:42--  http://www.voanews.com/MediaAssets2/classroom/interactive_learning/interactive_wordbook/deploy/audio/game%20(noun).mp3
Reusing existing connection to www.voanews.com:80.
HTTP request sent, awaiting response... 200 OK
Length: 93168 (91K) [audio/mpeg]
Saving to: ‘game (noun).mp3’

     0K .......... .......... .......... .......... .......... 54%  383K 0s
    50K .......... .......... .......... ..........           100%  720K=0.2s

2016-10-07 17:52:42 (485 KB/s) - ‘game (noun).mp3’ saved [93168/93168]

--2016-10-07 17:52:42--  http://www.voanews.com/MediaAssets2/classroom/interactive_learning/interactive_wordbook/deploy/audio/gas%20(noun).mp3
Reusing existing connection to www.voanews.com:80.
HTTP request sent, awaiting response... 200 OK
Length: 125856 (123K) [audio/mpeg]
Saving to: ‘gas (noun).mp3’

     0K .......... .......... .......... .......... .......... 40%  897K 0s
    50K .......... .......... .......... .......... .......... 81%  652K 0s
   100K .......... .......... ..                              100%  258K=0.2s

2016-10-07 17:52:43 (556 KB/s) - ‘gas (noun).mp3’ saved [125856/125856]

--2016-10-07 17:52:43--  http://www.voanews.com/MediaAssets2/classroom/interactive_learning/interactive_wordbook/deploy/audio/gather(verb).mp3
Reusing existing connection to www.voanews.com:80.
HTTP request sent, awaiting response... 200 OK
Length: 83232 (81K) [audio/mpeg]
Saving to: ‘gather(verb).mp3’

     0K .......... .......... .......... .......... .......... 61%  425K 0s
    50K .......... .......... .......... .                    100%  275K=0.2s

2016-10-07 17:52:43 (351 KB/s) - ‘gather(verb).mp3’ saved [83232/83232]

--2016-10-07 17:52:43--  http://www.voanews.com/MediaAssets2/classroom/interactive_learning/interactive_wordbook/deploy/audio/general%20(adjective).mp3
Reusing existing connection to www.voanews.com:80.
HTTP request sent, awaiting response... 200 OK
Length: 105696 (103K) [audio/mpeg]
Saving to: ‘general (adjective).mp3’

     0K .......... .......... .......... .......... .......... 48%  233K 0s
    50K .......... .......... .......... .......... .......... 96%  342K 0s
   100K ...                                                   100% 1.60M=0.4s

2016-10-07 17:52:44 (285 KB/s) - ‘general (adjective).mp3’ saved [105696/105696]

--2016-10-07 17:52:44--  http://www.voanews.com/MediaAssets2/classroom/interactive_learning/interactive_wordbook/deploy/audio/generation%20(noun).mp3
Reusing existing connection to www.voanews.com:80.
HTTP request sent, awaiting response... 200 OK
Length: 102096 (100K) [audio/mpeg]
Saving to: ‘generation (noun).mp3’

     0K .......... .......... .......... .......... .......... 50%  561K 0s
    50K .......... .......... .......... .......... ......... 100%  306K=0.3s

2016-10-07 17:52:45 (396 KB/s) - ‘generation (noun).mp3’ saved [102096/102096]

--2016-10-07 17:52:45--  http://www.voanews.com/MediaAssets2/classroom/interactive_learning/interactive_wordbook/deploy/audio/gene%20(noun).mp3
Reusing existing connection to www.voanews.com:80.
HTTP request sent, awaiting response... 200 OK
Length: 100800 (98K) [audio/mpeg]
Saving to: ‘gene (noun).mp3’

     0K .......... .......... .......... .......... .......... 50%  261K 0s
    50K .......... .......... .......... .......... ........  100%  118K=0.6s

2016-10-07 17:52:46 (164 KB/s) - ‘gene (noun).mp3’ saved [100800/100800]

--2016-10-07 17:52:46--  http://www.voanews.com/MediaAssets2/classroom/interactive_learning/interactive_wordbook/deploy/audio/genetic%20engineering%20(noun).mp3
Reusing existing connection to www.voanews.com:80.
HTTP request sent, awaiting response... 200 OK
Length: 80496 (79K) [audio/mpeg]
Saving to: ‘genetic engineering (noun).mp3’

     0K .......... .......... .......... .......... .......... 63%  327K 0s
    50K .......... .......... ........                        100%  587K=0.2s

2016-10-07 17:52:46 (390 KB/s) - ‘genetic engineering (noun).mp3’ saved [80496/80496]

--2016-10-07 17:52:46--  http://www.voanews.com/MediaAssets2/classroom/interactive_learning/interactive_wordbook/deploy/audio/gentle%20(adjective).mp3
Reusing existing connection to www.voanews.com:80.
HTTP request sent, awaiting response... 200 OK
Length: 76464 (75K) [audio/mpeg]
Saving to: ‘gentle (adjective).mp3’

     0K .......... .......... .......... .......... .......... 66%  623K 0s
    50K .......... .......... ....                            100%  677K=0.1s

2016-10-07 17:52:47 (640 KB/s) - ‘gentle (adjective).mp3’ saved [76464/76464]

--2016-10-07 17:52:47--  http://www.voanews.com/MediaAssets2/classroom/interactive_learning/interactive_wordbook/deploy/audio/gift%20(noun).mp3
Reusing existing connection to www.voanews.com:80.
HTTP request sent, awaiting response... 200 OK
Length: 136512 (133K) [audio/mpeg]
Saving to: ‘gift (noun).mp3’

     0K .......... .......... .......... .......... .......... 37%  629K 0s
    50K .......... .......... .......... .......... .......... 75%  717K 0s
   100K .......... .......... .......... ...                  100%  709K=0.2s

2016-10-07 17:52:47 (679 KB/s) - ‘gift (noun).mp3’ saved [136512/136512]

--2016-10-07 17:52:47--  http://www.voanews.com/MediaAssets2/classroom/interactive_learning/interactive_wordbook/deploy/audio/glass%20(noun).mp3
Reusing existing connection to www.voanews.com:80.
HTTP request sent, awaiting response... 200 OK
Length: 89856 (88K) [audio/mpeg]
Saving to: ‘glass (noun).mp3’

     0K .......... .......... .......... .......... .......... 56%  878K 0s
    50K .......... .......... .......... .......              100%  529K=0.1s

2016-10-07 17:52:48 (684 KB/s) - ‘glass (noun).mp3’ saved [89856/89856]

--2016-10-07 17:52:48--  http://www.voanews.com/MediaAssets2/classroom/interactive_learning/interactive_wordbook/deploy/audio/goal%20(noun).mp3
Reusing existing connection to www.voanews.com:80.
HTTP request sent, awaiting response... 200 OK
Length: 100512 (98K) [audio/mpeg]
Saving to: ‘goal (noun).mp3’

     0K .......... .......... .......... .......... .......... 50%  824K 0s
    50K .......... .......... .......... .......... ........  100%  541K=0.1s

2016-10-07 17:52:48 (656 KB/s) - ‘goal (noun).mp3’ saved [100512/100512]

--2016-10-07 17:52:48--  http://www.voanews.com/MediaAssets2/classroom/interactive_learning/interactive_wordbook/deploy/audio/gold%20(noun).mp3
Reusing existing connection to www.voanews.com:80.
HTTP request sent, awaiting response... 200 OK
Length: 71424 (70K) [audio/mpeg]
Saving to: ‘gold (noun).mp3’

     0K .......... .......... .......... .......... .......... 71%  781K 0s
    50K .......... .........                                  100% 2.17M=0.07s

2016-10-07 17:52:48 (957 KB/s) - ‘gold (noun).mp3’ saved [71424/71424]

--2016-10-07 17:52:48--  http://www.voanews.com/MediaAssets2/classroom/interactive_learning/interactive_wordbook/deploy/audio/goods%20(noun).mp3
Reusing existing connection to www.voanews.com:80.
HTTP request sent, awaiting response... 200 OK
Length: 71568 (70K) [audio/mpeg]
Saving to: ‘goods (noun).mp3’

     0K .......... .......... .......... .......... .......... 71%  641K 0s
    50K .......... .........                                  100% 3.47M=0.08s

2016-10-07 17:52:49 (836 KB/s) - ‘goods (noun).mp3’ saved [71568/71568]

--2016-10-07 17:52:49--  http://www.voanews.com/MediaAssets2/classroom/interactive_learning/interactive_wordbook/deploy/audio/govern%20(verb).mp3
Reusing existing connection to www.voanews.com:80.
HTTP request sent, awaiting response... 200 OK
Length: 82512 (81K) [audio/mpeg]
Saving to: ‘govern (verb).mp3’

     0K .......... .......... .......... .......... .......... 62%  228K 0s
    50K .......... .......... ..........                      100%  561K=0.3s

2016-10-07 17:52:49 (294 KB/s) - ‘govern (verb).mp3’ saved [82512/82512]

--2016-10-07 17:52:49--  http://www.voanews.com/MediaAssets2/classroom/interactive_learning/interactive_wordbook/deploy/audio/government%20(noun).mp3
Reusing existing connection to www.voanews.com:80.
HTTP request sent, awaiting response... 200 OK
Length: 99216 (97K) [audio/mpeg]
Saving to: ‘government (noun).mp3’

     0K .......... .......... .......... .......... .......... 51%  963K 0s
    50K .......... .......... .......... .......... ......    100% 1.14M=0.09s

2016-10-07 17:52:50 (1.03 MB/s) - ‘government (noun).mp3’ saved [99216/99216]

--2016-10-07 17:52:50--  http://www.voanews.com/MediaAssets2/classroom/interactive_learning/interactive_wordbook/deploy/audio/grain%20(noun).mp3
Reusing existing connection to www.voanews.com:80.
HTTP request sent, awaiting response... 200 OK
Length: 135504 (132K) [audio/mpeg]
Saving to: ‘grain (noun).mp3’

     0K .......... .......... .......... .......... .......... 37%  833K 0s
    50K .......... .......... .......... .......... .......... 75%  567K 0s
   100K .......... .......... .......... ..                   100%  955K=0.2s

2016-10-07 17:52:50 (727 KB/s) - ‘grain (noun).mp3’ saved [135504/135504]

--2016-10-07 17:52:50--  http://www.voanews.com/MediaAssets2/classroom/interactive_learning/interactive_wordbook/deploy/audio/grass%20(noun).mp3
Reusing existing connection to www.voanews.com:80.
HTTP request sent, awaiting response... 200 OK
Length: 101232 (99K) [audio/mpeg]
Saving to: ‘grass (noun).mp3’

     0K .......... .......... .......... .......... .......... 50%  761K 0s
    50K .......... .......... .......... .......... ........  100%  467K=0.2s

2016-10-07 17:52:51 (580 KB/s) - ‘grass (noun).mp3’ saved [101232/101232]

--2016-10-07 17:52:51--  http://www.voanews.com/MediaAssets2/classroom/interactive_learning/interactive_wordbook/deploy/audio/gravity%20(noun).mp3
Reusing existing connection to www.voanews.com:80.
HTTP request sent, awaiting response... 200 OK
Length: 123408 (121K) [audio/mpeg]
Saving to: ‘gravity (noun).mp3’

     0K .......... .......... .......... .......... .......... 41%  476K 0s
    50K .......... .......... .......... .......... .......... 82%  638K 0s
   100K .......... ..........                                 100% 1.22M=0.2s

2016-10-07 17:52:52 (603 KB/s) - ‘gravity (noun).mp3’ saved [123408/123408]

--2016-10-07 17:52:52--  http://www.voanews.com/MediaAssets2/classroom/interactive_learning/interactive_wordbook/deploy/audio/great%20(adjective).mp3
Reusing existing connection to www.voanews.com:80.
HTTP request sent, awaiting response... 200 OK
Length: 102528 (100K) [audio/mpeg]
Saving to: ‘great (adjective).mp3’

     0K .......... .......... .......... .......... .......... 49%  783K 0s
    50K .......... .......... .......... .......... .......... 99%  779K 0s
   100K                                                       100%  238G=0.1s

2016-10-07 17:52:52 (782 KB/s) - ‘great (adjective).mp3’ saved [102528/102528]

--2016-10-07 17:52:52--  http://www.voanews.com/MediaAssets2/classroom/interactive_learning/interactive_wordbook/deploy/audio/grind%20(verb).mp3
Reusing existing connection to www.voanews.com:80.
HTTP request sent, awaiting response... 200 OK
Length: 74448 (73K) [audio/mpeg]
Saving to: ‘grind (verb).mp3’

     0K .......... .......... .......... .......... .......... 68%  985K 0s
    50K .......... .......... ..                              100% 1.62M=0.06s

2016-10-07 17:52:53 (1.10 MB/s) - ‘grind (verb).mp3’ saved [74448/74448]

--2016-10-07 17:52:53--  http://www.voanews.com/MediaAssets2/classroom/interactive_learning/interactive_wordbook/deploy/audio/ground%20(noun).mp3
Reusing existing connection to www.voanews.com:80.
HTTP request sent, awaiting response... 200 OK
Length: 116928 (114K) [audio/mpeg]
Saving to: ‘ground (noun).mp3’

     0K .......... .......... .......... .......... .......... 43% 1.16M 0s
    50K .......... .......... .......... .......... .......... 87%  600K 0s
   100K .......... ....                                       100%  392K=0.2s

2016-10-07 17:52:53 (706 KB/s) - ‘ground (noun).mp3’ saved [116928/116928]

--2016-10-07 17:52:53--  http://www.voanews.com/MediaAssets2/classroom/interactive_learning/interactive_wordbook/deploy/audio/group%20(noun).mp3
Reusing existing connection to www.voanews.com:80.
HTTP request sent, awaiting response... 200 OK
Length: 86256 (84K) [audio/mpeg]
Saving to: ‘group (noun).mp3’

     0K .......... .......... .......... .......... .......... 59%  773K 0s
    50K .......... .......... .......... ....                 100%  638K=0.1s

2016-10-07 17:52:54 (712 KB/s) - ‘group (noun).mp3’ saved [86256/86256]

--2016-10-07 17:52:54--  http://www.voanews.com/MediaAssets2/classroom/interactive_learning/interactive_wordbook/deploy/audio/grow%20(verb).mp3
Reusing existing connection to www.voanews.com:80.
HTTP request sent, awaiting response... 200 OK
Length: 80784 (79K) [audio/mpeg]
Saving to: ‘grow (verb).mp3’

     0K .......... .......... .......... .......... .......... 63%  620K 0s
    50K .......... .......... ........                        100% 2.98M=0.09s

2016-10-07 17:52:54 (875 KB/s) - ‘grow (verb).mp3’ saved [80784/80784]

--2016-10-07 17:52:54--  http://www.voanews.com/MediaAssets2/classroom/interactive_learning/interactive_wordbook/deploy/audio/guarantee%20(noun).mp3
Reusing existing connection to www.voanews.com:80.
HTTP request sent, awaiting response... 200 OK
Length: 120528 (118K) [audio/mpeg]
Saving to: ‘guarantee (noun).mp3’

     0K .......... .......... .......... .......... .......... 42%  864K 0s
    50K .......... .......... .......... .......... .......... 84% 1.07M 0s
   100K .......... .......                                    100% 1.21M=0.1s

2016-10-07 17:52:55 (999 KB/s) - ‘guarantee (noun).mp3’ saved [120528/120528]

--2016-10-07 17:52:55--  http://www.voanews.com/MediaAssets2/classroom/interactive_learning/interactive_wordbook/deploy/audio/guard%20(noun).mp3
Reusing existing connection to www.voanews.com:80.
HTTP request sent, awaiting response... 200 OK
Length: 83952 (82K) [audio/mpeg]
Saving to: ‘guard (noun).mp3’

     0K .......... .......... .......... .......... .......... 60%  860K 0s
    50K .......... .......... .......... .                    100% 1.25M=0.08s

2016-10-07 17:52:55 (987 KB/s) - ‘guard (noun).mp3’ saved [83952/83952]

--2016-10-07 17:52:55--  http://www.voanews.com/MediaAssets2/classroom/interactive_learning/interactive_wordbook/deploy/audio/guide%20(noun).mp3
Reusing existing connection to www.voanews.com:80.
HTTP request sent, awaiting response... 200 OK
Length: 95616 (93K) [audio/mpeg]
Saving to: ‘guide (noun).mp3’

     0K .......... .......... .......... .......... .......... 53% 1.58M 0s
    50K .......... .......... .......... .......... ...       100% 1.72M=0.06s

2016-10-07 17:52:56 (1.64 MB/s) - ‘guide (noun).mp3’ saved [95616/95616]

--2016-10-07 17:52:56--  http://www.voanews.com/MediaAssets2/classroom/interactive_learning/interactive_wordbook/deploy/audio/guilty(adjective).mp3
Reusing existing connection to www.voanews.com:80.
HTTP request sent, awaiting response... 200 OK
Length: 118080 (115K) [audio/mpeg]
Saving to: ‘guilty(adjective).mp3’

     0K .......... .......... .......... .......... .......... 43% 1.96M 0s
    50K .......... .......... .......... .......... .......... 86% 1.32M 0s
   100K .......... .....                                      100% 9.34M=0.06s

2016-10-07 17:52:56 (1.78 MB/s) - ‘guilty(adjective).mp3’ saved [118080/118080]

--2016-10-07 17:52:56--  http://www.voanews.com/MediaAssets2/classroom/interactive_learning/interactive_wordbook/deploy/audio/hair%20(noun).mp3
Reusing existing connection to www.voanews.com:80.
HTTP request sent, awaiting response... 200 OK
Length: 109008 (106K) [audio/mpeg]
Saving to: ‘hair (noun).mp3’

     0K .......... .......... .......... .......... .......... 46% 1.20M 0s
    50K .......... .......... .......... .......... .......... 93%  856K 0s
   100K ......                                                100% 9.92M=0.1s

2016-10-07 17:52:57 (1.04 MB/s) - ‘hair (noun).mp3’ saved [109008/109008]

--2016-10-07 17:52:57--  http://www.voanews.com/MediaAssets2/classroom/interactive_learning/interactive_wordbook/deploy/audio/half%20(noun).mp3
Reusing existing connection to www.voanews.com:80.
HTTP request sent, awaiting response... 200 OK
Length: 80496 (79K) [audio/mpeg]
Saving to: ‘half (noun).mp3’

     0K .......... .......... .......... .......... .......... 63%  791K 0s
    50K .......... .......... ........                        100%  669K=0.1s

2016-10-07 17:52:57 (742 KB/s) - ‘half (noun).mp3’ saved [80496/80496]

--2016-10-07 17:52:57--  http://www.voanews.com/MediaAssets2/classroom/interactive_learning/interactive_wordbook/deploy/audio/hang%20(verb).mp3
Reusing existing connection to www.voanews.com:80.
HTTP request sent, awaiting response... 200 OK
Length: 114480 (112K) [audio/mpeg]
Saving to: ‘hang (verb).mp3’

     0K .......... .......... .......... .......... .......... 44%  875K 0s
    50K .......... .......... .......... .......... .......... 89%  707K 0s
   100K .......... .                                          100%  789K=0.1s

2016-10-07 17:52:58 (783 KB/s) - ‘hang (verb).mp3’ saved [114480/114480]

--2016-10-07 17:52:58--  http://www.voanews.com/MediaAssets2/classroom/interactive_learning/interactive_wordbook/deploy/audio/happy%20(adjective).mp3
Reusing existing connection to www.voanews.com:80.
HTTP request sent, awaiting response... 200 OK
Length: 108144 (106K) [audio/mpeg]
Saving to: ‘happy (adjective).mp3’

     0K .......... .......... .......... .......... .......... 47% 1.14M 0s
    50K .......... .......... .......... .......... .......... 94%  694K 0s
   100K .....                                                 100% 10699G=0.1s

2016-10-07 17:52:58 (920 KB/s) - ‘happy (adjective).mp3’ saved [108144/108144]

--2016-10-07 17:52:58--  http://www.voanews.com/MediaAssets2/classroom/interactive_learning/interactive_wordbook/deploy/audio/hard%20(adjective).mp3
Reusing existing connection to www.voanews.com:80.
HTTP request sent, awaiting response... 200 OK
Length: 125568 (123K) [audio/mpeg]
Saving to: ‘hard (adjective).mp3’

     0K .......... .......... .......... .......... .......... 40%  931K 0s
    50K .......... .......... .......... .......... .......... 81% 1.36M 0s
   100K .......... .......... ..                              100% 1.84M=0.1s

2016-10-07 17:52:58 (1.18 MB/s) - ‘hard (adjective).mp3’ saved [125568/125568]

--2016-10-07 17:52:58--  http://www.voanews.com/MediaAssets2/classroom/interactive_learning/interactive_wordbook/deploy/audio/harm%20(verb).mp3
Reusing existing connection to www.voanews.com:80.
HTTP request sent, awaiting response... 200 OK
Length: 84960 (83K) [audio/mpeg]
Saving to: ‘harm (verb).mp3’

     0K .......... .......... .......... .......... .......... 60% 1.27M 0s
    50K .......... .......... .......... ..                   100% 2.86M=0.05s

2016-10-07 17:52:59 (1.63 MB/s) - ‘harm (verb).mp3’ saved [84960/84960]

--2016-10-07 17:52:59--  http://www.voanews.com/MediaAssets2/classroom/interactive_learning/interactive_wordbook/deploy/audio/harvest%20(noun).mp3
Reusing existing connection to www.voanews.com:80.
HTTP request sent, awaiting response... 200 OK
Length: 74880 (73K) [audio/mpeg]
Saving to: ‘harvest (noun).mp3’

     0K .......... .......... .......... .......... .......... 68% 1.34M 0s
    50K .......... .......... ...                             100% 3.12M=0.04s

2016-10-07 17:52:59 (1.64 MB/s) - ‘harvest (noun).mp3’ saved [74880/74880]

--2016-10-07 17:52:59--  http://www.voanews.com/MediaAssets2/classroom/interactive_learning/interactive_wordbook/deploy/audio/hate%20(verb).mp3
Reusing existing connection to www.voanews.com:80.
HTTP request sent, awaiting response... 200 OK
Length: 89568 (87K) [audio/mpeg]
Saving to: ‘hate (verb).mp3’

     0K .......... .......... .......... .......... .......... 57% 1.45M 0s
    50K .......... .......... .......... .......              100% 1.27M=0.06s

2016-10-07 17:53:00 (1.37 MB/s) - ‘hate (verb).mp3’ saved [89568/89568]

--2016-10-07 17:53:00--  http://www.voanews.com/MediaAssets2/classroom/interactive_learning/interactive_wordbook/deploy/audio/headquarters%20(noun).mp3
Reusing existing connection to www.voanews.com:80.
HTTP request sent, awaiting response... 200 OK
Length: 81216 (79K) [audio/mpeg]
Saving to: ‘headquarters (noun).mp3’

     0K .......... .......... .......... .......... .......... 63% 1.16M 0s
    50K .......... .......... .........                       100%  831K=0.08s

2016-10-07 17:53:00 (1.00 MB/s) - ‘headquarters (noun).mp3’ saved [81216/81216]

--2016-10-07 17:53:00--  http://www.voanews.com/MediaAssets2/classroom/interactive_learning/interactive_wordbook/deploy/audio/heal%20(verb).mp3
Reusing existing connection to www.voanews.com:80.
HTTP request sent, awaiting response... 200 OK
Length: 84240 (82K) [audio/mpeg]
Saving to: ‘heal (verb).mp3’

     0K .......... .......... .......... .......... .......... 60% 2.39M 0s
    50K .......... .......... .......... ..                   100%  466K=0.09s

2016-10-07 17:53:01 (918 KB/s) - ‘heal (verb).mp3’ saved [84240/84240]

--2016-10-07 17:53:01--  http://www.voanews.com/MediaAssets2/classroom/interactive_learning/interactive_wordbook/deploy/audio/health%20(noun).mp3
Reusing existing connection to www.voanews.com:80.
HTTP request sent, awaiting response... 200 OK
Length: 108000 (105K) [audio/mpeg]
Saving to: ‘health (noun).mp3’

     0K .......... .......... .......... .......... .......... 47%  914K 0s
    50K .......... .......... .......... .......... .......... 94%  786K 0s
   100K .....                                                 100% 1.76M=0.1s

2016-10-07 17:53:01 (869 KB/s) - ‘health (noun).mp3’ saved [108000/108000]

--2016-10-07 17:53:01--  http://www.voanews.com/MediaAssets2/classroom/interactive_learning/interactive_wordbook/deploy/audio/heat%20(noun).mp3
Reusing existing connection to www.voanews.com:80.
HTTP request sent, awaiting response... 200 OK
Length: 85824 (84K) [audio/mpeg]
Saving to: ‘heat (noun).mp3’

     0K .......... .......... .......... .......... .......... 59%  762K 0s
    50K .......... .......... .......... ...                  100%  963K=0.1s

2016-10-07 17:53:02 (832 KB/s) - ‘heat (noun).mp3’ saved [85824/85824]

--2016-10-07 17:53:02--  http://www.voanews.com/MediaAssets2/classroom/interactive_learning/interactive_wordbook/deploy/audio/heavy%20(adjective).mp3
Reusing existing connection to www.voanews.com:80.
HTTP request sent, awaiting response... 200 OK
Length: 109728 (107K) [audio/mpeg]
Saving to: ‘heavy (adjective).mp3’

     0K .......... .......... .......... .......... .......... 46%  621K 0s
    50K .......... .......... .......... .......... .......... 93%  850K 0s
   100K .......                                               100% 1.25M=0.1s

2016-10-07 17:53:02 (740 KB/s) - ‘heavy (adjective).mp3’ saved [109728/109728]

--2016-10-07 17:53:02--  http://www.voanews.com/MediaAssets2/classroom/interactive_learning/interactive_wordbook/deploy/audio/helicopter%20(noun).mp3
Reusing existing connection to www.voanews.com:80.
HTTP request sent, awaiting response... 200 OK
Length: 86544 (85K) [audio/mpeg]
Saving to: ‘helicopter (noun).mp3’

     0K .......... .......... .......... .......... .......... 59%  802K 0s
    50K .......... .......... .......... ....                 100% 1.27M=0.09s

2016-10-07 17:53:03 (950 KB/s) - ‘helicopter (noun).mp3’ saved [86544/86544]

--2016-10-07 17:53:03--  http://www.voanews.com/MediaAssets2/classroom/interactive_learning/interactive_wordbook/deploy/audio/hero%20(noun).mp3
Reusing existing connection to www.voanews.com:80.
HTTP request sent, awaiting response... 200 OK
Length: 111312 (109K) [audio/mpeg]
Saving to: ‘hero (noun).mp3’

     0K .......... .......... .......... .......... .......... 45%  833K 0s
    50K .......... .......... .......... .......... .......... 91%  818K 0s
   100K ........                                              100% 2.27M=0.1s

2016-10-07 17:53:03 (870 KB/s) - ‘hero (noun).mp3’ saved [111312/111312]

--2016-10-07 17:53:03--  http://www.voanews.com/MediaAssets2/classroom/interactive_learning/interactive_wordbook/deploy/audio/hide%20(verb).mp3
Reusing existing connection to www.voanews.com:80.
HTTP request sent, awaiting response... 200 OK
Length: 79104 (77K) [audio/mpeg]
Saving to: ‘hide (verb).mp3’

     0K .......... .......... .......... .......... .......... 64%  938K 0s
    50K .......... .......... .......                         100% 1.16M=0.08s

2016-10-07 17:53:04 (1014 KB/s) - ‘hide (verb).mp3’ saved [79104/79104]

--2016-10-07 17:53:04--  http://www.voanews.com/MediaAssets2/classroom/interactive_learning/interactive_wordbook/deploy/audio/hill%20(noun).mp3
Reusing existing connection to www.voanews.com:80.
HTTP request sent, awaiting response... 200 OK
Length: 97920 (96K) [audio/mpeg]
Saving to: ‘hill (noun).mp3’

     0K .......... .......... .......... .......... .......... 52%  717K 0s
    50K .......... .......... .......... .......... .....     100%  878K=0.1s

2016-10-07 17:53:04 (786 KB/s) - ‘hill (noun).mp3’ saved [97920/97920]

--2016-10-07 17:53:04--  http://www.voanews.com/MediaAssets2/classroom/interactive_learning/interactive_wordbook/deploy/audio/horse%20(noun).mp3
Reusing existing connection to www.voanews.com:80.
HTTP request sent, awaiting response... 200 OK
Length: 97920 (96K) [audio/mpeg]
Saving to: ‘horse (noun).mp3’

     0K .......... .......... .......... .......... .......... 52%  516K 0s
    50K .......... .......... .......... .......... .....     100%  729K=0.2s

2016-10-07 17:53:05 (599 KB/s) - ‘horse (noun).mp3’ saved [97920/97920]

--2016-10-07 17:53:05--  http://www.voanews.com/MediaAssets2/classroom/interactive_learning/interactive_wordbook/deploy/audio/hospital%20(noun).mp3
Reusing existing connection to www.voanews.com:80.
HTTP request sent, awaiting response... 200 OK
Length: 91728 (90K) [audio/mpeg]
Saving to: ‘hospital (noun).mp3’

     0K .......... .......... .......... .......... .......... 55%  731K 0s
    50K .......... .......... .......... .........            100%  616K=0.1s

2016-10-07 17:53:05 (675 KB/s) - ‘hospital (noun).mp3’ saved [91728/91728]

--2016-10-07 17:53:05--  http://www.voanews.com/MediaAssets2/classroom/interactive_learning/interactive_wordbook/deploy/audio/ice%20(noun).mp3
Reusing existing connection to www.voanews.com:80.
HTTP request sent, awaiting response... 200 OK
Length: 78336 (76K) [audio/mpeg]
Saving to: ‘ice (noun).mp3’

     0K .......... .......... .......... .......... .......... 65%  894K 0s
    50K .......... .......... ......                          100% 1.23M=0.08s

2016-10-07 17:53:06 (994 KB/s) - ‘ice (noun).mp3’ saved [78336/78336]

--2016-10-07 17:53:06--  http://www.voanews.com/MediaAssets2/classroom/interactive_learning/interactive_wordbook/deploy/audio/identify%20(verb).mp3
Reusing existing connection to www.voanews.com:80.
HTTP request sent, awaiting response... 200 OK
Length: 92448 (90K) [audio/mpeg]
Saving to: ‘identify (verb).mp3’

     0K .......... .......... .......... .......... .......... 55%  669K 0s
    50K .......... .......... .......... ..........           100%  545K=0.1s

2016-10-07 17:53:06 (608 KB/s) - ‘identify (verb).mp3’ saved [92448/92448]

--2016-10-07 17:53:06--  http://www.voanews.com/MediaAssets2/classroom/interactive_learning/interactive_wordbook/deploy/audio/ignore%20(verb).mp3
Reusing existing connection to www.voanews.com:80.
HTTP request sent, awaiting response... 200 OK
Length: 86832 (85K) [audio/mpeg]
Saving to: ‘ignore (verb).mp3’

     0K .......... .......... .......... .......... .......... 58%  924K 0s
    50K .......... .......... .......... ....                 100% 1.21M=0.08s

2016-10-07 17:53:06 (1.01 MB/s) - ‘ignore (verb).mp3’ saved [86832/86832]

--2016-10-07 17:53:06--  http://www.voanews.com/MediaAssets2/classroom/interactive_learning/interactive_wordbook/deploy/audio/imagine%20(verb).mp3
Reusing existing connection to www.voanews.com:80.
HTTP request sent, awaiting response... 200 OK
Length: 81648 (80K) [audio/mpeg]
Saving to: ‘imagine (verb).mp3’

     0K .......... .......... .......... .......... .......... 62%  757K 0s
    50K .......... .......... .........                       100%  956K=0.1s

2016-10-07 17:53:07 (821 KB/s) - ‘imagine (verb).mp3’ saved [81648/81648]

--2016-10-07 17:53:07--  http://www.voanews.com/MediaAssets2/classroom/interactive_learning/interactive_wordbook/deploy/audio/import%20(verb).mp3
Reusing existing connection to www.voanews.com:80.
HTTP request sent, awaiting response... 200 OK
Length: 70848 (69K) [audio/mpeg]
Saving to: ‘import (verb).mp3’

     0K .......... .......... .......... .......... .......... 72%  369K 0s
    50K .......... .........                                  100%  232K=0.2s

2016-10-07 17:53:08 (317 KB/s) - ‘import (verb).mp3’ saved [70848/70848]

--2016-10-07 17:53:08--  http://www.voanews.com/MediaAssets2/classroom/interactive_learning/interactive_wordbook/deploy/audio/improve%20(verb).mp3
Reusing existing connection to www.voanews.com:80.
HTTP request sent, awaiting response... 200 OK
Length: 92448 (90K) [audio/mpeg]
Saving to: ‘improve (verb).mp3’

     0K .......... .......... .......... .......... .......... 55%  762K 0s
    50K .......... .......... .......... ..........           100% 1.30M=0.1s

2016-10-07 17:53:08 (942 KB/s) - ‘improve (verb).mp3’ saved [92448/92448]

--2016-10-07 17:53:08--  http://www.voanews.com/MediaAssets2/classroom/interactive_learning/interactive_wordbook/deploy/audio/include%20(verb).mp3
Reusing existing connection to www.voanews.com:80.
HTTP request sent, awaiting response... 200 OK
Length: 90720 (89K) [audio/mpeg]
Saving to: ‘include (verb).mp3’

     0K .......... .......... .......... .......... .......... 56%  852K 0s
    50K .......... .......... .......... ........             100%  800K=0.1s

2016-10-07 17:53:08 (828 KB/s) - ‘include (verb).mp3’ saved [90720/90720]

--2016-10-07 17:53:08--  http://www.voanews.com/MediaAssets2/classroom/interactive_learning/interactive_wordbook/deploy/audio/increase%20(verb).mp3
Reusing existing connection to www.voanews.com:80.
HTTP request sent, awaiting response... 200 OK
Length: 94464 (92K) [audio/mpeg]
Saving to: ‘increase (verb).mp3’

     0K .......... .......... .......... .......... .......... 54%  803K 0s
    50K .......... .......... .......... .......... ..        100%  737K=0.1s

2016-10-07 17:53:09 (772 KB/s) - ‘increase (verb).mp3’ saved [94464/94464]

--2016-10-07 17:53:09--  http://www.voanews.com/MediaAssets2/classroom/interactive_learning/interactive_wordbook/deploy/audio/independent%20(adjective).mp3
Reusing existing connection to www.voanews.com:80.
HTTP request sent, awaiting response... 200 OK
Length: 96912 (95K) [audio/mpeg]
Saving to: ‘independent (adjective).mp3’

     0K .......... .......... .......... .......... .......... 52%  744K 0s
    50K .......... .......... .......... .......... ....      100% 1.09M=0.1s

2016-10-07 17:53:09 (884 KB/s) - ‘independent (adjective).mp3’ saved [96912/96912]

--2016-10-07 17:53:09--  http://www.voanews.com/MediaAssets2/classroom/interactive_learning/interactive_wordbook/deploy/audio/industry%20(noun).mp3
Reusing existing connection to www.voanews.com:80.
HTTP request sent, awaiting response... 200 OK
Length: 94752 (93K) [audio/mpeg]
Saving to: ‘industry (noun).mp3’

     0K .......... .......... .......... .......... .......... 54%  896K 0s
    50K .......... .......... .......... .......... ..        100% 1.12M=0.09s

2016-10-07 17:53:10 (997 KB/s) - ‘industry (noun).mp3’ saved [94752/94752]

--2016-10-07 17:53:10--  http://www.voanews.com/MediaAssets2/classroom/interactive_learning/interactive_wordbook/deploy/audio/injure%20(verb).mp3
Reusing existing connection to www.voanews.com:80.
HTTP request sent, awaiting response... 200 OK
Length: 88560 (86K) [audio/mpeg]
Saving to: ‘injure (verb).mp3’

     0K .......... .......... .......... .......... .......... 57%  629K 0s
    50K .......... .......... .......... ......               100% 3.76M=0.09s

2016-10-07 17:53:10 (972 KB/s) - ‘injure (verb).mp3’ saved [88560/88560]

--2016-10-07 17:53:10--  http://www.voanews.com/MediaAssets2/classroom/interactive_learning/interactive_wordbook/deploy/audio/innocent%20(adjective).mp3
Reusing existing connection to www.voanews.com:80.
HTTP request sent, awaiting response... 200 OK
Length: 135936 (133K) [audio/mpeg]
Saving to: ‘innocent (adjective).mp3’

     0K .......... .......... .......... .......... .......... 37% 1.15M 0s
    50K .......... .......... .......... .......... .......... 75%  676K 0s
   100K .......... .......... .......... ..                   100% 9.03M=0.1s

2016-10-07 17:53:11 (1.08 MB/s) - ‘innocent (adjective).mp3’ saved [135936/135936]

--2016-10-07 17:53:11--  http://www.voanews.com/MediaAssets2/classroom/interactive_learning/interactive_wordbook/deploy/audio/insect%20(noun).mp3
Reusing existing connection to www.voanews.com:80.
HTTP request sent, awaiting response... 200 OK
Length: 96480 (94K) [audio/mpeg]
Saving to: ‘insect (noun).mp3’

     0K .......... .......... .......... .......... .......... 53%  591K 0s
    50K .......... .......... .......... .......... ....      100%  767K=0.1s

2016-10-07 17:53:11 (662 KB/s) - ‘insect (noun).mp3’ saved [96480/96480]

--2016-10-07 17:53:11--  http://www.voanews.com/MediaAssets2/classroom/interactive_learning/interactive_wordbook/deploy/audio/inspect%20(verb).mp3
Reusing existing connection to www.voanews.com:80.
HTTP request sent, awaiting response... 200 OK
Length: 90432 (88K) [audio/mpeg]
Saving to: ‘inspect (verb).mp3’

     0K .......... .......... .......... .......... .......... 56%  389K 0s
    50K .......... .......... .......... ........             100%  716K=0.2s

2016-10-07 17:53:12 (485 KB/s) - ‘inspect (verb).mp3’ saved [90432/90432]

--2016-10-07 17:53:12--  http://www.voanews.com/MediaAssets2/classroom/interactive_learning/interactive_wordbook/deploy/audio/intelligent%20(adjective).mp3
Reusing existing connection to www.voanews.com:80.
HTTP request sent, awaiting response... 200 OK
Length: 98640 (96K) [audio/mpeg]
Saving to: ‘intelligent (adjective).mp3’

     0K .......... .......... .......... .......... .......... 51%  720K 0s
    50K .......... .......... .......... .......... ......    100% 1.06M=0.1s

2016-10-07 17:53:12 (858 KB/s) - ‘intelligent (adjective).mp3’ saved [98640/98640]

--2016-10-07 17:53:12--  http://www.voanews.com/MediaAssets2/classroom/interactive_learning/interactive_wordbook/deploy/audio/intervene%20(verb).mp3
Reusing existing connection to www.voanews.com:80.
HTTP request sent, awaiting response... 200 OK
Length: 95184 (93K) [audio/mpeg]
Saving to: ‘intervene (verb).mp3’

     0K .......... .......... .......... .......... .......... 53%  687K 0s
    50K .......... .......... .......... .......... ..        100%  794K=0.1s

2016-10-07 17:53:13 (733 KB/s) - ‘intervene (verb).mp3’ saved [95184/95184]

--2016-10-07 17:53:13--  http://www.voanews.com/MediaAssets2/classroom/interactive_learning/interactive_wordbook/deploy/audio/invent%20(verb).mp3
Reusing existing connection to www.voanews.com:80.
HTTP request sent, awaiting response... 200 OK
Length: 124560 (122K) [audio/mpeg]
Saving to: ‘invent (verb).mp3’

     0K .......... .......... .......... .......... .......... 41%  832K 0s
    50K .......... .......... .......... .......... .......... 82% 1.25M 0s
   100K .......... .......... .                               100% 4.44M=0.1s

2016-10-07 17:53:13 (1.14 MB/s) - ‘invent (verb).mp3’ saved [124560/124560]

--2016-10-07 17:53:13--  http://www.voanews.com/MediaAssets2/classroom/interactive_learning/interactive_wordbook/deploy/audio/invite%20(verb).mp3
Reusing existing connection to www.voanews.com:80.
HTTP request sent, awaiting response... 200 OK
Length: 83232 (81K) [audio/mpeg]
Saving to: ‘invite (verb).mp3’

     0K .......... .......... .......... .......... .......... 61% 1.10M 0s
    50K .......... .......... .......... .                    100% 1.66M=0.06s

2016-10-07 17:53:14 (1.26 MB/s) - ‘invite (verb).mp3’ saved [83232/83232]

--2016-10-07 17:53:14--  http://www.voanews.com/MediaAssets2/classroom/interactive_learning/interactive_wordbook/deploy/audio/iron%20(noun).mp3
Reusing existing connection to www.voanews.com:80.
HTTP request sent, awaiting response... 200 OK
Length: 69264 (68K) [audio/mpeg]
Saving to: ‘iron (noun).mp3’

     0K .......... .......... .......... .......... .......... 73% 1.06M 0s
    50K .......... .......                                    100% 1.48M=0.06s

2016-10-07 17:53:14 (1.15 MB/s) - ‘iron (noun).mp3’ saved [69264/69264]

--2016-10-07 17:53:14--  http://www.voanews.com/MediaAssets2/classroom/interactive_learning/interactive_wordbook/deploy/audio/island%20(noun).mp3
Reusing existing connection to www.voanews.com:80.
HTTP request sent, awaiting response... 200 OK
Length: 77616 (76K) [audio/mpeg]
Saving to: ‘island (noun).mp3’

     0K .......... .......... .......... .......... .......... 65% 1.34M 0s
    50K .......... .......... .....                           100% 3.96M=0.04s

2016-10-07 17:53:14 (1.73 MB/s) - ‘island (noun).mp3’ saved [77616/77616]

--2016-10-07 17:53:14--  http://www.voanews.com/MediaAssets2/classroom/interactive_learning/interactive_wordbook/deploy/audio/jail%20(noun).mp3
Reusing existing connection to www.voanews.com:80.
HTTP request sent, awaiting response... 200 OK
Length: 95760 (94K) [audio/mpeg]
Saving to: ‘jail (noun).mp3’

     0K .......... .......... .......... .......... .......... 53% 1.26M 0s
    50K .......... .......... .......... .......... ...       100% 1.20M=0.07s

2016-10-07 17:53:15 (1.23 MB/s) - ‘jail (noun).mp3’ saved [95760/95760]

--2016-10-07 17:53:15--  http://www.voanews.com/MediaAssets2/classroom/interactive_learning/interactive_wordbook/deploy/audio/jewel%20(noun).mp3
Reusing existing connection to www.voanews.com:80.
HTTP request sent, awaiting response... 200 OK
Length: 84096 (82K) [audio/mpeg]
Saving to: ‘jewel (noun).mp3’

     0K .......... .......... .......... .......... .......... 60% 1.42M 0s
    50K .......... .......... .......... ..                   100% 4.46M=0.04s

2016-10-07 17:53:15 (1.94 MB/s) - ‘jewel (noun).mp3’ saved [84096/84096]

--2016-10-07 17:53:15--  http://www.voanews.com/MediaAssets2/classroom/interactive_learning/interactive_wordbook/deploy/audio/job%20(noun).mp3
Reusing existing connection to www.voanews.com:80.
HTTP request sent, awaiting response... 200 OK
Length: 78912 (77K) [audio/mpeg]
Saving to: ‘job (noun).mp3’

     0K .......... .......... .......... .......... .......... 64% 2.22M 0s
    50K .......... .......... .......                         100%  826K=0.05s

2016-10-07 17:53:16 (1.38 MB/s) - ‘job (noun).mp3’ saved [78912/78912]

--2016-10-07 17:53:16--  http://www.voanews.com/MediaAssets2/classroom/interactive_learning/interactive_wordbook/deploy/audio/join%20(verb).mp3
Reusing existing connection to www.voanews.com:80.
HTTP request sent, awaiting response... 200 OK
Length: 136512 (133K) [audio/mpeg]
Saving to: ‘join (verb).mp3’

     0K .......... .......... .......... .......... .......... 37% 2.65M 0s
    50K .......... .......... .......... .......... .......... 75% 1.25M 0s
   100K .......... .......... .......... ...                  100%  739K=0.1s

2016-10-07 17:53:16 (1.27 MB/s) - ‘join (verb).mp3’ saved [136512/136512]

--2016-10-07 17:53:16--  http://www.voanews.com/MediaAssets2/classroom/interactive_learning/interactive_wordbook/deploy/audio/joint%20(noun).mp3
Reusing existing connection to www.voanews.com:80.
HTTP request sent, awaiting response... 200 OK
Length: 86832 (85K) [audio/mpeg]
Saving to: ‘joint (noun).mp3’

     0K .......... .......... .......... .......... .......... 58% 1.24M 0s
    50K .......... .......... .......... ....                 100% 1.80M=0.06s

2016-10-07 17:53:17 (1.42 MB/s) - ‘joint (noun).mp3’ saved [86832/86832]

--2016-10-07 17:53:17--  http://www.voanews.com/MediaAssets2/classroom/interactive_learning/interactive_wordbook/deploy/audio/joint%20(adjective).mp3
Reusing existing connection to www.voanews.com:80.
HTTP request sent, awaiting response... 200 OK
Length: 87552 (86K) [audio/mpeg]
Saving to: ‘joint (adjective).mp3’

     0K .......... .......... .......... .......... .......... 58% 2.03M 0s
    50K .......... .......... .......... .....                100%  671K=0.08s

2016-10-07 17:53:17 (1.08 MB/s) - ‘joint (adjective).mp3’ saved [87552/87552]

--2016-10-07 17:53:17--  http://www.voanews.com/MediaAssets2/classroom/interactive_learning/interactive_wordbook/deploy/audio/joke%20(verb).mp3
Reusing existing connection to www.voanews.com:80.
HTTP request sent, awaiting response... 200 OK
Length: 80064 (78K) [audio/mpeg]
Saving to: ‘joke (verb).mp3’

     0K .......... .......... .......... .......... .......... 63%  767K 0s
    50K .......... .......... ........                        100%  783K=0.1s

2016-10-07 17:53:17 (773 KB/s) - ‘joke (verb).mp3’ saved [80064/80064]

--2016-10-07 17:53:17--  http://www.voanews.com/MediaAssets2/classroom/interactive_learning/interactive_wordbook/deploy/audio/joke%20(noun).mp3
Reusing existing connection to www.voanews.com:80.
HTTP request sent, awaiting response... 200 OK
Length: 80064 (78K) [audio/mpeg]
Saving to: ‘joke (noun).mp3’

     0K .......... .......... .......... .......... .......... 63%  788K 0s
    50K .......... .......... ........                        100% 1.08M=0.09s

2016-10-07 17:53:18 (880 KB/s) - ‘joke (noun).mp3’ saved [80064/80064]

--2016-10-07 17:53:18--  http://www.voanews.com/MediaAssets2/classroom/interactive_learning/interactive_wordbook/deploy/audio/judge%20(verb).mp3
Reusing existing connection to www.voanews.com:80.
HTTP request sent, awaiting response... 200 OK
Length: 82800 (81K) [audio/mpeg]
Saving to: ‘judge (verb).mp3’

     0K .......... .......... .......... .......... .......... 61% 1.06M 0s
    50K .......... .......... ..........                      100% 4.73M=0.05s

2016-10-07 17:53:18 (1.51 MB/s) - ‘judge (verb).mp3’ saved [82800/82800]

--2016-10-07 17:53:18--  http://www.voanews.com/MediaAssets2/classroom/interactive_learning/interactive_wordbook/deploy/audio/judge%20(noun).mp3
Reusing existing connection to www.voanews.com:80.
HTTP request sent, awaiting response... 200 OK
Length: 97776 (95K) [audio/mpeg]
Saving to: ‘judge (noun).mp3’

     0K .......... .......... .......... .......... .......... 52% 1.43M 0s
    50K .......... .......... .......... .......... .....     100%  653K=0.1s

2016-10-07 17:53:19 (920 KB/s) - ‘judge (noun).mp3’ saved [97776/97776]

--2016-10-07 17:53:19--  http://www.voanews.com/MediaAssets2/classroom/interactive_learning/interactive_wordbook/deploy/audio/jump%20(verb).mp3
Reusing existing connection to www.voanews.com:80.
HTTP request sent, awaiting response... 200 OK
Length: 87120 (85K) [audio/mpeg]
Saving to: ‘jump (verb).mp3’

     0K .......... .......... .......... .......... .......... 58% 1.70M 0s
    50K .......... .......... .......... .....                100% 1.44M=0.05s

2016-10-07 17:53:19 (1.58 MB/s) - ‘jump (verb).mp3’ saved [87120/87120]

--2016-10-07 17:53:19--  http://www.voanews.com/MediaAssets2/classroom/interactive_learning/interactive_wordbook/deploy/audio/jury%20(noun).mp3
Reusing existing connection to www.voanews.com:80.
HTTP request sent, awaiting response... 200 OK
Length: 88560 (86K) [audio/mpeg]
Saving to: ‘jury (noun).mp3’

     0K .......... .......... .......... .......... .......... 57% 1.85M 0s
    50K .......... .......... .......... ......               100% 3.20M=0.04s

2016-10-07 17:53:19 (2.26 MB/s) - ‘jury (noun).mp3’ saved [88560/88560]

--2016-10-07 17:53:19--  http://www.voanews.com/MediaAssets2/classroom/interactive_learning/interactive_wordbook/deploy/audio/just%20(adverb).mp3
Reusing existing connection to www.voanews.com:80.
HTTP request sent, awaiting response... 200 OK
Length: 99216 (97K) [audio/mpeg]
Saving to: ‘just (adverb).mp3’

     0K .......... .......... .......... .......... .......... 51% 1.08M 0s
    50K .......... .......... .......... .......... ......    100%  995K=0.09s

2016-10-07 17:53:20 (1.03 MB/s) - ‘just (adverb).mp3’ saved [99216/99216]

--2016-10-07 17:53:20--  http://www.voanews.com/MediaAssets2/classroom/interactive_learning/interactive_wordbook/deploy/audio/just%20(adjective).mp3
Reusing existing connection to www.voanews.com:80.
HTTP request sent, awaiting response... 200 OK
Length: 89712 (88K) [audio/mpeg]
Saving to: ‘just (adjective).mp3’

     0K .......... .......... .......... .......... .......... 57% 1.57M 0s
    50K .......... .......... .......... .......              100%  666K=0.09s

2016-10-07 17:53:20 (1000 KB/s) - ‘just (adjective).mp3’ saved [89712/89712]

--2016-10-07 17:53:20--  http://www.voanews.com/MediaAssets2/classroom/interactive_learning/interactive_wordbook/deploy/audio/justice%20(noun).mp3
Reusing existing connection to www.voanews.com:80.
HTTP request sent, awaiting response... 200 OK
Length: 149184 (146K) [audio/mpeg]
Saving to: ‘justice (noun).mp3’

     0K .......... .......... .......... .......... .......... 34% 1.00M 0s
    50K .......... .......... .......... .......... .......... 68% 1.31M 0s
   100K .......... .......... .......... .......... .....     100%  831K=0.1s

2016-10-07 17:53:21 (1.01 MB/s) - ‘justice (noun).mp3’ saved [149184/149184]

--2016-10-07 17:53:21--  http://www.voanews.com/MediaAssets2/classroom/interactive_learning/interactive_wordbook/deploy/audio/keep%20(verb).mp3
Reusing existing connection to www.voanews.com:80.
HTTP request sent, awaiting response... 200 OK
Length: 94320 (92K) [audio/mpeg]
Saving to: ‘keep (verb).mp3’

     0K .......... .......... .......... .......... .......... 54% 1.34M 0s
    50K .......... .......... .......... .......... ..        100% 2.67M=0.05s

2016-10-07 17:53:21 (1.73 MB/s) - ‘keep (verb).mp3’ saved [94320/94320]

--2016-10-07 17:53:21--  http://www.voanews.com/MediaAssets2/classroom/interactive_learning/interactive_wordbook/deploy/audio/kick%20(verb).mp3
Reusing existing connection to www.voanews.com:80.
HTTP request sent, awaiting response... 200 OK
Length: 80784 (79K) [audio/mpeg]
Saving to: ‘kick (verb).mp3’

     0K .......... .......... .......... .......... .......... 63%  920K 0s
    50K .......... .......... ........                        100%  559K=0.1s

2016-10-07 17:53:21 (744 KB/s) - ‘kick (verb).mp3’ saved [80784/80784]

--2016-10-07 17:53:21--  http://www.voanews.com/MediaAssets2/classroom/interactive_learning/interactive_wordbook/deploy/audio/kidnap%20(verb).mp3
Reusing existing connection to www.voanews.com:80.
HTTP request sent, awaiting response... 200 OK
Length: 100512 (98K) [audio/mpeg]
Saving to: ‘kidnap (verb).mp3’

     0K .......... .......... .......... .......... .......... 50%  698K 0s
    50K .......... .......... .......... .......... ........  100% 1.18M=0.1s

2016-10-07 17:53:22 (881 KB/s) - ‘kidnap (verb).mp3’ saved [100512/100512]

--2016-10-07 17:53:22--  http://www.voanews.com/MediaAssets2/classroom/interactive_learning/interactive_wordbook/deploy/audio/kill%20(verb).mp3
Reusing existing connection to www.voanews.com:80.
HTTP request sent, awaiting response... 200 OK
Length: 83664 (82K) [audio/mpeg]
Saving to: ‘kill (verb).mp3’

     0K .......... .......... .......... .......... .......... 61%  777K 0s
    50K .......... .......... .......... .                    100%  665K=0.1s

2016-10-07 17:53:22 (729 KB/s) - ‘kill (verb).mp3’ saved [83664/83664]

--2016-10-07 17:53:22--  http://www.voanews.com/MediaAssets2/classroom/interactive_learning/interactive_wordbook/deploy/audio/kind%20(noun).mp3
Reusing existing connection to www.voanews.com:80.
HTTP request sent, awaiting response... 200 OK
Length: 83232 (81K) [audio/mpeg]
Saving to: ‘kind (noun).mp3’

     0K .......... .......... .......... .......... .......... 61% 1.38M 0s
    50K .......... .......... .......... .                    100% 1.67M=0.05s

2016-10-07 17:53:23 (1.48 MB/s) - ‘kind (noun).mp3’ saved [83232/83232]

--2016-10-07 17:53:23--  http://www.voanews.com/MediaAssets2/classroom/interactive_learning/interactive_wordbook/deploy/audio/kind%20(adjective).mp3
Reusing existing connection to www.voanews.com:80.
HTTP request sent, awaiting response... 200 OK
Length: 90144 (88K) [audio/mpeg]
Saving to: ‘kind (adjective).mp3’

     0K .......... .......... .......... .......... .......... 56%  729K 0s
    50K .......... .......... .......... ........             100%  509K=0.1s

2016-10-07 17:53:23 (614 KB/s) - ‘kind (adjective).mp3’ saved [90144/90144]

--2016-10-07 17:53:23--  http://www.voanews.com/MediaAssets2/classroom/interactive_learning/interactive_wordbook/deploy/audio/kiss%20(verb).mp3
Reusing existing connection to www.voanews.com:80.
HTTP request sent, awaiting response... 200 OK
Length: 87984 (86K) [audio/mpeg]
Saving to: ‘kiss (verb).mp3’

     0K .......... .......... .......... .......... .......... 58% 1.40M 0s
    50K .......... .......... .......... .....                100% 1.00M=0.07s

2016-10-07 17:53:24 (1.20 MB/s) - ‘kiss (verb).mp3’ saved [87984/87984]

--2016-10-07 17:53:24--  http://www.voanews.com/MediaAssets2/classroom/interactive_learning/interactive_wordbook/deploy/audio/knife%20(noun).mp3
Reusing existing connection to www.voanews.com:80.
HTTP request sent, awaiting response... 200 OK
Length: 81216 (79K) [audio/mpeg]
Saving to: ‘knife (noun).mp3’

     0K .......... .......... .......... .......... .......... 63%  918K 0s
    50K .......... .......... .........                       100%  901K=0.09s

2016-10-07 17:53:24 (912 KB/s) - ‘knife (noun).mp3’ saved [81216/81216]

--2016-10-07 17:53:24--  http://www.voanews.com/MediaAssets2/classroom/interactive_learning/interactive_wordbook/deploy/audio/know%20(verb).mp3
Reusing existing connection to www.voanews.com:80.
HTTP request sent, awaiting response... 200 OK
Length: 121248 (118K) [audio/mpeg]
Saving to: ‘know (verb).mp3’

     0K .......... .......... .......... .......... .......... 42%  829K 0s
    50K .......... .......... .......... .......... .......... 84% 1.14M 0s
   100K .......... ........                                   100%  493K=0.1s

2016-10-07 17:53:24 (843 KB/s) - ‘know (verb).mp3’ saved [121248/121248]

--2016-10-07 17:53:24--  http://www.voanews.com/MediaAssets2/classroom/interactive_learning/interactive_wordbook/deploy/audio/knowledge%20(noun).mp3
Reusing existing connection to www.voanews.com:80.
HTTP request sent, awaiting response... 200 OK
Length: 92304 (90K) [audio/mpeg]
Saving to: ‘knowledge (noun).mp3’

     0K .......... .......... .......... .......... .......... 55%  809K 0s
    50K .......... .......... .......... ..........           100%  751K=0.1s

2016-10-07 17:53:25 (782 KB/s) - ‘knowledge (noun).mp3’ saved [92304/92304]

--2016-10-07 17:53:25--  http://www.voanews.com/MediaAssets2/classroom/interactive_learning/interactive_wordbook/deploy/audio/labor%20(noun).mp3
Reusing existing connection to www.voanews.com:80.
HTTP request sent, awaiting response... 200 OK
Length: 92784 (91K) [audio/mpeg]
Saving to: ‘labor (noun).mp3’

     0K .......... .......... .......... .......... .......... 55%  867K 0s
    50K .......... .......... .......... ..........           100%  849K=0.1s

2016-10-07 17:53:25 (859 KB/s) - ‘labor (noun).mp3’ saved [92784/92784]

--2016-10-07 17:53:25--  http://www.voanews.com/MediaAssets2/classroom/interactive_learning/interactive_wordbook/deploy/audio/lack%20(verb).mp3
Reusing existing connection to www.voanews.com:80.
HTTP request sent, awaiting response... 200 OK
Length: 86736 (85K) [audio/mpeg]
Saving to: ‘lack (verb).mp3’

     0K .......... .......... .......... .......... .......... 59%  870K 0s
    50K .......... .......... .......... ....                 100% 1.13M=0.09s

2016-10-07 17:53:26 (969 KB/s) - ‘lack (verb).mp3’ saved [86736/86736]

--2016-10-07 17:53:26--  http://www.voanews.com/MediaAssets2/classroom/interactive_learning/interactive_wordbook/deploy/audio/lake%20(noun).mp3
Reusing existing connection to www.voanews.com:80.
HTTP request sent, awaiting response... 200 OK
Length: 90768 (89K) [audio/mpeg]
Saving to: ‘lake (noun).mp3’

     0K .......... .......... .......... .......... .......... 56% 1.13M 0s
    50K .......... .......... .......... ........             100%  670K=0.1s

2016-10-07 17:53:27 (879 KB/s) - ‘lake (noun).mp3’ saved [90768/90768]

--2016-10-07 17:53:27--  http://www.voanews.com/MediaAssets2/classroom/interactive_learning/interactive_wordbook/deploy/audio/land%20(verb).mp3
Reusing existing connection to www.voanews.com:80.
HTTP request sent, awaiting response... 200 OK
Length: 93648 (91K) [audio/mpeg]
Saving to: ‘land (verb).mp3’

     0K .......... .......... .......... .......... .......... 54%  673K 0s
    50K .......... .......... .......... .......... .         100%  736K=0.1s

2016-10-07 17:53:27 (700 KB/s) - ‘land (verb).mp3’ saved [93648/93648]

--2016-10-07 17:53:27--  http://www.voanews.com/MediaAssets2/classroom/interactive_learning/interactive_wordbook/deploy/audio/last%20(verb).mp3
Reusing existing connection to www.voanews.com:80.
HTTP request sent, awaiting response... 200 OK
Length: 103008 (101K) [audio/mpeg]
Saving to: ‘last (verb).mp3’

     0K .......... .......... .......... .......... .......... 49%  765K 0s
    50K .......... .......... .......... .......... .......... 99%  856K 0s
   100K                                                       100%  920K=0.1s

2016-10-07 17:53:27 (808 KB/s) - ‘last (verb).mp3’ saved [103008/103008]

--2016-10-07 17:53:27--  http://www.voanews.com/MediaAssets2/classroom/interactive_learning/interactive_wordbook/deploy/audio/lead%20(verb).mp3
Reusing existing connection to www.voanews.com:80.
HTTP request sent, awaiting response... 200 OK
Length: 105888 (103K) [audio/mpeg]
Saving to: ‘lead (verb).mp3’

     0K .......... .......... .......... .......... .......... 48% 1000K 0s
    50K .......... .......... .......... .......... .......... 96%  766K 0s
   100K ...                                                   100% 6497G=0.1s

2016-10-07 17:53:28 (897 KB/s) - ‘lead (verb).mp3’ saved [105888/105888]

--2016-10-07 17:53:28--  http://www.voanews.com/MediaAssets2/classroom/interactive_learning/interactive_wordbook/deploy/audio/leave%20(verb).mp3
Reusing existing connection to www.voanews.com:80.
HTTP request sent, awaiting response... 200 OK
Length: 107328 (105K) [audio/mpeg]
Saving to: ‘leave (verb).mp3’

     0K .......... .......... .......... .......... .......... 47% 1.44M 0s
    50K .......... .......... .......... .......... .......... 95%  715K 0s
   100K ....                                                  100% 9179G=0.1s

2016-10-07 17:53:28 (1010 KB/s) - ‘leave (verb).mp3’ saved [107328/107328]

--2016-10-07 17:53:28--  http://www.voanews.com/MediaAssets2/classroom/interactive_learning/interactive_wordbook/deploy/audio/legal%20(adjective).mp3
Reusing existing connection to www.voanews.com:80.
HTTP request sent, awaiting response... 200 OK
Length: 100272 (98K) [audio/mpeg]
Saving to: ‘legal (adjective).mp3’

     0K .......... .......... .......... .......... .......... 51% 3.77M 0s
    50K .......... .......... .......... .......... .......   100%  811K=0.07s

2016-10-07 17:53:29 (1.33 MB/s) - ‘legal (adjective).mp3’ saved [100272/100272]

--2016-10-07 17:53:29--  http://www.voanews.com/MediaAssets2/classroom/interactive_learning/interactive_wordbook/deploy/audio/less%20(adverb).mp3
Reusing existing connection to www.voanews.com:80.
HTTP request sent, awaiting response... 200 OK
Length: 95952 (94K) [audio/mpeg]
Saving to: ‘less (adverb).mp3’

     0K .......... .......... .......... .......... .......... 53% 1.45M 0s
    50K .......... .......... .......... .......... ...       100% 1.65M=0.06s

2016-10-07 17:53:29 (1.54 MB/s) - ‘less (adverb).mp3’ saved [95952/95952]

--2016-10-07 17:53:29--  http://www.voanews.com/MediaAssets2/classroom/interactive_learning/interactive_wordbook/deploy/audio/let%20(verb).mp3
Reusing existing connection to www.voanews.com:80.
HTTP request sent, awaiting response... 200 OK
Length: 108768 (106K) [audio/mpeg]
Saving to: ‘let (verb).mp3’

     0K .......... .......... .......... .......... .......... 47% 1.12M 0s
    50K .......... .......... .......... .......... .......... 94% 1.26M 0s
   100K ......                                                100%  516K=0.09s

2016-10-07 17:53:29 (1.10 MB/s) - ‘let (verb).mp3’ saved [108768/108768]

--2016-10-07 17:53:29--  http://www.voanews.com/MediaAssets2/classroom/interactive_learning/interactive_wordbook/deploy/audio/level%20(noun).mp3
Reusing existing connection to www.voanews.com:80.
HTTP request sent, awaiting response... 200 OK
Length: 124752 (122K) [audio/mpeg]
Saving to: ‘level (noun).mp3’

     0K .......... .......... .......... .......... .......... 41% 1.72M 0s
    50K .......... .......... .......... .......... .......... 82% 3.53M 0s
   100K .......... .......... .                               100%  649K=0.08s

2016-10-07 17:53:30 (1.57 MB/s) - ‘level (noun).mp3’ saved [124752/124752]

--2016-10-07 17:53:30--  http://www.voanews.com/MediaAssets2/classroom/interactive_learning/interactive_wordbook/deploy/audio/lie%20(verb).mp3
Reusing existing connection to www.voanews.com:80.
HTTP request sent, awaiting response... 200 OK
Length: 150384 (147K) [audio/mpeg]
Saving to: ‘lie (verb).mp3’

     0K .......... .......... .......... .......... .......... 34% 1.75M 0s
    50K .......... .......... .......... .......... .......... 68% 1.25M 0s
   100K .......... .......... .......... .......... ......    100%  896K=0.1s

2016-10-07 17:53:30 (1.20 MB/s) - ‘lie (verb).mp3’ saved [150384/150384]

--2016-10-07 17:53:30--  http://www.voanews.com/MediaAssets2/classroom/interactive_learning/interactive_wordbook/deploy/audio/life%20(noun).mp3
Reusing existing connection to www.voanews.com:80.
HTTP request sent, awaiting response... 200 OK
Length: 133968 (131K) [audio/mpeg]
Saving to: ‘life (noun).mp3’

     0K .......... .......... .......... .......... .......... 38% 1.92M 0s
    50K .......... .......... .......... .......... .......... 76% 1.35M 0s
   100K .......... .......... ..........                      100%  687K=0.1s

2016-10-07 17:53:31 (1.20 MB/s) - ‘life (noun).mp3’ saved [133968/133968]

--2016-10-07 17:53:31--  http://www.voanews.com/MediaAssets2/classroom/interactive_learning/interactive_wordbook/deploy/audio/lift%20(verb).mp3
Reusing existing connection to www.voanews.com:80.
HTTP request sent, awaiting response... 200 OK
Length: 100704 (98K) [audio/mpeg]
Saving to: ‘lift (verb).mp3’

     0K .......... .......... .......... .......... .......... 50% 1.33M 0s
    50K .......... .......... .......... .......... ........  100% 2.03M=0.06s

2016-10-07 17:53:31 (1.60 MB/s) - ‘lift (verb).mp3’ saved [100704/100704]

--2016-10-07 17:53:31--  http://www.voanews.com/MediaAssets2/classroom/interactive_learning/interactive_wordbook/deploy/audio/light%20(noun).mp3
Reusing existing connection to www.voanews.com:80.
HTTP request sent, awaiting response... 200 OK
Length: 142752 (139K) [audio/mpeg]
Saving to: ‘light (noun).mp3’

     0K .......... .......... .......... .......... .......... 35%  807K 0s
    50K .......... .......... .......... .......... .......... 71% 1.00M 0s
   100K .......... .......... .......... .........            100%  737K=0.2s

2016-10-07 17:53:31 (849 KB/s) - ‘light (noun).mp3’ saved [142752/142752]

--2016-10-07 17:53:31--  http://www.voanews.com/MediaAssets2/classroom/interactive_learning/interactive_wordbook/deploy/audio/lightning%20(noun).mp3
Reusing existing connection to www.voanews.com:80.
HTTP request sent, awaiting response... 200 OK
Length: 88176 (86K) [audio/mpeg]
Saving to: ‘lightning (noun).mp3’

     0K .......... .......... .......... .......... .......... 58% 3.69M 0s
    50K .......... .......... .......... ......               100%  924K=0.05s

2016-10-07 17:53:32 (1.61 MB/s) - ‘lightning (noun).mp3’ saved [88176/88176]

--2016-10-07 17:53:32--  http://www.voanews.com/MediaAssets2/classroom/interactive_learning/interactive_wordbook/deploy/audio/limit%20(noun).mp3
Reusing existing connection to www.voanews.com:80.
HTTP request sent, awaiting response... 200 OK
Length: 103296 (101K) [audio/mpeg]
Saving to: ‘limit (noun).mp3’

     0K .......... .......... .......... .......... .......... 49% 2.10M 0s
    50K .......... .......... .......... .......... .......... 99%  688K 0s
   100K                                                       100%  411K=0.1s

2016-10-07 17:53:32 (1.00 MB/s) - ‘limit (noun).mp3’ saved [103296/103296]

--2016-10-07 17:53:32--  http://www.voanews.com/MediaAssets2/classroom/interactive_learning/interactive_wordbook/deploy/audio/line%20(noun).mp3
Reusing existing connection to www.voanews.com:80.
HTTP request sent, awaiting response... 200 OK
Length: 133824 (131K) [audio/mpeg]
Saving to: ‘line (noun).mp3’

     0K .......... .......... .......... .......... .......... 38%  772K 0s
    50K .......... .......... .......... .......... .......... 76%  392K 0s
   100K .......... .......... ..........                      100% 1.33M=0.2s

2016-10-07 17:53:33 (608 KB/s) - ‘line (noun).mp3’ saved [133824/133824]

--2016-10-07 17:53:33--  http://www.voanews.com/MediaAssets2/classroom/interactive_learning/interactive_wordbook/deploy/audio/link%20(verb).mp3
Reusing existing connection to www.voanews.com:80.
HTTP request sent, awaiting response... 200 OK
Length: 119424 (117K) [audio/mpeg]
Saving to: ‘link (verb).mp3’

     0K .......... .......... .......... .......... .......... 42%  762K 0s
    50K .......... .......... .......... .......... .......... 85%  550K 0s
   100K .......... ......                                     100%  413K=0.2s

2016-10-07 17:53:33 (593 KB/s) - ‘link (verb).mp3’ saved [119424/119424]

--2016-10-07 17:53:33--  http://www.voanews.com/MediaAssets2/classroom/interactive_learning/interactive_wordbook/deploy/audio/liquid%20(noun).mp3
Reusing existing connection to www.voanews.com:80.
HTTP request sent, awaiting response... 200 OK
Length: 99408 (97K) [audio/mpeg]
Saving to: ‘liquid (noun).mp3’

     0K .......... .......... .......... .......... .......... 51%  728K 0s
    50K .......... .......... .......... .......... .......   100%  691K=0.1s

2016-10-07 17:53:34 (709 KB/s) - ‘liquid (noun).mp3’ saved [99408/99408]

--2016-10-07 17:53:34--  http://www.voanews.com/MediaAssets2/classroom/interactive_learning/interactive_wordbook/deploy/audio/list%20(verb).mp3
Reusing existing connection to www.voanews.com:80.
HTTP request sent, awaiting response... 200 OK
Length: 98976 (97K) [audio/mpeg]
Saving to: ‘list (verb).mp3’

     0K .......... .......... .......... .......... .......... 51% 1.03M 0s
    50K .......... .......... .......... .......... ......    100%  897K=0.1s

2016-10-07 17:53:34 (974 KB/s) - ‘list (verb).mp3’ saved [98976/98976]

--2016-10-07 17:53:34--  http://www.voanews.com/MediaAssets2/classroom/interactive_learning/interactive_wordbook/deploy/audio/literature%20(noun).mp3
Reusing existing connection to www.voanews.com:80.
HTTP request sent, awaiting response... 200 OK
Length: 95232 (93K) [audio/mpeg]
Saving to: ‘literature (noun).mp3’

     0K .......... .......... .......... .......... .......... 53% 1.04M 0s
    50K .......... .......... .......... .......... ...       100% 1.70M=0.07s

2016-10-07 17:53:34 (1.27 MB/s) - ‘literature (noun).mp3’ saved [95232/95232]

--2016-10-07 17:53:34--  http://www.voanews.com/MediaAssets2/classroom/interactive_learning/interactive_wordbook/deploy/audio/live%20(verb).mp3
Reusing existing connection to www.voanews.com:80.
HTTP request sent, awaiting response... 200 OK
Length: 100704 (98K) [audio/mpeg]
Saving to: ‘live (verb).mp3’

     0K .......... .......... .......... .......... .......... 50% 1010K 0s
    50K .......... .......... .......... .......... ........  100% 1.52M=0.08s

2016-10-07 17:53:35 (1.19 MB/s) - ‘live (verb).mp3’ saved [100704/100704]

--2016-10-07 17:53:35--  http://www.voanews.com/MediaAssets2/classroom/interactive_learning/interactive_wordbook/deploy/audio/loan%20(noun).mp3
Reusing existing connection to www.voanews.com:80.
HTTP request sent, awaiting response... 200 OK
Length: 96672 (94K) [audio/mpeg]
Saving to: ‘loan (noun).mp3’

     0K .......... .......... .......... .......... .......... 52% 2.31M 0s
    50K .......... .......... .......... .......... ....      100%  909K=0.07s

2016-10-07 17:53:35 (1.32 MB/s) - ‘loan (noun).mp3’ saved [96672/96672]

--2016-10-07 17:53:35--  http://www.voanews.com/MediaAssets2/classroom/interactive_learning/interactive_wordbook/deploy/audio/local%20(adjective).mp3
Reusing existing connection to www.voanews.com:80.
HTTP request sent, awaiting response... 200 OK
Length: 98688 (96K) [audio/mpeg]
Saving to: ‘local (adjective).mp3’

     0K .......... .......... .......... .......... .......... 51% 1.12M 0s
    50K .......... .......... .......... .......... ......    100% 2.02M=0.07s

2016-10-07 17:53:35 (1.42 MB/s) - ‘local (adjective).mp3’ saved [98688/98688]

--2016-10-07 17:53:35--  http://www.voanews.com/MediaAssets2/classroom/interactive_learning/interactive_wordbook/deploy/audio/lonely%20(adjective).mp3
Reusing existing connection to www.voanews.com:80.
HTTP request sent, awaiting response... 200 OK
Length: 94656 (92K) [audio/mpeg]
Saving to: ‘lonely (adjective).mp3’

     0K .......... .......... .......... .......... .......... 54%  928K 0s
    50K .......... .......... .......... .......... ..        100% 1.89M=0.08s

2016-10-07 17:53:36 (1.19 MB/s) - ‘lonely (adjective).mp3’ saved [94656/94656]

--2016-10-07 17:53:36--  http://www.voanews.com/MediaAssets2/classroom/interactive_learning/interactive_wordbook/deploy/audio/lose%20(verb).mp3
Reusing existing connection to www.voanews.com:80.
HTTP request sent, awaiting response... 200 OK
Length: 81120 (79K) [audio/mpeg]
Saving to: ‘lose (verb).mp3’

     0K .......... .......... .......... .......... .......... 63%  805K 0s
    50K .......... .......... .........                       100%  768K=0.1s

2016-10-07 17:53:37 (791 KB/s) - ‘lose (verb).mp3’ saved [81120/81120]

--2016-10-07 17:53:37--  http://www.voanews.com/MediaAssets2/classroom/interactive_learning/interactive_wordbook/deploy/audio/loud%20(adjective).mp3
Reusing existing connection to www.voanews.com:80.
HTTP request sent, awaiting response... 200 OK
Length: 98976 (97K) [audio/mpeg]
Saving to: ‘loud (adjective).mp3’

     0K .......... .......... .......... .......... .......... 51%  886K 0s
    50K .......... .......... .......... .......... ......    100%  594K=0.1s

2016-10-07 17:53:37 (716 KB/s) - ‘loud (adjective).mp3’ saved [98976/98976]

--2016-10-07 17:53:37--  http://www.voanews.com/MediaAssets2/classroom/interactive_learning/interactive_wordbook/deploy/audio/low%20(adjective).mp3
Reusing existing connection to www.voanews.com:80.
HTTP request sent, awaiting response... 200 OK
Length: 77952 (76K) [audio/mpeg]
Saving to: ‘low (adjective).mp3’

     0K .......... .......... .......... .......... .......... 65%  388K 0s
    50K .......... .......... ......                          100% 1.41M=0.1s

2016-10-07 17:53:38 (518 KB/s) - ‘low (adjective).mp3’ saved [77952/77952]

--2016-10-07 17:53:38--  http://www.voanews.com/MediaAssets2/classroom/interactive_learning/interactive_wordbook/deploy/audio/loyal%20(adjective).mp3
Reusing existing connection to www.voanews.com:80.
HTTP request sent, awaiting response... 200 OK
Length: 89136 (87K) [audio/mpeg]
Saving to: ‘loyal (adjective).mp3’

     0K .......... .......... .......... .......... .......... 57%  940K 0s
    50K .......... .......... .......... .......              100%  763K=0.1s

2016-10-07 17:53:38 (855 KB/s) - ‘loyal (adjective).mp3’ saved [89136/89136]

--2016-10-07 17:53:38--  http://www.voanews.com/MediaAssets2/classroom/interactive_learning/interactive_wordbook/deploy/audio/machine%20(noun).mp3
Reusing existing connection to www.voanews.com:80.
HTTP request sent, awaiting response... 200 OK
Length: 89424 (87K) [audio/mpeg]
Saving to: ‘machine (noun).mp3’

     0K .......... .......... .......... .......... .......... 57%  901K 0s
    50K .......... .......... .......... .......              100%  670K=0.1s

2016-10-07 17:53:39 (785 KB/s) - ‘machine (noun).mp3’ saved [89424/89424]

--2016-10-07 17:53:39--  http://www.voanews.com/MediaAssets2/classroom/interactive_learning/interactive_wordbook/deploy/audio/magnet%20(noun).mp3
Reusing existing connection to www.voanews.com:80.
HTTP request sent, awaiting response... 200 OK
Length: 88560 (86K) [audio/mpeg]
Saving to: ‘magnet (noun).mp3’

     0K .......... .......... .......... .......... .......... 57%  727K 0s
    50K .......... .......... .......... ......               100%  650K=0.1s

2016-10-07 17:53:39 (692 KB/s) - ‘magnet (noun).mp3’ saved [88560/88560]

--2016-10-07 17:53:39--  http://www.voanews.com/MediaAssets2/classroom/interactive_learning/interactive_wordbook/deploy/audio/mail%20(noun).mp3
Reusing existing connection to www.voanews.com:80.
HTTP request sent, awaiting response... 200 OK
Length: 99360 (97K) [audio/mpeg]
Saving to: ‘mail (noun).mp3’

     0K .......... .......... .......... .......... .......... 51% 1.04M 0s
    50K .......... .......... .......... .......... .......   100% 1011K=0.09s

2016-10-07 17:53:39 (1.01 MB/s) - ‘mail (noun).mp3’ saved [99360/99360]

--2016-10-07 17:53:39--  http://www.voanews.com/MediaAssets2/classroom/interactive_learning/interactive_wordbook/deploy/audio/main%20(adjective).mp3
Reusing existing connection to www.voanews.com:80.
HTTP request sent, awaiting response... 200 OK
Length: 81360 (79K) [audio/mpeg]
Saving to: ‘main (adjective).mp3’

     0K .......... .......... .......... .......... .......... 62% 1.25M 0s
    50K .......... .......... .........                       100% 1.77M=0.06s

2016-10-07 17:53:40 (1.40 MB/s) - ‘main (adjective).mp3’ saved [81360/81360]

--2016-10-07 17:53:40--  http://www.voanews.com/MediaAssets2/classroom/interactive_learning/interactive_wordbook/deploy/audio/make%20(verb).mp3
Reusing existing connection to www.voanews.com:80.
HTTP request sent, awaiting response... 200 OK
Length: 129024 (126K) [audio/mpeg]
Saving to: ‘make (verb).mp3’

     0K .......... .......... .......... .......... .......... 39%  927K 0s
    50K .......... .......... .......... .......... .......... 79%  746K 0s
   100K .......... .......... ......                          100%  492K=0.2s

2016-10-07 17:53:40 (725 KB/s) - ‘make (verb).mp3’ saved [129024/129024]

--2016-10-07 17:53:40--  http://www.voanews.com/MediaAssets2/classroom/interactive_learning/interactive_wordbook/deploy/audio/many%20(adjective).mp3
Reusing existing connection to www.voanews.com:80.
HTTP request sent, awaiting response... 200 OK
Length: 93024 (91K) [audio/mpeg]
Saving to: ‘many (adjective).mp3’

     0K .......... .......... .......... .......... .......... 55%  717K 0s
    50K .......... .......... .......... ..........           100%  595K=0.1s

2016-10-07 17:53:41 (656 KB/s) - ‘many (adjective).mp3’ saved [93024/93024]

--2016-10-07 17:53:41--  http://www.voanews.com/MediaAssets2/classroom/interactive_learning/interactive_wordbook/deploy/audio/march%20(verb).mp3
Reusing existing connection to www.voanews.com:80.
HTTP request sent, awaiting response... 200 OK
Length: 119232 (116K) [audio/mpeg]
Saving to: ‘march (verb).mp3’

     0K .......... .......... .......... .......... .......... 42%  581K 0s
    50K .......... .......... .......... .......... .......... 85%  529K 0s
   100K .......... ......                                     100%  938K=0.2s

2016-10-07 17:53:41 (588 KB/s) - ‘march (verb).mp3’ saved [119232/119232]

--2016-10-07 17:53:41--  http://www.voanews.com/MediaAssets2/classroom/interactive_learning/interactive_wordbook/deploy/audio/market%20(noun).mp3
Reusing existing connection to www.voanews.com:80.
HTTP request sent, awaiting response... 200 OK
Length: 86544 (85K) [audio/mpeg]
Saving to: ‘market (noun).mp3’

     0K .......... .......... .......... .......... .......... 59% 1.01M 0s
    50K .......... .......... .......... ....                 100% 1.16M=0.08s

2016-10-07 17:53:42 (1.07 MB/s) - ‘market (noun).mp3’ saved [86544/86544]

--2016-10-07 17:53:42--  http://www.voanews.com/MediaAssets2/classroom/interactive_learning/interactive_wordbook/deploy/audio/map%20(noun).mp3
Reusing existing connection to www.voanews.com:80.
HTTP request sent, awaiting response... 200 OK
Length: 93888 (92K) [audio/mpeg]
Saving to: ‘map (noun).mp3’

     0K .......... .......... .......... .......... .......... 54% 1.02M 0s
    50K .......... .......... .......... .......... .         100% 1.35M=0.08s

2016-10-07 17:53:42 (1.15 MB/s) - ‘map (noun).mp3’ saved [93888/93888]

--2016-10-07 17:53:42--  http://www.voanews.com/MediaAssets2/classroom/interactive_learning/interactive_wordbook/deploy/audio/manufacture%20(verb).mp3
Reusing existing connection to www.voanews.com:80.
HTTP request sent, awaiting response... 200 OK
Length: 90432 (88K) [audio/mpeg]
Saving to: ‘manufacture (verb).mp3’

     0K .......... .......... .......... .......... .......... 56% 1.39M 0s
    50K .......... .......... .......... ........             100% 2.79M=0.05s

2016-10-07 17:53:42 (1.78 MB/s) - ‘manufacture (verb).mp3’ saved [90432/90432]

--2016-10-07 17:53:42--  http://www.voanews.com/MediaAssets2/classroom/interactive_learning/interactive_wordbook/deploy/audio/material%20(noun).mp3
Reusing existing connection to www.voanews.com:80.
HTTP request sent, awaiting response... 200 OK
Length: 111312 (109K) [audio/mpeg]
Saving to: ‘material (noun).mp3’

     0K .......... .......... .......... .......... .......... 45% 1.50M 0s
    50K .......... .......... .......... .......... .......... 91% 1.24M 0s
   100K ........                                              100%  330K=0.1s

2016-10-07 17:53:43 (1.08 MB/s) - ‘material (noun).mp3’ saved [111312/111312]

--2016-10-07 17:53:43--  http://www.voanews.com/MediaAssets2/classroom/interactive_learning/interactive_wordbook/deploy/audio/mathematics%20(noun).mp3
Reusing existing connection to www.voanews.com:80.
HTTP request sent, awaiting response... 200 OK
Length: 107856 (105K) [audio/mpeg]
Saving to: ‘mathematics (noun).mp3’

     0K .......... .......... .......... .......... .......... 47% 1.68M 0s
    50K .......... .......... .......... .......... .......... 94%  796K 0s
   100K .....                                                 100% 10.8M=0.09s

2016-10-07 17:53:43 (1.11 MB/s) - ‘mathematics (noun).mp3’ saved [107856/107856]

--2016-10-07 17:53:43--  http://www.voanews.com/MediaAssets2/classroom/interactive_learning/interactive_wordbook/deploy/audio/meal%20(noun).mp3
Reusing existing connection to www.voanews.com:80.
HTTP request sent, awaiting response... 200 OK
Length: 86256 (84K) [audio/mpeg]
Saving to: ‘meal (noun).mp3’

     0K .......... .......... .......... .......... .......... 59%  698K 0s
    50K .......... .......... .......... ....                 100%  687K=0.1s

2016-10-07 17:53:44 (693 KB/s) - ‘meal (noun).mp3’ saved [86256/86256]

--2016-10-07 17:53:44--  http://www.voanews.com/MediaAssets2/classroom/interactive_learning/interactive_wordbook/deploy/audio/mean%20(verb).mp3
Reusing existing connection to www.voanews.com:80.
HTTP request sent, awaiting response... 200 OK
Length: 116496 (114K) [audio/mpeg]
Saving to: ‘mean (verb).mp3’

     0K .......... .......... .......... .......... .......... 43%  473K 0s
    50K .......... .......... .......... .......... .......... 87% 1.68M 0s
   100K .......... ...                                        100% 2.43M=0.1s

2016-10-07 17:53:44 (811 KB/s) - ‘mean (verb).mp3’ saved [116496/116496]

--2016-10-07 17:53:44--  http://www.voanews.com/MediaAssets2/classroom/interactive_learning/interactive_wordbook/deploy/audio/meet%20(verb).mp3
Reusing existing connection to www.voanews.com:80.
HTTP request sent, awaiting response... 200 OK
Length: 113760 (111K) [audio/mpeg]
Saving to: ‘meet (verb).mp3’

     0K .......... .......... .......... .......... .......... 45% 1.42M 0s
    50K .......... .......... .......... .......... .......... 90% 1.24M 0s
   100K .......... .                                          100% 5.33M=0.08s

2016-10-07 17:53:45 (1.43 MB/s) - ‘meet (verb).mp3’ saved [113760/113760]

--2016-10-07 17:53:45--  http://www.voanews.com/MediaAssets2/classroom/interactive_learning/interactive_wordbook/deploy/audio/measure%20(verb).mp3
Reusing existing connection to www.voanews.com:80.
HTTP request sent, awaiting response... 200 OK
Length: 82224 (80K) [audio/mpeg]
Saving to: ‘measure (verb).mp3’

     0K .......... .......... .......... .......... .......... 62% 1.90M 0s
    50K .......... .......... ..........                      100% 2.59M=0.04s

2016-10-07 17:53:45 (2.11 MB/s) - ‘measure (verb).mp3’ saved [82224/82224]

--2016-10-07 17:53:45--  http://www.voanews.com/MediaAssets2/classroom/interactive_learning/interactive_wordbook/deploy/audio/meat%20(noun).mp3
Reusing existing connection to www.voanews.com:80.
HTTP request sent, awaiting response... 200 OK
Length: 80064 (78K) [audio/mpeg]
Saving to: ‘meat (noun).mp3’

     0K .......... .......... .......... .......... .......... 63% 3.42M 0s
    50K .......... .......... ........                        100%  847K=0.05s

2016-10-07 17:53:46 (1.60 MB/s) - ‘meat (noun).mp3’ saved [80064/80064]

--2016-10-07 17:53:46--  http://www.voanews.com/MediaAssets2/classroom/interactive_learning/interactive_wordbook/deploy/audio/media%20(noun).mp3
Reusing existing connection to www.voanews.com:80.
HTTP request sent, awaiting response... 200 OK
Length: 85680 (84K) [audio/mpeg]
Saving to: ‘media (noun).mp3’

     0K .......... .......... .......... .......... .......... 59% 3.92M 0s
    50K .......... .......... .......... ...                  100%  621K=0.07s

2016-10-07 17:53:46 (1.23 MB/s) - ‘media (noun).mp3’ saved [85680/85680]

--2016-10-07 17:53:46--  http://www.voanews.com/MediaAssets2/classroom/interactive_learning/interactive_wordbook/deploy/audio/medicine%20(noun).mp3
Reusing existing connection to www.voanews.com:80.
HTTP request sent, awaiting response... 200 OK
Length: 79776 (78K) [audio/mpeg]
Saving to: ‘medicine (noun).mp3’

     0K .......... .......... .......... .......... .......... 64% 3.89M 0s
    50K .......... .......... .......                         100%  517K=0.07s

2016-10-07 17:53:46 (1.14 MB/s) - ‘medicine (noun).mp3’ saved [79776/79776]

--2016-10-07 17:53:46--  http://www.voanews.com/MediaAssets2/classroom/interactive_learning/interactive_wordbook/deploy/audio/melt%20(verb).mp3
Reusing existing connection to www.voanews.com:80.
HTTP request sent, awaiting response... 200 OK
Length: 118944 (116K) [audio/mpeg]
Saving to: ‘melt (verb).mp3’

     0K .......... .......... .......... .......... .......... 43% 2.96M 0s
    50K .......... .......... .......... .......... .......... 86% 1.80M 0s
   100K .......... ......                                     100%  539K=0.07s

2016-10-07 17:53:47 (1.54 MB/s) - ‘melt (verb).mp3’ saved [118944/118944]

--2016-10-07 17:53:47--  http://www.voanews.com/MediaAssets2/classroom/interactive_learning/interactive_wordbook/deploy/audio/memorial%20(noun).mp3
Reusing existing connection to www.voanews.com:80.
HTTP request sent, awaiting response... 200 OK
Length: 81072 (79K) [audio/mpeg]
Saving to: ‘memorial (noun).mp3’

     0K .......... .......... .......... .......... .......... 63% 3.72M 0s
    50K .......... .......... .........                       100%  906K=0.05s

2016-10-07 17:53:47 (1.71 MB/s) - ‘memorial (noun).mp3’ saved [81072/81072]

--2016-10-07 17:53:47--  http://www.voanews.com/MediaAssets2/classroom/interactive_learning/interactive_wordbook/deploy/audio/message%20(noun).mp3
Reusing existing connection to www.voanews.com:80.
HTTP request sent, awaiting response... 200 OK
Length: 102960 (101K) [audio/mpeg]
Saving to: ‘message (noun).mp3’

     0K .......... .......... .......... .......... .......... 49% 3.87M 0s
    50K .......... .......... .......... .......... .......... 99%  763K 0s
   100K                                                       100% 1043G=0.08s

2016-10-07 17:53:48 (1.26 MB/s) - ‘message (noun).mp3’ saved [102960/102960]

--2016-10-07 17:53:48--  http://www.voanews.com/MediaAssets2/classroom/interactive_learning/interactive_wordbook/deploy/audio/method%20(noun).mp3
Reusing existing connection to www.voanews.com:80.
HTTP request sent, awaiting response... 200 OK
Length: 92880 (91K) [audio/mpeg]
Saving to: ‘method (noun).mp3’

     0K .......... .......... .......... .......... .......... 55% 2.01M 0s
    50K .......... .......... .......... ..........           100%  563K=0.1s

2016-10-07 17:53:48 (939 KB/s) - ‘method (noun).mp3’ saved [92880/92880]

--2016-10-07 17:53:48--  http://www.voanews.com/MediaAssets2/classroom/interactive_learning/interactive_wordbook/deploy/audio/middle%20(adjective).mp3
Reusing existing connection to www.voanews.com:80.
HTTP request sent, awaiting response... 200 OK
Length: 90000 (88K) [audio/mpeg]
Saving to: ‘middle (adjective).mp3’

     0K .......... .......... .......... .......... .......... 56%  720K 0s
    50K .......... .......... .......... .......              100% 1.30M=0.1s

2016-10-07 17:53:48 (897 KB/s) - ‘middle (adjective).mp3’ saved [90000/90000]

--2016-10-07 17:53:48--  http://www.voanews.com/MediaAssets2/classroom/interactive_learning/interactive_wordbook/deploy/audio/militia%20(noun).mp3
Reusing existing connection to www.voanews.com:80.
HTTP request sent, awaiting response... 200 OK
Length: 92016 (90K) [audio/mpeg]
Saving to: ‘militia (noun).mp3’

     0K .......... .......... .......... .......... .......... 55%  338K 0s
    50K .......... .......... .......... .........            100%  761K=0.2s

2016-10-07 17:53:49 (449 KB/s) - ‘militia (noun).mp3’ saved [92016/92016]

--2016-10-07 17:53:49--  http://www.voanews.com/MediaAssets2/classroom/interactive_learning/interactive_wordbook/deploy/audio/mind%20(noun).mp3
Reusing existing connection to www.voanews.com:80.
HTTP request sent, awaiting response... 200 OK
Length: 84240 (82K) [audio/mpeg]
Saving to: ‘mind (noun).mp3’

     0K .......... .......... .......... .......... .......... 60%  660K 0s
    50K .......... .......... .......... ..                   100%  882K=0.1s

2016-10-07 17:53:49 (732 KB/s) - ‘mind (noun).mp3’ saved [84240/84240]

--2016-10-07 17:53:49--  http://www.voanews.com/MediaAssets2/classroom/interactive_learning/interactive_wordbook/deploy/audio/mind%20(verb).mp3
Reusing existing connection to www.voanews.com:80.
HTTP request sent, awaiting response... 200 OK
Length: 118224 (115K) [audio/mpeg]
Saving to: ‘mind (verb).mp3’

     0K .......... .......... .......... .......... .......... 43% 82.3K 1s
    50K .......... .......... .......... .......... .......... 86%  108K 0s
   100K .......... .....                                      100%  227K=1.1s

2016-10-07 17:53:51 (101 KB/s) - ‘mind (verb).mp3’ saved [118224/118224]

--2016-10-07 17:53:51--  http://www.voanews.com/MediaAssets2/classroom/interactive_learning/interactive_wordbook/deploy/audio/mine%20(noun).mp3
Reusing existing connection to www.voanews.com:80.
HTTP request sent, awaiting response... 200 OK
Length: 86688 (85K) [audio/mpeg]
Saving to: ‘mine (noun).mp3’

     0K .......... .......... .......... .......... .......... 59%  161K 0s
    50K .......... .......... .......... ....                 100%  200K=0.5s

2016-10-07 17:53:52 (175 KB/s) - ‘mine (noun).mp3’ saved [86688/86688]

--2016-10-07 17:53:52--  http://www.voanews.com/MediaAssets2/classroom/interactive_learning/interactive_wordbook/deploy/audio/mineral%20(noun).mp3
Reusing existing connection to www.voanews.com:80.
HTTP request sent, awaiting response... 200 OK
Length: 112032 (109K) [audio/mpeg]
Saving to: ‘mineral (noun).mp3’

     0K .......... .......... .......... .......... .......... 45%  176K 0s
    50K .......... .......... .......... .......... .......... 91%  164K 0s
   100K .........                                             100%  144K=0.7s

2016-10-07 17:53:53 (167 KB/s) - ‘mineral (noun).mp3’ saved [112032/112032]

--2016-10-07 17:53:53--  http://www.voanews.com/MediaAssets2/classroom/interactive_learning/interactive_wordbook/deploy/audio/minor%20(noun).mp3
Reusing existing connection to www.voanews.com:80.
HTTP request sent, awaiting response... 200 OK
Length: 87264 (85K) [audio/mpeg]
Saving to: ‘minor (noun).mp3’

     0K .......... .......... .......... .......... .......... 58% 66.8K 1s
    50K .......... .......... .......... .....                100%  192K=0.9s

2016-10-07 17:53:54 (91.5 KB/s) - ‘minor (noun).mp3’ saved [87264/87264]

--2016-10-07 17:53:54--  http://www.voanews.com/MediaAssets2/classroom/interactive_learning/interactive_wordbook/deploy/audio/minor%20(adjective).mp3
Reusing existing connection to www.voanews.com:80.
HTTP request sent, awaiting response... 200 OK
Length: 87696 (86K) [audio/mpeg]
Saving to: ‘minor (adjective).mp3’

     0K .......... .......... .......... .......... .......... 58%  250K 0s
    50K .......... .......... .......... .....                100%  209K=0.4s

2016-10-07 17:53:55 (231 KB/s) - ‘minor (adjective).mp3’ saved [87696/87696]

--2016-10-07 17:53:55--  http://www.voanews.com/MediaAssets2/classroom/interactive_learning/interactive_wordbook/deploy/audio/minute%20(noun).mp3
Reusing existing connection to www.voanews.com:80.
HTTP request sent, awaiting response... 200 OK
Length: 89568 (87K) [audio/mpeg]
Saving to: ‘minute (noun).mp3’

     0K .......... .......... .......... .......... .......... 57%  113K 0s
    50K .......... .......... .......... .......              100%  150K=0.7s

2016-10-07 17:53:56 (126 KB/s) - ‘minute (noun).mp3’ saved [89568/89568]

--2016-10-07 17:53:56--  http://www.voanews.com/MediaAssets2/classroom/interactive_learning/interactive_wordbook/deploy/audio/miss%20(verb).mp3
Reusing existing connection to www.voanews.com:80.
HTTP request sent, awaiting response... 200 OK
Length: 132192 (129K) [audio/mpeg]
Saving to: ‘miss (verb).mp3’

     0K .......... .......... .......... .......... .......... 38%  242K 0s
    50K .......... .......... .......... .......... .......... 77%  111K 0s
   100K .......... .......... .........                       100%  125K=0.9s

2016-10-07 17:53:58 (145 KB/s) - ‘miss (verb).mp3’ saved [132192/132192]

--2016-10-07 17:53:58--  http://www.voanews.com/MediaAssets2/classroom/interactive_learning/interactive_wordbook/deploy/audio/mistake%20(noun).mp3
Reusing existing connection to www.voanews.com:80.
HTTP request sent, awaiting response... 200 OK
Length: 97488 (95K) [audio/mpeg]
Saving to: ‘mistake (noun).mp3’

     0K .......... .......... .......... .......... .......... 52%  146K 0s
    50K .......... .......... .......... .......... .....     100%  138K=0.7s

2016-10-07 17:53:59 (142 KB/s) - ‘mistake (noun).mp3’ saved [97488/97488]

--2016-10-07 17:53:59--  http://www.voanews.com/MediaAssets2/classroom/interactive_learning/interactive_wordbook/deploy/audio/mix%20(verb).mp3
Reusing existing connection to www.voanews.com:80.
HTTP request sent, awaiting response... 200 OK
Length: 85392 (83K) [audio/mpeg]
Saving to: ‘mix (verb).mp3’

     0K .......... .......... .......... .......... .......... 59%  280K 0s
    50K .......... .......... .......... ...                  100%  118K=0.5s

2016-10-07 17:53:59 (180 KB/s) - ‘mix (verb).mp3’ saved [85392/85392]

--2016-10-07 17:53:59--  http://www.voanews.com/MediaAssets2/classroom/interactive_learning/interactive_wordbook/deploy/audio/mob%20(noun).mp3
Reusing existing connection to www.voanews.com:80.
HTTP request sent, awaiting response... 200 OK
Length: 84528 (83K) [audio/mpeg]
Saving to: ‘mob (noun).mp3’

     0K .......... .......... .......... .......... .......... 60%  164K 0s
    50K .......... .......... .......... ..                   100% 66.3K=0.8s

2016-10-07 17:54:01 (104 KB/s) - ‘mob (noun).mp3’ saved [84528/84528]

--2016-10-07 17:54:01--  http://www.voanews.com/MediaAssets2/classroom/interactive_learning/interactive_wordbook/deploy/audio/modern%20(adjective).mp3
Reusing existing connection to www.voanews.com:80.
HTTP request sent, awaiting response... 200 OK
Length: 96480 (94K) [audio/mpeg]
Saving to: ‘modern (adjective).mp3’

     0K .......... .......... .......... .......... .......... 53% 75.7K 1s
    50K .......... .......... .......... .......... ....      100% 67.8K=1.3s

2016-10-07 17:54:02 (71.7 KB/s) - ‘modern (adjective).mp3’ saved [96480/96480]

--2016-10-07 17:54:02--  http://www.voanews.com/MediaAssets2/classroom/interactive_learning/interactive_wordbook/deploy/audio/molecule%20(noun).mp3
Reusing existing connection to www.voanews.com:80.
HTTP request sent, awaiting response... 200 OK
Length: 77616 (76K) [audio/mpeg]
Saving to: ‘molecule (noun).mp3’

     0K .......... .......... .......... .......... .......... 65%  134K 0s
    50K .......... .......... .....                           100%  145K=0.5s

2016-10-07 17:54:03 (138 KB/s) - ‘molecule (noun).mp3’ saved [77616/77616]

--2016-10-07 17:54:03--  http://www.voanews.com/MediaAssets2/classroom/interactive_learning/interactive_wordbook/deploy/audio/money%20(noun).mp3
Reusing existing connection to www.voanews.com:80.
HTTP request sent, awaiting response... 200 OK
Length: 97200 (95K) [audio/mpeg]
Saving to: ‘money (noun).mp3’

     0K .......... .......... .......... .......... .......... 52%  413K 0s
    50K .......... .......... .......... .......... ....      100%  319K=0.3s

2016-10-07 17:54:04 (362 KB/s) - ‘money (noun).mp3’ saved [97200/97200]

--2016-10-07 17:54:04--  http://www.voanews.com/MediaAssets2/classroom/interactive_learning/interactive_wordbook/deploy/audio/month%20(noun).mp3
Reusing existing connection to www.voanews.com:80.
HTTP request sent, awaiting response... 200 OK
Length: 93456 (91K) [audio/mpeg]
Saving to: ‘month (noun).mp3’

     0K .......... .......... .......... .......... .......... 54%  692K 0s
    50K .......... .......... .......... .......... .         100%  543K=0.1s

2016-10-07 17:54:05 (615 KB/s) - ‘month (noun).mp3’ saved [93456/93456]

--2016-10-07 17:54:05--  http://www.voanews.com/MediaAssets2/classroom/interactive_learning/interactive_wordbook/deploy/audio/more%20(adjective).mp3
Reusing existing connection to www.voanews.com:80.
HTTP request sent, awaiting response... 200 OK
Length: 75024 (73K) [audio/mpeg]
Saving to: ‘more (adjective).mp3’

     0K .......... .......... .......... .......... .......... 68% 1020K 0s
    50K .......... .......... ...                             100%  540K=0.09s

2016-10-07 17:54:05 (796 KB/s) - ‘more (adjective).mp3’ saved [75024/75024]

--2016-10-07 17:54:05--  http://www.voanews.com/MediaAssets2/classroom/interactive_learning/interactive_wordbook/deploy/audio/morning%20(noun).mp3
Reusing existing connection to www.voanews.com:80.
HTTP request sent, awaiting response... 200 OK
Length: 77904 (76K) [audio/mpeg]
Saving to: ‘morning (noun).mp3’

     0K .......... .......... .......... .......... .......... 65%  956K 0s
    50K .......... .......... ......                          100% 1.92M=0.07s

2016-10-07 17:54:06 (1.13 MB/s) - ‘morning (noun).mp3’ saved [77904/77904]

--2016-10-07 17:54:06--  http://www.voanews.com/MediaAssets2/classroom/interactive_learning/interactive_wordbook/deploy/audio/most%20(adjective).mp3
Reusing existing connection to www.voanews.com:80.
HTTP request sent, awaiting response... 200 OK
Length: 96048 (94K) [audio/mpeg]
Saving to: ‘most (adjective).mp3’

     0K .......... .......... .......... .......... .......... 53%  128K 0s
    50K .......... .......... .......... .......... ...       100%  191K=0.6s

2016-10-07 17:54:07 (152 KB/s) - ‘most (adjective).mp3’ saved [96048/96048]

--2016-10-07 17:54:07--  http://www.voanews.com/MediaAssets2/classroom/interactive_learning/interactive_wordbook/deploy/audio/motion%20(noun).mp3
Reusing existing connection to www.voanews.com:80.
HTTP request sent, awaiting response... 200 OK
Length: 125136 (122K) [audio/mpeg]
Saving to: ‘motion (noun).mp3’

     0K .......... .......... .......... .......... .......... 40%  314K 0s
    50K .......... .......... .......... .......... .......... 81%  352K 0s
   100K .......... .......... ..                              100%  320K=0.4s

2016-10-07 17:54:08 (330 KB/s) - ‘motion (noun).mp3’ saved [125136/125136]

--2016-10-07 17:54:08--  http://www.voanews.com/MediaAssets2/classroom/interactive_learning/interactive_wordbook/deploy/audio/mountain%20(noun).mp3
Reusing existing connection to www.voanews.com:80.
HTTP request sent, awaiting response... 200 OK
Length: 93888 (92K) [audio/mpeg]
Saving to: ‘mountain (noun).mp3’

     0K .......... .......... .......... .......... .......... 54%  127K 0s
    50K .......... .......... .......... .......... .         100%  173K=0.6s

2016-10-07 17:54:09 (145 KB/s) - ‘mountain (noun).mp3’ saved [93888/93888]

--2016-10-07 17:54:09--  http://www.voanews.com/MediaAssets2/classroom/interactive_learning/interactive_wordbook/deploy/audio/mourn%20(verb).mp3
Reusing existing connection to www.voanews.com:80.
HTTP request sent, awaiting response... 200 OK
Length: 86112 (84K) [audio/mpeg]
Saving to: ‘mourn (verb).mp3’

     0K .......... .......... .......... .......... .......... 59%  566K 0s
    50K .......... .......... .......... ....                 100%  363K=0.2s

2016-10-07 17:54:09 (462 KB/s) - ‘mourn (verb).mp3’ saved [86112/86112]

--2016-10-07 17:54:09--  http://www.voanews.com/MediaAssets2/classroom/interactive_learning/interactive_wordbook/deploy/audio/murder%20(noun).mp3
Reusing existing connection to www.voanews.com:80.
HTTP request sent, awaiting response... 200 OK
Length: 75888 (74K) [audio/mpeg]
Saving to: ‘murder (noun).mp3’

     0K .......... .......... .......... .......... .......... 67%  771K 0s
    50K .......... .......... ....                            100%  487K=0.1s

2016-10-07 17:54:10 (648 KB/s) - ‘murder (noun).mp3’ saved [75888/75888]

--2016-10-07 17:54:10--  http://www.voanews.com/MediaAssets2/classroom/interactive_learning/interactive_wordbook/deploy/audio/music%20(noun).mp3
Reusing existing connection to www.voanews.com:80.
HTTP request sent, awaiting response... 200 OK
Length: 83088 (81K) [audio/mpeg]
Saving to: ‘music (noun).mp3’

     0K .......... .......... .......... .......... .......... 61%  948K 0s
    50K .......... .......... .......... .                    100%  726K=0.1s

2016-10-07 17:54:10 (848 KB/s) - ‘music (noun).mp3’ saved [83088/83088]

--2016-10-07 17:54:10--  http://www.voanews.com/MediaAssets2/classroom/interactive_learning/interactive_wordbook/deploy/audio/must%20(noun).mp3
Reusing existing connection to www.voanews.com:80.
HTTP request sent, awaiting response... 200 OK
Length: 89424 (87K) [audio/mpeg]
Saving to: ‘must (noun).mp3’

     0K .......... .......... .......... .......... .......... 57%  786K 0s
    50K .......... .......... .......... .......              100%  935K=0.1s

2016-10-07 17:54:10 (844 KB/s) - ‘must (noun).mp3’ saved [89424/89424]

--2016-10-07 17:54:10--  http://www.voanews.com/MediaAssets2/classroom/interactive_learning/interactive_wordbook/deploy/audio/mystery%20(noun).mp3
Reusing existing connection to www.voanews.com:80.
HTTP request sent, awaiting response... 200 OK
Length: 86976 (85K) [audio/mpeg]
Saving to: ‘mystery (noun).mp3’

     0K .......... .......... .......... .......... .......... 58% 1.17M 0s
    50K .......... .......... .......... ....                 100%  474K=0.1s

2016-10-07 17:54:11 (737 KB/s) - ‘mystery (noun).mp3’ saved [86976/86976]

--2016-10-07 17:54:11--  http://www.voanews.com/MediaAssets2/classroom/interactive_learning/interactive_wordbook/deploy/audio/name%20(noun).mp3
Reusing existing connection to www.voanews.com:80.
HTTP request sent, awaiting response... 200 OK
Length: 94320 (92K) [audio/mpeg]
Saving to: ‘name (noun).mp3’

     0K .......... .......... .......... .......... .......... 54% 1.56M 0s
    50K .......... .......... .......... .......... ..        100% 1.79M=0.05s

2016-10-07 17:54:11 (1.66 MB/s) - ‘name (noun).mp3’ saved [94320/94320]

--2016-10-07 17:54:11--  http://www.voanews.com/MediaAssets2/classroom/interactive_learning/interactive_wordbook/deploy/audio/name%20(verb).mp3
Reusing existing connection to www.voanews.com:80.
HTTP request sent, awaiting response... 200 OK
Length: 85824 (84K) [audio/mpeg]
Saving to: ‘name (verb).mp3’

     0K .......... .......... .......... .......... .......... 59% 1.82M 0s
    50K .......... .......... .......... ...                  100% 2.73M=0.04s

2016-10-07 17:54:12 (2.11 MB/s) - ‘name (verb).mp3’ saved [85824/85824]

--2016-10-07 17:54:12--  http://www.voanews.com/MediaAssets2/classroom/interactive_learning/interactive_wordbook/deploy/audio/nation%20(noun).mp3
Reusing existing connection to www.voanews.com:80.
HTTP request sent, awaiting response... 200 OK
Length: 90864 (89K) [audio/mpeg]
Saving to: ‘nation (noun).mp3’

     0K .......... .......... .......... .......... .......... 56% 1.93M 0s
    50K .......... .......... .......... ........             100% 2.76M=0.04s

2016-10-07 17:54:12 (2.22 MB/s) - ‘nation (noun).mp3’ saved [90864/90864]

--2016-10-07 17:54:12--  http://www.voanews.com/MediaAssets2/classroom/interactive_learning/interactive_wordbook/deploy/audio/nature%20(noun).mp3
Reusing existing connection to www.voanews.com:80.
HTTP request sent, awaiting response... 200 OK
Length: 91584 (89K) [audio/mpeg]
Saving to: ‘nature (noun).mp3’

     0K .......... .......... .......... .......... .......... 55% 1.43M 0s
    50K .......... .......... .......... .........            100%  564K=0.1s

2016-10-07 17:54:13 (860 KB/s) - ‘nature (noun).mp3’ saved [91584/91584]

--2016-10-07 17:54:13--  http://www.voanews.com/MediaAssets2/classroom/interactive_learning/interactive_wordbook/deploy/audio/navy%20(noun).mp3
Reusing existing connection to www.voanews.com:80.
HTTP request sent, awaiting response... 200 OK
Length: 101232 (99K) [audio/mpeg]
Saving to: ‘navy (noun).mp3’

     0K .......... .......... .......... .......... .......... 50%  943K 0s
    50K .......... .......... .......... .......... ........  100% 1.72M=0.08s

2016-10-07 17:54:13 (1.19 MB/s) - ‘navy (noun).mp3’ saved [101232/101232]

--2016-10-07 17:54:13--  http://www.voanews.com/MediaAssets2/classroom/interactive_learning/interactive_wordbook/deploy/audio/neighbor%20(noun).mp3
Reusing existing connection to www.voanews.com:80.
HTTP request sent, awaiting response... 200 OK
Length: 83520 (82K) [audio/mpeg]
Saving to: ‘neighbor (noun).mp3’

     0K .......... .......... .......... .......... .......... 61%  642K 0s
    50K .......... .......... .......... .                    100%  369K=0.2s

2016-10-07 17:54:14 (499 KB/s) - ‘neighbor (noun).mp3’ saved [83520/83520]

--2016-10-07 17:54:14--  http://www.voanews.com/MediaAssets2/classroom/interactive_learning/interactive_wordbook/deploy/audio/nerve%20(noun).mp3
Reusing existing connection to www.voanews.com:80.
HTTP request sent, awaiting response... 200 OK
Length: 119232 (116K) [audio/mpeg]
Saving to: ‘nerve (noun).mp3’

     0K .......... .......... .......... .......... .......... 42%  433K 0s
    50K .......... .......... .......... .......... .......... 85%  505K 0s
   100K .......... ......                                     100%  337K=0.3s

2016-10-07 17:54:14 (442 KB/s) - ‘nerve (noun).mp3’ saved [119232/119232]

--2016-10-07 17:54:14--  http://www.voanews.com/MediaAssets2/classroom/interactive_learning/interactive_wordbook/deploy/audio/new%20(adjective).mp3
Reusing existing connection to www.voanews.com:80.
HTTP request sent, awaiting response... 200 OK
Length: 86112 (84K) [audio/mpeg]
Saving to: ‘new (adjective).mp3’

     0K .......... .......... .......... .......... .......... 59%  133K 0s
    50K .......... .......... .......... ....                 100%  195K=0.6s

2016-10-07 17:54:15 (153 KB/s) - ‘new (adjective).mp3’ saved [86112/86112]

--2016-10-07 17:54:15--  http://www.voanews.com/MediaAssets2/classroom/interactive_learning/interactive_wordbook/deploy/audio/news%20(noun).mp3
Reusing existing connection to www.voanews.com:80.
HTTP request sent, awaiting response... 200 OK
Length: 103824 (101K) [audio/mpeg]
Saving to: ‘news (noun).mp3’

     0K .......... .......... .......... .......... .......... 49%  144K 0s
    50K .......... .......... .......... .......... .......... 98% 42.4K 0s
   100K .                                                     100%  744K=1.5s

2016-10-07 17:54:17 (66.4 KB/s) - ‘news (noun).mp3’ saved [103824/103824]

--2016-10-07 17:54:17--  http://www.voanews.com/MediaAssets2/classroom/interactive_learning/interactive_wordbook/deploy/audio/night%20(noun).mp3
Reusing existing connection to www.voanews.com:80.
HTTP request sent, awaiting response... 200 OK
Length: 94464 (92K) [audio/mpeg]
Saving to: ‘night (noun).mp3’

     0K .......... .......... .......... .......... .......... 54%  126K 0s
    50K .......... .......... .......... .......... ..        100% 48.2K=1.3s

2016-10-07 17:54:19 (72.5 KB/s) - ‘night (noun).mp3’ saved [94464/94464]

--2016-10-07 17:54:19--  http://www.voanews.com/MediaAssets2/classroom/interactive_learning/interactive_wordbook/deploy/audio/noise%20(noun).mp3
Reusing existing connection to www.voanews.com:80.
HTTP request sent, awaiting response... 200 OK
Length: 80496 (79K) [audio/mpeg]
Saving to: ‘noise (noun).mp3’

     0K .......... .......... .......... .......... .......... 63% 65.8K 0s
    50K .......... .......... ........                        100% 32.3K=1.6s

2016-10-07 17:54:21 (47.8 KB/s) - ‘noise (noun).mp3’ saved [80496/80496]

--2016-10-07 17:54:21--  http://www.voanews.com/MediaAssets2/classroom/interactive_learning/interactive_wordbook/deploy/audio/noon%20(noun).mp3
Reusing existing connection to www.voanews.com:80.
HTTP request sent, awaiting response... 200 OK
Length: 80928 (79K) [audio/mpeg]
Saving to: ‘noon (noun).mp3’

     0K .......... .......... .......... .......... .......... 63% 77.6K 0s
    50K .......... .......... .........                       100%  162K=0.8s

2016-10-07 17:54:23 (95.9 KB/s) - ‘noon (noun).mp3’ saved [80928/80928]

--2016-10-07 17:54:23--  http://www.voanews.com/MediaAssets2/classroom/interactive_learning/interactive_wordbook/deploy/audio/north%20(noun).mp3
Reusing existing connection to www.voanews.com:80.
HTTP request sent, awaiting response... 200 OK
Length: 96480 (94K) [audio/mpeg]
Saving to: ‘north (noun).mp3’

     0K .......... .......... .......... .......... .......... 53%  121K 0s
    50K .......... .......... .......... .......... ....      100% 87.8K=0.9s

2016-10-07 17:54:24 (103 KB/s) - ‘north (noun).mp3’ saved [96480/96480]

--2016-10-07 17:54:24--  http://www.voanews.com/MediaAssets2/classroom/interactive_learning/interactive_wordbook/deploy/audio/not%20(adverb).mp3
Reusing existing connection to www.voanews.com:80.
HTTP request sent, awaiting response... 200 OK
Length: 96048 (94K) [audio/mpeg]
Saving to: ‘not (adverb).mp3’

     0K .......... .......... .......... .......... .......... 53% 65.1K 1s
    50K .......... .......... .......... .......... ...       100% 92.7K=1.2s

2016-10-07 17:54:26 (75.6 KB/s) - ‘not (adverb).mp3’ saved [96048/96048]

--2016-10-07 17:54:26--  http://www.voanews.com/MediaAssets2/classroom/interactive_learning/interactive_wordbook/deploy/audio/note%20(noun).mp3
Reusing existing connection to www.voanews.com:80.
HTTP request sent, awaiting response... 200 OK
Length: 101088 (99K) [audio/mpeg]
Saving to: ‘note (noun).mp3’

     0K .......... .......... .......... .......... .......... 50% 61.6K 1s
    50K .......... .......... .......... .......... ........  100%  109K=1.3s

2016-10-07 17:54:28 (78.5 KB/s) - ‘note (noun).mp3’ saved [101088/101088]

--2016-10-07 17:54:28--  http://www.voanews.com/MediaAssets2/classroom/interactive_learning/interactive_wordbook/deploy/audio/note%20(verb).mp3
Reusing existing connection to www.voanews.com:80.
HTTP request sent, awaiting response... 200 OK
Length: 82512 (81K) [audio/mpeg]
Saving to: ‘note (verb).mp3’

     0K .......... .......... .......... .......... .......... 62%  246K 0s
    50K .......... .......... ..........                      100%  822K=0.2s

2016-10-07 17:54:28 (335 KB/s) - ‘note (verb).mp3’ saved [82512/82512]

--2016-10-07 17:54:28--  http://www.voanews.com/MediaAssets2/classroom/interactive_learning/interactive_wordbook/deploy/audio/now%20(adverb).mp3
Reusing existing connection to www.voanews.com:80.
HTTP request sent, awaiting response... 200 OK
Length: 78480 (77K) [audio/mpeg]
Saving to: ‘now (adverb).mp3’

     0K .......... .......... .......... .......... .......... 65%  667K 0s
    50K .......... .......... ......                          100% 2.12M=0.09s

2016-10-07 17:54:29 (879 KB/s) - ‘now (adverb).mp3’ saved [78480/78480]

--2016-10-07 17:54:29--  http://www.voanews.com/MediaAssets2/classroom/interactive_learning/interactive_wordbook/deploy/audio/nuclear%20(adjective).mp3
Reusing existing connection to www.voanews.com:80.
HTTP request sent, awaiting response... 404 Not Found
2016-10-07 17:54:30 ERROR 404: Not Found.

--2016-10-07 17:54:30--  http://www.voanews.com/MediaAssets2/classroom/interactive_learning/interactive_wordbook/deploy/audio/nutrition%20(noun).mp3
Reusing existing connection to www.voanews.com:80.
HTTP request sent, awaiting response... 200 OK
Length: 97632 (95K) [audio/mpeg]
Saving to: ‘nutrition (noun).mp3’

     0K .......... .......... .......... .......... .......... 52%  823K 0s
    50K .......... .......... .......... .......... .....     100% 1.02M=0.1s

2016-10-07 17:54:31 (914 KB/s) - ‘nutrition (noun).mp3’ saved [97632/97632]

--2016-10-07 17:54:31--  http://www.voanews.com/MediaAssets2/classroom/interactive_learning/interactive_wordbook/deploy/audio/number%20(noun).mp3
Reusing existing connection to www.voanews.com:80.
HTTP request sent, awaiting response... 200 OK
Length: 77328 (76K) [audio/mpeg]
Saving to: ‘number (noun).mp3’

     0K .......... .......... .......... .......... .......... 66%  889K 0s
    50K .......... .......... .....                           100% 1.13M=0.08s

2016-10-07 17:54:31 (965 KB/s) - ‘number (noun).mp3’ saved [77328/77328]

--2016-10-07 17:54:31--  http://www.voanews.com/MediaAssets2/classroom/interactive_learning/interactive_wordbook/deploy/audio/obey%20(verb).mp3
Reusing existing connection to www.voanews.com:80.
HTTP request sent, awaiting response... 200 OK
Length: 91152 (89K) [audio/mpeg]
Saving to: ‘obey (verb).mp3’

     0K .......... .......... .......... .......... .......... 56%  884K 0s
    50K .......... .......... .......... .........            100%  969K=0.1s

2016-10-07 17:54:31 (919 KB/s) - ‘obey (verb).mp3’ saved [91152/91152]

--2016-10-07 17:54:31--  http://www.voanews.com/MediaAssets2/classroom/interactive_learning/interactive_wordbook/deploy/audio/object%20(verb).mp3
Reusing existing connection to www.voanews.com:80.
HTTP request sent, awaiting response... 200 OK
Length: 111888 (109K) [audio/mpeg]
Saving to: ‘object (verb).mp3’

     0K .......... .......... .......... .......... .......... 45%  716K 0s
    50K .......... .......... .......... .......... .......... 91% 1.93M 0s
   100K .........                                             100%  286K=0.1s

2016-10-07 17:54:32 (857 KB/s) - ‘object (verb).mp3’ saved [111888/111888]

--2016-10-07 17:54:32--  http://www.voanews.com/MediaAssets2/classroom/interactive_learning/interactive_wordbook/deploy/audio/object%20(noun).mp3
Reusing existing connection to www.voanews.com:80.
HTTP request sent, awaiting response... 200 OK
Length: 97200 (95K) [audio/mpeg]
Saving to: ‘object (noun).mp3’

     0K .......... .......... .......... .......... .......... 52% 1.77M 0s
    50K .......... .......... .......... .......... ....      100%  412K=0.1s

2016-10-07 17:54:32 (695 KB/s) - ‘object (noun).mp3’ saved [97200/97200]

--2016-10-07 17:54:32--  http://www.voanews.com/MediaAssets2/classroom/interactive_learning/interactive_wordbook/deploy/audio/observe%20(verb).mp3
Reusing existing connection to www.voanews.com:80.
HTTP request sent, awaiting response... 200 OK
Length: 92016 (90K) [audio/mpeg]
Saving to: ‘observe (verb).mp3’

     0K .......... .......... .......... .......... .......... 55%  298K 0s
    50K .......... .......... .......... .........            100%  664K=0.2s

2016-10-07 17:54:33 (394 KB/s) - ‘observe (verb).mp3’ saved [92016/92016]

--2016-10-07 17:54:33--  http://www.voanews.com/MediaAssets2/classroom/interactive_learning/interactive_wordbook/deploy/audio/occupy%20(verb).mp3
Reusing existing connection to www.voanews.com:80.
HTTP request sent, awaiting response... 200 OK
Length: 128016 (125K) [audio/mpeg]
Saving to: ‘occupy (verb).mp3’

     0K .......... .......... .......... .......... .......... 39%  656K 0s
    50K .......... .......... .......... .......... .......... 79%  536K 0s
   100K .......... .......... .....                           100% 1.38M=0.2s

2016-10-07 17:54:34 (668 KB/s) - ‘occupy (verb).mp3’ saved [128016/128016]

--2016-10-07 17:54:34--  http://www.voanews.com/MediaAssets2/classroom/interactive_learning/interactive_wordbook/deploy/audio/ocean%20(noun).mp3
Reusing existing connection to www.voanews.com:80.
HTTP request sent, awaiting response... 200 OK
Length: 119664 (117K) [audio/mpeg]
Saving to: ‘ocean (noun).mp3’

     0K .......... .......... .......... .......... .......... 42%  698K 0s
    50K .......... .......... .......... .......... .......... 85%  608K 0s
   100K .......... ......                                     100% 1.47M=0.2s

2016-10-07 17:54:34 (708 KB/s) - ‘ocean (noun).mp3’ saved [119664/119664]

--2016-10-07 17:54:34--  http://www.voanews.com/MediaAssets2/classroom/interactive_learning/interactive_wordbook/deploy/audio/offensive%20(noun).mp3
Reusing existing connection to www.voanews.com:80.
HTTP request sent, awaiting response... 200 OK
Length: 95616 (93K) [audio/mpeg]
Saving to: ‘offensive (noun).mp3’

     0K .......... .......... .......... .......... .......... 53%  896K 0s
    50K .......... .......... .......... .......... ...       100%  931K=0.1s

2016-10-07 17:54:35 (912 KB/s) - ‘offensive (noun).mp3’ saved [95616/95616]

--2016-10-07 17:54:35--  http://www.voanews.com/MediaAssets2/classroom/interactive_learning/interactive_wordbook/deploy/audio/offensive%20(adjective).mp3
Reusing existing connection to www.voanews.com:80.
HTTP request sent, awaiting response... 200 OK
Length: 130032 (127K) [audio/mpeg]
Saving to: ‘offensive (adjective).mp3’

     0K .......... .......... .......... .......... .......... 39%  942K 0s
    50K .......... .......... .......... .......... .......... 78%  657K 0s
   100K .......... .......... ......                          100% 3.21M=0.1s

2016-10-07 17:54:35 (924 KB/s) - ‘offensive (adjective).mp3’ saved [130032/130032]

--2016-10-07 17:54:35--  http://www.voanews.com/MediaAssets2/classroom/interactive_learning/interactive_wordbook/deploy/audio/offer%20(verb).mp3
Reusing existing connection to www.voanews.com:80.
HTTP request sent, awaiting response... 200 OK
Length: 90000 (88K) [audio/mpeg]
Saving to: ‘offer (verb).mp3’

     0K .......... .......... .......... .......... .......... 56% 1.10M 0s
    50K .......... .......... .......... .......              100% 2.28M=0.06s

2016-10-07 17:54:35 (1.42 MB/s) - ‘offer (verb).mp3’ saved [90000/90000]

--2016-10-07 17:54:35--  http://www.voanews.com/MediaAssets2/classroom/interactive_learning/interactive_wordbook/deploy/audio/offer%20(noun).mp3
Reusing existing connection to www.voanews.com:80.
HTTP request sent, awaiting response... 200 OK
Length: 87120 (85K) [audio/mpeg]
Saving to: ‘offer (noun).mp3’

     0K .......... .......... .......... .......... .......... 58%  914K 0s
    50K .......... .......... .......... .....                100% 2.84M=0.07s

2016-10-07 17:54:36 (1.24 MB/s) - ‘offer (noun).mp3’ saved [87120/87120]

--2016-10-07 17:54:36--  http://www.voanews.com/MediaAssets2/classroom/interactive_learning/interactive_wordbook/deploy/audio/office%20(noun).mp3
Reusing existing connection to www.voanews.com:80.
HTTP request sent, awaiting response... 200 OK
Length: 125280 (122K) [audio/mpeg]
Saving to: ‘office (noun).mp3’

     0K .......... .......... .......... .......... .......... 40%  787K 0s
    50K .......... .......... .......... .......... .......... 81%  516K 0s
   100K .......... .......... ..                              100% 1.44M=0.2s

2016-10-07 17:54:36 (696 KB/s) - ‘office (noun).mp3’ saved [125280/125280]

--2016-10-07 17:54:36--  http://www.voanews.com/MediaAssets2/classroom/interactive_learning/interactive_wordbook/deploy/audio/officer%20(noun).mp3
Reusing existing connection to www.voanews.com:80.
HTTP request sent, awaiting response... 200 OK
Length: 120672 (118K) [audio/mpeg]
Saving to: ‘officer (noun).mp3’

     0K .......... .......... .......... .......... .......... 42%  845K 0s
    50K .......... .......... .......... .......... .......... 84%  148K 0s
   100K .......... .......                                    100%  151K=0.5s

2016-10-07 17:54:37 (228 KB/s) - ‘officer (noun).mp3’ saved [120672/120672]

--2016-10-07 17:54:37--  http://www.voanews.com/MediaAssets2/classroom/interactive_learning/interactive_wordbook/deploy/audio/official%20(noun).mp3
Reusing existing connection to www.voanews.com:80.
HTTP request sent, awaiting response... 200 OK
Length: 108288 (106K) [audio/mpeg]
Saving to: ‘official (noun).mp3’

     0K .......... .......... .......... .......... .......... 47% 94.6K 1s
    50K .......... .......... .......... .......... .......... 94%  309K 0s
   100K .....                                                 100% 1.70M=0.7s

2016-10-07 17:54:38 (153 KB/s) - ‘official (noun).mp3’ saved [108288/108288]

--2016-10-07 17:54:38--  http://www.voanews.com/MediaAssets2/classroom/interactive_learning/interactive_wordbook/deploy/audio/official%20(adjective).mp3
Reusing existing connection to www.voanews.com:80.
HTTP request sent, awaiting response... 200 OK
Length: 90288 (88K) [audio/mpeg]
Saving to: ‘official (adjective).mp3’

     0K .......... .......... .......... .......... .......... 56%  274K 0s
    50K .......... .......... .......... ........             100%  796K=0.2s

2016-10-07 17:54:39 (383 KB/s) - ‘official (adjective).mp3’ saved [90288/90288]

--2016-10-07 17:54:39--  http://www.voanews.com/MediaAssets2/classroom/interactive_learning/interactive_wordbook/deploy/audio/once%20(adverb).mp3
Reusing existing connection to www.voanews.com:80.
HTTP request sent, awaiting response... 200 OK
Length: 97632 (95K) [audio/mpeg]
Saving to: ‘once (adverb).mp3’

     0K .......... .......... .......... .......... .......... 52%  851K 0s
    50K .......... .......... .......... .......... .....     100%  558K=0.1s

2016-10-07 17:54:39 (681 KB/s) - ‘once (adverb).mp3’ saved [97632/97632]

--2016-10-07 17:54:39--  http://www.voanews.com/MediaAssets2/classroom/interactive_learning/interactive_wordbook/deploy/audio/open%20(verb).mp3
Reusing existing connection to www.voanews.com:80.
HTTP request sent, awaiting response... 200 OK
Length: 135504 (132K) [audio/mpeg]
Saving to: ‘open (verb).mp3’

     0K .......... .......... .......... .......... .......... 37%  524K 0s
    50K .......... .......... .......... .......... .......... 75%  812K 0s
   100K .......... .......... .......... ..                   100%  493K=0.2s

2016-10-07 17:54:40 (594 KB/s) - ‘open (verb).mp3’ saved [135504/135504]

--2016-10-07 17:54:40--  http://www.voanews.com/MediaAssets2/classroom/interactive_learning/interactive_wordbook/deploy/audio/open%20(adjective).mp3
Reusing existing connection to www.voanews.com:80.
HTTP request sent, awaiting response... 200 OK
Length: 116928 (114K) [audio/mpeg]
Saving to: ‘open (adjective).mp3’

     0K .......... .......... .......... .......... .......... 43%  812K 0s
    50K .......... .......... .......... .......... .......... 87%  611K 0s
   100K .......... ....                                       100%  766K=0.2s

2016-10-07 17:54:40 (705 KB/s) - ‘open (adjective).mp3’ saved [116928/116928]

--2016-10-07 17:54:40--  http://www.voanews.com/MediaAssets2/classroom/interactive_learning/interactive_wordbook/deploy/audio/operate%20(verb).mp3
Reusing existing connection to www.voanews.com:80.
HTTP request sent, awaiting response... 200 OK
Length: 116064 (113K) [audio/mpeg]
Saving to: ‘operate (verb).mp3’

     0K .......... .......... .......... .......... .......... 44%  417K 0s
    50K .......... .......... .......... .......... .......... 88%  199K 0s
   100K .......... ...                                        100% 1.86M=0.4s

2016-10-07 17:54:41 (300 KB/s) - ‘operate (verb).mp3’ saved [116064/116064]

--2016-10-07 17:54:41--  http://www.voanews.com/MediaAssets2/classroom/interactive_learning/interactive_wordbook/deploy/audio/opinion%20(noun).mp3
Reusing existing connection to www.voanews.com:80.
HTTP request sent, awaiting response... 200 OK
Length: 95472 (93K) [audio/mpeg]
Saving to: ‘opinion (noun).mp3’

     0K .......... .......... .......... .......... .......... 53%  593K 0s
    50K .......... .......... .......... .......... ...       100%  436K=0.2s

2016-10-07 17:54:42 (508 KB/s) - ‘opinion (noun).mp3’ saved [95472/95472]

--2016-10-07 17:54:42--  http://www.voanews.com/MediaAssets2/classroom/interactive_learning/interactive_wordbook/deploy/audio/oppose%20(verb).mp3
Reusing existing connection to www.voanews.com:80.
HTTP request sent, awaiting response... 200 OK
Length: 96480 (94K) [audio/mpeg]
Saving to: ‘oppose (verb).mp3’

     0K .......... .......... .......... .......... .......... 53%  702K 0s
    50K .......... .......... .......... .......... ....      100% 1.10M=0.1s

2016-10-07 17:54:42 (853 KB/s) - ‘oppose (verb).mp3’ saved [96480/96480]

--2016-10-07 17:54:42--  http://www.voanews.com/MediaAssets2/classroom/interactive_learning/interactive_wordbook/deploy/audio/opposite%20(adjective).mp3
Reusing existing connection to www.voanews.com:80.
HTTP request sent, awaiting response... 200 OK
Length: 92448 (90K) [audio/mpeg]
Saving to: ‘opposite (adjective).mp3’

     0K .......... .......... .......... .......... .......... 55%  657K 0s
    50K .......... .......... .......... ..........           100%  828K=0.1s

2016-10-07 17:54:42 (723 KB/s) - ‘opposite (adjective).mp3’ saved [92448/92448]

--2016-10-07 17:54:42--  http://www.voanews.com/MediaAssets2/classroom/interactive_learning/interactive_wordbook/deploy/audio/orbit%20(verb).mp3
Reusing existing connection to www.voanews.com:80.
HTTP request sent, awaiting response... 200 OK
Length: 94896 (93K) [audio/mpeg]
Saving to: ‘orbit (verb).mp3’

     0K .......... .......... .......... .......... .......... 53%  659K 0s
    50K .......... .......... .......... .......... ..        100% 1.25M=0.1s

2016-10-07 17:54:43 (848 KB/s) - ‘orbit (verb).mp3’ saved [94896/94896]

--2016-10-07 17:54:43--  http://www.voanews.com/MediaAssets2/classroom/interactive_learning/interactive_wordbook/deploy/audio/order%20(verb).mp3
Reusing existing connection to www.voanews.com:80.
HTTP request sent, awaiting response... 200 OK
Length: 87696 (86K) [audio/mpeg]
Saving to: ‘order (verb).mp3’

     0K .......... .......... .......... .......... .......... 58%  945K 0s
    50K .......... .......... .......... .....                100%  400K=0.1s

2016-10-07 17:54:43 (603 KB/s) - ‘order (verb).mp3’ saved [87696/87696]

--2016-10-07 17:54:43--  http://www.voanews.com/MediaAssets2/classroom/interactive_learning/interactive_wordbook/deploy/audio/order%20(noun).mp3
Reusing existing connection to www.voanews.com:80.
HTTP request sent, awaiting response... 200 OK
Length: 123696 (121K) [audio/mpeg]
Saving to: ‘order (noun).mp3’

     0K .......... .......... .......... .......... .......... 41%  580K 0s
    50K .......... .......... .......... .......... .......... 82%  976K 0s
   100K .......... ..........                                 100%  708K=0.2s

2016-10-07 17:54:44 (724 KB/s) - ‘order (noun).mp3’ saved [123696/123696]

--2016-10-07 17:54:44--  http://www.voanews.com/MediaAssets2/classroom/interactive_learning/interactive_wordbook/deploy/audio/organ%20(noun).mp3
Reusing existing connection to www.voanews.com:80.
HTTP request sent, awaiting response... 200 OK
Length: 96912 (95K) [audio/mpeg]
Saving to: ‘organ (noun).mp3’

     0K .......... .......... .......... .......... .......... 52%  302K 0s
    50K .......... .......... .......... .......... ....      100%  307K=0.3s

2016-10-07 17:54:44 (305 KB/s) - ‘organ (noun).mp3’ saved [96912/96912]

--2016-10-07 17:54:44--  http://www.voanews.com/MediaAssets2/classroom/interactive_learning/interactive_wordbook/deploy/audio/organism%20(noun).mp3
Reusing existing connection to www.voanews.com:80.
HTTP request sent, awaiting response... 200 OK
Length: 98352 (96K) [audio/mpeg]
Saving to: ‘organism (noun).mp3’

     0K .......... .......... .......... .......... .......... 52%  877K 0s
    50K .......... .......... .......... .......... ......    100%  127K=0.4s

2016-10-07 17:54:45 (229 KB/s) - ‘organism (noun).mp3’ saved [98352/98352]

--2016-10-07 17:54:45--  http://www.voanews.com/MediaAssets2/classroom/interactive_learning/interactive_wordbook/deploy/audio/organize%20(verb).mp3
Reusing existing connection to www.voanews.com:80.
HTTP request sent, awaiting response... 200 OK
Length: 84240 (82K) [audio/mpeg]
Saving to: ‘organize (verb).mp3’

     0K .......... .......... .......... .......... .......... 60%  200K 0s
    50K .......... .......... .......... ..                   100%  528K=0.3s

2016-10-07 17:54:48 (264 KB/s) - ‘organize (verb).mp3’ saved [84240/84240]

--2016-10-07 17:54:48--  http://www.voanews.com/MediaAssets2/classroom/interactive_learning/interactive_wordbook/deploy/audio/over%20(preposition).mp3
Reusing existing connection to www.voanews.com:80.
HTTP request sent, awaiting response... 200 OK
Length: 125856 (123K) [audio/mpeg]
Saving to: ‘over (preposition).mp3’

     0K .......... .......... .......... .......... .......... 40%  690K 0s
    50K .......... .......... .......... .......... .......... 81%  759K 0s
   100K .......... .......... ..                              100% 1.10M=0.2s

2016-10-07 17:54:48 (775 KB/s) - ‘over (preposition).mp3’ saved [125856/125856]

--2016-10-07 17:54:48--  http://www.voanews.com/MediaAssets2/classroom/interactive_learning/interactive_wordbook/deploy/audio/owe%20(verb).mp3
Reusing existing connection to www.voanews.com:80.
HTTP request sent, awaiting response... 200 OK
Length: 89280 (87K) [audio/mpeg]
Saving to: ‘owe (verb).mp3’

     0K .......... .......... .......... .......... .......... 57%  747K 0s
    50K .......... .......... .......... .......              100% 1.17M=0.1s

2016-10-07 17:54:49 (889 KB/s) - ‘owe (verb).mp3’ saved [89280/89280]

--2016-10-07 17:54:49--  http://www.voanews.com/MediaAssets2/classroom/interactive_learning/interactive_wordbook/deploy/audio/own%20(verb).mp3
Reusing existing connection to www.voanews.com:80.
HTTP request sent, awaiting response... 200 OK
Length: 78336 (76K) [audio/mpeg]
Saving to: ‘own (verb).mp3’

     0K .......... .......... .......... .......... .......... 65%  923K 0s
    50K .......... .......... ......                          100% 2.15M=0.07s

2016-10-07 17:54:49 (1.13 MB/s) - ‘own (verb).mp3’ saved [78336/78336]

--2016-10-07 17:54:49--  http://www.voanews.com/MediaAssets2/classroom/interactive_learning/interactive_wordbook/deploy/audio/pain%20(noun).mp3
Reusing existing connection to www.voanews.com:80.
HTTP request sent, awaiting response... 200 OK
Length: 75744 (74K) [audio/mpeg]
Saving to: ‘pain (noun).mp3’

     0K .......... .......... .......... .......... .......... 67% 1.23M 0s
    50K .......... .......... ...                             100%  419K=0.1s

2016-10-07 17:54:50 (763 KB/s) - ‘pain (noun).mp3’ saved [75744/75744]

--2016-10-07 17:54:50--  http://www.voanews.com/MediaAssets2/classroom/interactive_learning/interactive_wordbook/deploy/audio/paint%20(verb).mp3
Reusing existing connection to www.voanews.com:80.
HTTP request sent, awaiting response... 200 OK
Length: 84240 (82K) [audio/mpeg]
Saving to: ‘paint (verb).mp3’

     0K .......... .......... .......... .......... .......... 60% 1.27M 0s
    50K .......... .......... .......... ..                   100%  750K=0.08s

2016-10-07 17:54:50 (1009 KB/s) - ‘paint (verb).mp3’ saved [84240/84240]

--2016-10-07 17:54:50--  http://www.voanews.com/MediaAssets2/classroom/interactive_learning/interactive_wordbook/deploy/audio/parade%20(noun).mp3
Reusing existing connection to www.voanews.com:80.
HTTP request sent, awaiting response... 200 OK
Length: 99936 (98K) [audio/mpeg]
Saving to: ‘parade (noun).mp3’

     0K .......... .......... .......... .......... .......... 51% 1.61M 0s
    50K .......... .......... .......... .......... .......   100% 1.85M=0.06s

2016-10-07 17:54:51 (1.72 MB/s) - ‘parade (noun).mp3’ saved [99936/99936]

--2016-10-07 17:54:51--  http://www.voanews.com/MediaAssets2/classroom/interactive_learning/interactive_wordbook/deploy/audio/parent%20(noun).mp3
Reusing existing connection to www.voanews.com:80.
HTTP request sent, awaiting response... 200 OK
Length: 74016 (72K) [audio/mpeg]
Saving to: ‘parent (noun).mp3’

     0K .......... .......... .......... .......... .......... 69% 1.15M 0s
    50K .......... .......... ..                              100%  592K=0.08s

2016-10-07 17:54:51 (901 KB/s) - ‘parent (noun).mp3’ saved [74016/74016]

--2016-10-07 17:54:51--  http://www.voanews.com/MediaAssets2/classroom/interactive_learning/interactive_wordbook/deploy/audio/parliament%20(noun).mp3
Reusing existing connection to www.voanews.com:80.
HTTP request sent, awaiting response... 200 OK
Length: 84816 (83K) [audio/mpeg]
Saving to: ‘parliament (noun).mp3’

     0K .......... .......... .......... .......... .......... 60% 2.24M 0s
    50K .......... .......... .......... ..                   100%  658K=0.07s

2016-10-07 17:54:51 (1.13 MB/s) - ‘parliament (noun).mp3’ saved [84816/84816]

--2016-10-07 17:54:51--  http://www.voanews.com/MediaAssets2/classroom/interactive_learning/interactive_wordbook/deploy/audio/pardon%20(verb).mp3
Reusing existing connection to www.voanews.com:80.
HTTP request sent, awaiting response... 200 OK
Length: 96048 (94K) [audio/mpeg]
Saving to: ‘pardon (verb).mp3’

     0K .......... .......... .......... .......... .......... 53% 1.64M 0s
    50K .......... .......... .......... .......... ...       100% 1.89M=0.05s

2016-10-07 17:54:52 (1.75 MB/s) - ‘pardon (verb).mp3’ saved [96048/96048]

--2016-10-07 17:54:52--  http://www.voanews.com/MediaAssets2/classroom/interactive_learning/interactive_wordbook/deploy/audio/partner%20(noun).mp3
Reusing existing connection to www.voanews.com:80.
HTTP request sent, awaiting response... 200 OK
Length: 87696 (86K) [audio/mpeg]
Saving to: ‘partner (noun).mp3’

     0K .......... .......... .......... .......... .......... 58% 1.35M 0s
    50K .......... .......... .......... .....                100% 2.79M=0.05s

2016-10-07 17:54:52 (1.72 MB/s) - ‘partner (noun).mp3’ saved [87696/87696]

--2016-10-07 17:54:52--  http://www.voanews.com/MediaAssets2/classroom/interactive_learning/interactive_wordbook/deploy/audio/path%20(noun).mp3
Reusing existing connection to www.voanews.com:80.
HTTP request sent, awaiting response... 200 OK
Length: 96480 (94K) [audio/mpeg]
Saving to: ‘path (noun).mp3’

     0K .......... .......... .......... .......... .......... 53% 2.94M 0s
    50K .......... .......... .......... .......... ....      100% 1.29M=0.05s

2016-10-07 17:54:52 (1.84 MB/s) - ‘path (noun).mp3’ saved [96480/96480]

--2016-10-07 17:54:52--  http://www.voanews.com/MediaAssets2/classroom/interactive_learning/interactive_wordbook/deploy/audio/patient%20(noun).mp3
Reusing existing connection to www.voanews.com:80.
HTTP request sent, awaiting response... 200 OK
Length: 96912 (95K) [audio/mpeg]
Saving to: ‘patient (noun).mp3’

     0K .......... .......... .......... .......... .......... 52% 1.69M 0s
    50K .......... .......... .......... .......... ....      100%  454K=0.1s

2016-10-07 17:54:53 (743 KB/s) - ‘patient (noun).mp3’ saved [96912/96912]

--2016-10-07 17:54:53--  http://www.voanews.com/MediaAssets2/classroom/interactive_learning/interactive_wordbook/deploy/audio/perfect%20(adjective).mp3
Reusing existing connection to www.voanews.com:80.
HTTP request sent, awaiting response... 200 OK
Length: 92448 (90K) [audio/mpeg]
Saving to: ‘perfect (adjective).mp3’

     0K .......... .......... .......... .......... .......... 55%  387K 0s
    50K .......... .......... .......... ..........           100%  729K=0.2s

2016-10-07 17:54:54 (490 KB/s) - ‘perfect (adjective).mp3’ saved [92448/92448]

--2016-10-07 17:54:54--  http://www.voanews.com/MediaAssets2/classroom/interactive_learning/interactive_wordbook/deploy/audio/perform%20(verb).mp3
Reusing existing connection to www.voanews.com:80.
HTTP request sent, awaiting response... 200 OK
Length: 81360 (79K) [audio/mpeg]
Saving to: ‘perform (verb).mp3’

     0K .......... .......... .......... .......... .......... 62%  713K 0s
    50K .......... .......... .........                       100%  769K=0.1s

2016-10-07 17:54:54 (733 KB/s) - ‘perform (verb).mp3’ saved [81360/81360]

--2016-10-07 17:54:54--  http://www.voanews.com/MediaAssets2/classroom/interactive_learning/interactive_wordbook/deploy/audio/period%20(noun).mp3
Reusing existing connection to www.voanews.com:80.
HTTP request sent, awaiting response... 200 OK
Length: 85536 (84K) [audio/mpeg]
Saving to: ‘period (noun).mp3’

     0K .......... .......... .......... .......... .......... 59%  913K 0s
    50K .......... .......... .......... ...                  100%  500K=0.1s

2016-10-07 17:54:55 (686 KB/s) - ‘period (noun).mp3’ saved [85536/85536]

--2016-10-07 17:54:55--  http://www.voanews.com/MediaAssets2/classroom/interactive_learning/interactive_wordbook/deploy/audio/permanent%20(adjective).mp3
Reusing existing connection to www.voanews.com:80.
HTTP request sent, awaiting response... 200 OK
Length: 96048 (94K) [audio/mpeg]
Saving to: ‘permanent (adjective).mp3’

     0K .......... .......... .......... .......... .......... 53%  849K 0s
    50K .......... .......... .......... .......... ...       100%  632K=0.1s

2016-10-07 17:54:55 (732 KB/s) - ‘permanent (adjective).mp3’ saved [96048/96048]

--2016-10-07 17:54:55--  http://www.voanews.com/MediaAssets2/classroom/interactive_learning/interactive_wordbook/deploy/audio/permit%20(verb).mp3
Reusing existing connection to www.voanews.com:80.
HTTP request sent, awaiting response... 200 OK
Length: 78048 (76K) [audio/mpeg]
Saving to: ‘permit (verb).mp3’

     0K .......... .......... .......... .......... .......... 65%  742K 0s
    50K .......... .......... ......                          100%  919K=0.1s

2016-10-07 17:54:55 (795 KB/s) - ‘permit (verb).mp3’ saved [78048/78048]

--2016-10-07 17:54:55--  http://www.voanews.com/MediaAssets2/classroom/interactive_learning/interactive_wordbook/deploy/audio/persuade%20(verb).mp3
Reusing existing connection to www.voanews.com:80.
HTTP request sent, awaiting response... 200 OK
Length: 94032 (92K) [audio/mpeg]
Saving to: ‘persuade (verb).mp3’

     0K .......... .......... .......... .......... .......... 54%  258K 0s
    50K .......... .......... .......... .......... .         100%  678K=0.3s

2016-10-07 17:54:56 (360 KB/s) - ‘persuade (verb).mp3’ saved [94032/94032]

--2016-10-07 17:54:56--  http://www.voanews.com/MediaAssets2/classroom/interactive_learning/interactive_wordbook/deploy/audio/physical%20(adjective).mp3
Reusing existing connection to www.voanews.com:80.
HTTP request sent, awaiting response... 200 OK
Length: 77472 (76K) [audio/mpeg]
Saving to: ‘physical (adjective).mp3’

     0K .......... .......... .......... .......... .......... 66%  695K 0s
    50K .......... .......... .....                           100%  748K=0.1s

2016-10-07 17:54:56 (712 KB/s) - ‘physical (adjective).mp3’ saved [77472/77472]

--2016-10-07 17:54:56--  http://www.voanews.com/MediaAssets2/classroom/interactive_learning/interactive_wordbook/deploy/audio/piece%20(noun).mp3
Reusing existing connection to www.voanews.com:80.
HTTP request sent, awaiting response... 200 OK
Length: 77616 (76K) [audio/mpeg]
Saving to: ‘piece (noun).mp3’

     0K .......... .......... .......... .......... .......... 65%  823K 0s
    50K .......... .......... .....                           100%  667K=0.1s

2016-10-07 17:54:57 (762 KB/s) - ‘piece (noun).mp3’ saved [77616/77616]

--2016-10-07 17:54:57--  http://www.voanews.com/MediaAssets2/classroom/interactive_learning/interactive_wordbook/deploy/audio/place%20(verb).mp3
Reusing existing connection to www.voanews.com:80.
HTTP request sent, awaiting response... 200 OK
Length: 82800 (81K) [audio/mpeg]
Saving to: ‘place (verb).mp3’

     0K .......... .......... .......... .......... .......... 61%  881K 0s
    50K .......... .......... ..........                      100%  495K=0.1s

2016-10-07 17:54:57 (679 KB/s) - ‘place (verb).mp3’ saved [82800/82800]

--2016-10-07 17:54:57--  http://www.voanews.com/MediaAssets2/classroom/interactive_learning/interactive_wordbook/deploy/audio/pipe%20(noun).mp3
Reusing existing connection to www.voanews.com:80.
HTTP request sent, awaiting response... 200 OK
Length: 84672 (83K) [audio/mpeg]
Saving to: ‘pipe (noun).mp3’

     0K .......... .......... .......... .......... .......... 60%  480K 0s
    50K .......... .......... .......... ..                   100%  571K=0.2s

2016-10-07 17:54:58 (513 KB/s) - ‘pipe (noun).mp3’ saved [84672/84672]

--2016-10-07 17:54:58--  http://www.voanews.com/MediaAssets2/classroom/interactive_learning/interactive_wordbook/deploy/audio/planet%20(noun).mp3
Reusing existing connection to www.voanews.com:80.
HTTP request sent, awaiting response... 200 OK
Length: 79488 (78K) [audio/mpeg]
Saving to: ‘planet (noun).mp3’

     0K .......... .......... .......... .......... .......... 64%  425K 0s
    50K .......... .......... .......                         100%  324K=0.2s

2016-10-07 17:54:58 (383 KB/s) - ‘planet (noun).mp3’ saved [79488/79488]

--2016-10-07 17:54:58--  http://www.voanews.com/MediaAssets2/classroom/interactive_learning/interactive_wordbook/deploy/audio/plant%20(verb).mp3
Reusing existing connection to www.voanews.com:80.
HTTP request sent, awaiting response... 200 OK
Length: 76464 (75K) [audio/mpeg]
Saving to: ‘plant (verb).mp3’

     0K .......... .......... .......... .......... .......... 66%  255K 0s
    50K .......... .......... ....                            100%  281K=0.3s

2016-10-07 17:54:59 (263 KB/s) - ‘plant (verb).mp3’ saved [76464/76464]

--2016-10-07 17:54:59--  http://www.voanews.com/MediaAssets2/classroom/interactive_learning/interactive_wordbook/deploy/audio/plant%20(noun).mp3
Reusing existing connection to www.voanews.com:80.
HTTP request sent, awaiting response... 200 OK
Length: 82080 (80K) [audio/mpeg]
Saving to: ‘plant (noun).mp3’

     0K .......... .......... .......... .......... .......... 62%  385K 0s
    50K .......... .......... ..........                      100%  345K=0.2s

2016-10-07 17:55:00 (369 KB/s) - ‘plant (noun).mp3’ saved [82080/82080]

--2016-10-07 17:55:00--  http://www.voanews.com/MediaAssets2/classroom/interactive_learning/interactive_wordbook/deploy/audio/please%20(verb).mp3
Reusing existing connection to www.voanews.com:80.
HTTP request sent, awaiting response... 200 OK
Length: 90000 (88K) [audio/mpeg]
Saving to: ‘please (verb).mp3’

     0K .......... .......... .......... .......... .......... 56%  327K 0s
    50K .......... .......... .......... .......              100%  379K=0.3s

2016-10-07 17:55:00 (348 KB/s) - ‘please (verb).mp3’ saved [90000/90000]

--2016-10-07 17:55:00--  http://www.voanews.com/MediaAssets2/classroom/interactive_learning/interactive_wordbook/deploy/audio/poem%20(noun).mp3
Reusing existing connection to www.voanews.com:80.
HTTP request sent, awaiting response... 200 OK
Length: 84528 (83K) [audio/mpeg]
Saving to: ‘poem (noun).mp3’

     0K .......... .......... .......... .......... .......... 60%  260K 0s
    50K .......... .......... .......... ..                   100%  300K=0.3s

2016-10-07 17:55:01 (275 KB/s) - ‘poem (noun).mp3’ saved [84528/84528]

--2016-10-07 17:55:01--  http://www.voanews.com/MediaAssets2/classroom/interactive_learning/interactive_wordbook/deploy/audio/point%20(verb).mp3
Reusing existing connection to www.voanews.com:80.
HTTP request sent, awaiting response... 200 OK
Length: 71280 (70K) [audio/mpeg]
Saving to: ‘point (verb).mp3’

     0K .......... .......... .......... .......... .......... 71%  297K 0s
    50K .......... .........                                  100%  310K=0.2s

2016-10-07 17:55:01 (301 KB/s) - ‘point (verb).mp3’ saved [71280/71280]

--2016-10-07 17:55:01--  http://www.voanews.com/MediaAssets2/classroom/interactive_learning/interactive_wordbook/deploy/audio/poison%20(noun).mp3
Reusing existing connection to www.voanews.com:80.
HTTP request sent, awaiting response... 200 OK
Length: 82800 (81K) [audio/mpeg]
Saving to: ‘poison (noun).mp3’

     0K .......... .......... .......... .......... .......... 61%  225K 0s
    50K .......... .......... ..........                      100%  230K=0.4s

2016-10-07 17:55:02 (227 KB/s) - ‘poison (noun).mp3’ saved [82800/82800]

--2016-10-07 17:55:02--  http://www.voanews.com/MediaAssets2/classroom/interactive_learning/interactive_wordbook/deploy/audio/pollute%20(verb).mp3
Reusing existing connection to www.voanews.com:80.
HTTP request sent, awaiting response... 200 OK
Length: 87408 (85K) [audio/mpeg]
Saving to: ‘pollute (verb).mp3’

     0K .......... .......... .......... .......... .......... 58%  291K 0s
    50K .......... .......... .......... .....                100%  194K=0.4s

2016-10-07 17:55:03 (241 KB/s) - ‘pollute (verb).mp3’ saved [87408/87408]

--2016-10-07 17:55:03--  http://www.voanews.com/MediaAssets2/classroom/interactive_learning/interactive_wordbook/deploy/audio/population%20(noun).mp3
Reusing existing connection to www.voanews.com:80.
HTTP request sent, awaiting response... 200 OK
Length: 83232 (81K) [audio/mpeg]
Saving to: ‘population (noun).mp3’

     0K .......... .......... .......... .......... .......... 61%  353K 0s
    50K .......... .......... .......... .                    100%  365K=0.2s

2016-10-07 17:55:03 (358 KB/s) - ‘population (noun).mp3’ saved [83232/83232]

--2016-10-07 17:55:03--  http://www.voanews.com/MediaAssets2/classroom/interactive_learning/interactive_wordbook/deploy/audio/possess%20(verb).mp3
Reusing existing connection to www.voanews.com:80.
HTTP request sent, awaiting response... 200 OK
Length: 84960 (83K) [audio/mpeg]
Saving to: ‘possess (verb).mp3’

     0K .......... .......... .......... .......... .......... 60%  216K 0s
    50K .......... .......... .......... ..                   100%  390K=0.3s

2016-10-07 17:55:04 (262 KB/s) - ‘possess (verb).mp3’ saved [84960/84960]

--2016-10-07 17:55:04--  http://www.voanews.com/MediaAssets2/classroom/interactive_learning/interactive_wordbook/deploy/audio/postpone%20(verb).mp3
Reusing existing connection to www.voanews.com:80.
HTTP request sent, awaiting response... 200 OK
Length: 83232 (81K) [audio/mpeg]
Saving to: ‘postpone (verb).mp3’

     0K .......... .......... .......... .......... .......... 61%  277K 0s
    50K .......... .......... .......... .                    100%  253K=0.3s

2016-10-07 17:55:05 (267 KB/s) - ‘postpone (verb).mp3’ saved [83232/83232]

--2016-10-07 17:55:05--  http://www.voanews.com/MediaAssets2/classroom/interactive_learning/interactive_wordbook/deploy/audio/pour%20(verb).mp3
Reusing existing connection to www.voanews.com:80.
HTTP request sent, awaiting response... 200 OK
Length: 76032 (74K) [audio/mpeg]
Saving to: ‘pour (verb).mp3’

     0K .......... .......... .......... .......... .......... 67%  333K 0s
    50K .......... .......... ....                            100%  512K=0.2s

2016-10-07 17:55:05 (376 KB/s) - ‘pour (verb).mp3’ saved [76032/76032]

--2016-10-07 17:55:05--  http://www.voanews.com/MediaAssets2/classroom/interactive_learning/interactive_wordbook/deploy/audio/poverty%20(noun).mp3
Reusing existing connection to www.voanews.com:80.
HTTP request sent, awaiting response... 200 OK
Length: 79104 (77K) [audio/mpeg]
Saving to: ‘poverty (noun).mp3’

     0K .......... .......... .......... .......... .......... 64%  519K 0s
    50K .......... .......... .......                         100%  465K=0.2s

2016-10-07 17:55:06 (499 KB/s) - ‘poverty (noun).mp3’ saved [79104/79104]

--2016-10-07 17:55:06--  http://www.voanews.com/MediaAssets2/classroom/interactive_learning/interactive_wordbook/deploy/audio/praise%20(verb).mp3
Reusing existing connection to www.voanews.com:80.
HTTP request sent, awaiting response... 200 OK
Length: 76464 (75K) [audio/mpeg]
Saving to: ‘praise (verb).mp3’

     0K .......... .......... .......... .......... .......... 66%  495K 0s
    50K .......... .......... ....                            100%  650K=0.1s

2016-10-07 17:55:06 (537 KB/s) - ‘praise (verb).mp3’ saved [76464/76464]

--2016-10-07 17:55:06--  http://www.voanews.com/MediaAssets2/classroom/interactive_learning/interactive_wordbook/deploy/audio/predict%20(verb).mp3
Reusing existing connection to www.voanews.com:80.
HTTP request sent, awaiting response... 200 OK
Length: 82944 (81K) [audio/mpeg]
Saving to: ‘predict (verb).mp3’

     0K .......... .......... .......... .......... .......... 61%  703K 0s
    50K .......... .......... .......... .                    100% 1.43M=0.09s

2016-10-07 17:55:07 (877 KB/s) - ‘predict (verb).mp3’ saved [82944/82944]

--2016-10-07 17:55:07--  http://www.voanews.com/MediaAssets2/classroom/interactive_learning/interactive_wordbook/deploy/audio/pregnant%20(adjective).mp3
Reusing existing connection to www.voanews.com:80.
HTTP request sent, awaiting response... 200 OK
Length: 88848 (87K) [audio/mpeg]
Saving to: ‘pregnant (adjective).mp3’

     0K .......... .......... .......... .......... .......... 57%  874K 0s
    50K .......... .......... .......... ......               100% 1.14M=0.09s

2016-10-07 17:55:07 (977 KB/s) - ‘pregnant (adjective).mp3’ saved [88848/88848]

--2016-10-07 17:55:07--  http://www.voanews.com/MediaAssets2/classroom/interactive_learning/interactive_wordbook/deploy/audio/pressure%20(noun).mp3
Reusing existing connection to www.voanews.com:80.
HTTP request sent, awaiting response... 200 OK
Length: 88128 (86K) [audio/mpeg]
Saving to: ‘pressure (noun).mp3’

     0K .......... .......... .......... .......... .......... 58%  653K 0s
    50K .......... .......... .......... ......               100% 1.47M=0.1s

2016-10-07 17:55:08 (856 KB/s) - ‘pressure (noun).mp3’ saved [88128/88128]

--2016-10-07 17:55:08--  http://www.voanews.com/MediaAssets2/classroom/interactive_learning/interactive_wordbook/deploy/audio/prevent%20(verb).mp3
Reusing existing connection to www.voanews.com:80.
HTTP request sent, awaiting response... 200 OK
Length: 90432 (88K) [audio/mpeg]
Saving to: ‘prevent (verb).mp3’

     0K .......... .......... .......... .......... .......... 56%  897K 0s
    50K .......... .......... .......... ........             100% 1.79M=0.08s

2016-10-07 17:55:08 (1.12 MB/s) - ‘prevent (verb).mp3’ saved [90432/90432]

--2016-10-07 17:55:08--  http://www.voanews.com/MediaAssets2/classroom/interactive_learning/interactive_wordbook/deploy/audio/private%20(adjective).mp3
Reusing existing connection to www.voanews.com:80.
HTTP request sent, awaiting response... 200 OK
Length: 86832 (85K) [audio/mpeg]
Saving to: ‘private (adjective).mp3’

     0K .......... .......... .......... .......... .......... 58% 1.76M 0s
    50K .......... .......... .......... ....                 100% 2.33M=0.04s

2016-10-07 17:55:09 (1.95 MB/s) - ‘private (adjective).mp3’ saved [86832/86832]

--2016-10-07 17:55:09--  http://www.voanews.com/MediaAssets2/classroom/interactive_learning/interactive_wordbook/deploy/audio/prize%20(noun).mp3
Reusing existing connection to www.voanews.com:80.
HTTP request sent, awaiting response... 200 OK
Length: 83952 (82K) [audio/mpeg]
Saving to: ‘prize (noun).mp3’

     0K .......... .......... .......... .......... .......... 60% 1.86M 0s
    50K .......... .......... .......... .                    100%  457K=0.1s

2016-10-07 17:55:09 (852 KB/s) - ‘prize (noun).mp3’ saved [83952/83952]

--2016-10-07 17:55:09--  http://www.voanews.com/MediaAssets2/classroom/interactive_learning/interactive_wordbook/deploy/audio/produce%20(verb).mp3
Reusing existing connection to www.voanews.com:80.
HTTP request sent, awaiting response... 200 OK
Length: 93456 (91K) [audio/mpeg]
Saving to: ‘produce (verb).mp3’

     0K .......... .......... .......... .......... .......... 54% 1.82M 0s
    50K .......... .......... .......... .......... .         100%  698K=0.09s

2016-10-07 17:55:09 (1.04 MB/s) - ‘produce (verb).mp3’ saved [93456/93456]

--2016-10-07 17:55:09--  http://www.voanews.com/MediaAssets2/classroom/interactive_learning/interactive_wordbook/deploy/audio/property%20(noun).mp3
Reusing existing connection to www.voanews.com:80.
HTTP request sent, awaiting response... 200 OK
Length: 84960 (83K) [audio/mpeg]
Saving to: ‘property (noun).mp3’

     0K .......... .......... .......... .......... .......... 60%  586K 0s
    50K .......... .......... .......... ..                   100%  696K=0.1s

2016-10-07 17:55:10 (626 KB/s) - ‘property (noun).mp3’ saved [84960/84960]

--2016-10-07 17:55:10--  http://www.voanews.com/MediaAssets2/classroom/interactive_learning/interactive_wordbook/deploy/audio/protect%20(verb).mp3
Reusing existing connection to www.voanews.com:80.
HTTP request sent, awaiting response... 200 OK
Length: 80064 (78K) [audio/mpeg]
Saving to: ‘protect (verb).mp3’

     0K .......... .......... .......... .......... .......... 63% 1.29M 0s
    50K .......... .......... ........                        100%  990K=0.07s

2016-10-07 17:55:10 (1.15 MB/s) - ‘protect (verb).mp3’ saved [80064/80064]

--2016-10-07 17:55:10--  http://www.voanews.com/MediaAssets2/classroom/interactive_learning/interactive_wordbook/deploy/audio/protest%20(verb).mp3
Reusing existing connection to www.voanews.com:80.
HTTP request sent, awaiting response... 200 OK
Length: 89712 (88K) [audio/mpeg]
Saving to: ‘protest (verb).mp3’

     0K .......... .......... .......... .......... .......... 57% 1.10M 0s
    50K .......... .......... .......... .......              100%  614K=0.1s

2016-10-07 17:55:11 (829 KB/s) - ‘protest (verb).mp3’ saved [89712/89712]

--2016-10-07 17:55:11--  http://www.voanews.com/MediaAssets2/classroom/interactive_learning/interactive_wordbook/deploy/audio/prove%20(verb).mp3
Reusing existing connection to www.voanews.com:80.
HTTP request sent, awaiting response... 200 OK
Length: 83376 (81K) [audio/mpeg]
Saving to: ‘prove (verb).mp3’

     0K .......... .......... .......... .......... .......... 61% 1.78M 0s
    50K .......... .......... .......... .                    100%  557K=0.08s

2016-10-07 17:55:11 (971 KB/s) - ‘prove (verb).mp3’ saved [83376/83376]

--2016-10-07 17:55:11--  http://www.voanews.com/MediaAssets2/classroom/interactive_learning/interactive_wordbook/deploy/audio/pump%20(verb).mp3
Reusing existing connection to www.voanews.com:80.
HTTP request sent, awaiting response... 200 OK
Length: 98496 (96K) [audio/mpeg]
Saving to: ‘pump (verb).mp3’

     0K .......... .......... .......... .......... .......... 51% 1.29M 0s
    50K .......... .......... .......... .......... ......    100%  729K=0.1s

2016-10-07 17:55:12 (951 KB/s) - ‘pump (verb).mp3’ saved [98496/98496]

--2016-10-07 17:55:12--  http://www.voanews.com/MediaAssets2/classroom/interactive_learning/interactive_wordbook/deploy/audio/punish%20(verb).mp3
Reusing existing connection to www.voanews.com:80.
HTTP request sent, awaiting response... 200 OK
Length: 86832 (85K) [audio/mpeg]
Saving to: ‘punish (verb).mp3’

     0K .......... .......... .......... .......... .......... 58% 1.65M 0s
    50K .......... .......... .......... ....                 100%  745K=0.08s

2016-10-07 17:55:12 (1.08 MB/s) - ‘punish (verb).mp3’ saved [86832/86832]

--2016-10-07 17:55:12--  http://www.voanews.com/MediaAssets2/classroom/interactive_learning/interactive_wordbook/deploy/audio/purchase%20(verb).mp3
Reusing existing connection to www.voanews.com:80.
HTTP request sent, awaiting response... 200 OK
Length: 88128 (86K) [audio/mpeg]
Saving to: ‘purchase (verb).mp3’

     0K .......... .......... .......... .......... .......... 58%  919K 0s
    50K .......... .......... .......... ......               100% 1.81M=0.07s

2016-10-07 17:55:12 (1.14 MB/s) - ‘purchase (verb).mp3’ saved [88128/88128]

--2016-10-07 17:55:12--  http://www.voanews.com/MediaAssets2/classroom/interactive_learning/interactive_wordbook/deploy/audio/pure%20(adjective).mp3
Reusing existing connection to www.voanews.com:80.
HTTP request sent, awaiting response... 200 OK
Length: 106704 (104K) [audio/mpeg]
Saving to: ‘pure (adjective).mp3’

     0K .......... .......... .......... .......... .......... 47%  888K 0s
    50K .......... .......... .......... .......... .......... 95%  636K 0s
   100K ....                                                  100%  103K=0.2s

2016-10-07 17:55:13 (593 KB/s) - ‘pure (adjective).mp3’ saved [106704/106704]

--2016-10-07 17:55:13--  http://www.voanews.com/MediaAssets2/classroom/interactive_learning/interactive_wordbook/deploy/audio/purpose%20(noun).mp3
Reusing existing connection to www.voanews.com:80.
HTTP request sent, awaiting response... 200 OK
Length: 88848 (87K) [audio/mpeg]
Saving to: ‘purpose (noun).mp3’

     0K .......... .......... .......... .......... .......... 57% 1.10M 0s
    50K .......... .......... .......... ......               100%  753K=0.09s

2016-10-07 17:55:13 (930 KB/s) - ‘purpose (noun).mp3’ saved [88848/88848]

--2016-10-07 17:55:13--  http://www.voanews.com/MediaAssets2/classroom/interactive_learning/interactive_wordbook/deploy/audio/question%20(noun).mp3
Reusing existing connection to www.voanews.com:80.
HTTP request sent, awaiting response... 200 OK
Length: 97920 (96K) [audio/mpeg]
Saving to: ‘question (noun).mp3’

     0K .......... .......... .......... .......... .......... 52% 1.42M 0s
    50K .......... .......... .......... .......... .....     100% 1.84M=0.06s

2016-10-07 17:55:14 (1.59 MB/s) - ‘question (noun).mp3’ saved [97920/97920]

--2016-10-07 17:55:14--  http://www.voanews.com/MediaAssets2/classroom/interactive_learning/interactive_wordbook/deploy/audio/quick%20(adjective).mp3
Reusing existing connection to www.voanews.com:80.
HTTP request sent, awaiting response... 200 OK
Length: 96480 (94K) [audio/mpeg]
Saving to: ‘quick (adjective).mp3’

     0K .......... .......... .......... .......... .......... 53% 1.50M 0s
    50K .......... .......... .......... .......... ....      100%  936K=0.08s

2016-10-07 17:55:15 (1.15 MB/s) - ‘quick (adjective).mp3’ saved [96480/96480]

--2016-10-07 17:55:15--  http://www.voanews.com/MediaAssets2/classroom/interactive_learning/interactive_wordbook/deploy/audio/quiet%20(adjective).mp3
Reusing existing connection to www.voanews.com:80.
HTTP request sent, awaiting response... 200 OK
Length: 124560 (122K) [audio/mpeg]
Saving to: ‘quiet (adjective).mp3’

     0K .......... .......... .......... .......... .......... 41% 2.84M 0s
    50K .......... .......... .......... .......... .......... 82% 1.07M 0s
   100K .......... .......... .                               100% 1.17M=0.08s

2016-10-07 17:55:15 (1.47 MB/s) - ‘quiet (adjective).mp3’ saved [124560/124560]

--2016-10-07 17:55:15--  http://www.voanews.com/MediaAssets2/classroom/interactive_learning/interactive_wordbook/deploy/audio/railroad%20(noun).mp3
Reusing existing connection to www.voanews.com:80.
HTTP request sent, awaiting response... 200 OK
Length: 99648 (97K) [audio/mpeg]
Saving to: ‘railroad (noun).mp3’

     0K .......... .......... .......... .......... .......... 51% 4.51M 0s
    50K .......... .......... .......... .......... .......   100% 1.45M=0.04s

2016-10-07 17:55:15 (2.22 MB/s) - ‘railroad (noun).mp3’ saved [99648/99648]

--2016-10-07 17:55:15--  http://www.voanews.com/MediaAssets2/classroom/interactive_learning/interactive_wordbook/deploy/audio/raise%20(verb).mp3
Reusing existing connection to www.voanews.com:80.
HTTP request sent, awaiting response... 200 OK
Length: 82368 (80K) [audio/mpeg]
Saving to: ‘raise (verb).mp3’

     0K .......... .......... .......... .......... .......... 62% 1.46M 0s
    50K .......... .......... ..........                      100%  590K=0.09s

2016-10-07 17:55:16 (946 KB/s) - ‘raise (verb).mp3’ saved [82368/82368]

--2016-10-07 17:55:16--  http://www.voanews.com/MediaAssets2/classroom/interactive_learning/interactive_wordbook/deploy/audio/rare%20(adjective).mp3
Reusing existing connection to www.voanews.com:80.
HTTP request sent, awaiting response... 200 OK
Length: 84960 (83K) [audio/mpeg]
Saving to: ‘rare (adjective).mp3’

     0K .......... .......... .......... .......... .......... 60% 1.70M 0s
    50K .......... .......... .......... ..                   100% 3.34M=0.04s

2016-10-07 17:55:16 (2.11 MB/s) - ‘rare (adjective).mp3’ saved [84960/84960]

--2016-10-07 17:55:16--  http://www.voanews.com/MediaAssets2/classroom/interactive_learning/interactive_wordbook/deploy/audio/rate%20(noun).mp3
Reusing existing connection to www.voanews.com:80.
HTTP request sent, awaiting response... 200 OK
Length: 133920 (131K) [audio/mpeg]
Saving to: ‘rate (noun).mp3’

     0K .......... .......... .......... .......... .......... 38%  926K 0s
    50K .......... .......... .......... .......... .......... 76% 1.19M 0s
   100K .......... .......... ..........                      100% 1.29M=0.1s

2016-10-07 17:55:17 (1.08 MB/s) - ‘rate (noun).mp3’ saved [133920/133920]

--2016-10-07 17:55:17--  http://www.voanews.com/MediaAssets2/classroom/interactive_learning/interactive_wordbook/deploy/audio/reach%20(verb).mp3
Reusing existing connection to www.voanews.com:80.
HTTP request sent, awaiting response... 200 OK
Length: 103968 (102K) [audio/mpeg]
Saving to: ‘reach (verb).mp3’

     0K .......... .......... .......... .......... .......... 49% 1.26M 0s
    50K .......... .......... .......... .......... .......... 98%  981K 0s
   100K .                                                     100%  281K=0.1s

2016-10-07 17:55:17 (1.04 MB/s) - ‘reach (verb).mp3’ saved [103968/103968]

--2016-10-07 17:55:17--  http://www.voanews.com/MediaAssets2/classroom/interactive_learning/interactive_wordbook/deploy/audio/react%20(verb).mp3
Reusing existing connection to www.voanews.com:80.
HTTP request sent, awaiting response... 200 OK
Length: 82800 (81K) [audio/mpeg]
Saving to: ‘react (verb).mp3’

     0K .......... .......... .......... .......... .......... 61%  830K 0s
    50K .......... .......... ..........                      100%  347K=0.1s

2016-10-07 17:55:17 (542 KB/s) - ‘react (verb).mp3’ saved [82800/82800]

--2016-10-07 17:55:17--  http://www.voanews.com/MediaAssets2/classroom/interactive_learning/interactive_wordbook/deploy/audio/reason%20(noun).mp3
Reusing existing connection to www.voanews.com:80.
HTTP request sent, awaiting response... 200 OK
Length: 83664 (82K) [audio/mpeg]
Saving to: ‘reason (noun).mp3’

     0K .......... .......... .......... .......... .......... 61%  948K 0s
    50K .......... .......... .......... .                    100%  905K=0.09s

2016-10-07 17:55:18 (930 KB/s) - ‘reason (noun).mp3’ saved [83664/83664]

--2016-10-07 17:55:18--  http://www.voanews.com/MediaAssets2/classroom/interactive_learning/interactive_wordbook/deploy/audio/reasonable%20(adjective).mp3
Reusing existing connection to www.voanews.com:80.
HTTP request sent, awaiting response... 200 OK
Length: 95760 (94K) [audio/mpeg]
Saving to: ‘reasonable (adjective).mp3’

     0K .......... .......... .......... .......... .......... 53%  693K 0s
    50K .......... .......... .......... .......... ...       100%  894K=0.1s

2016-10-07 17:55:18 (774 KB/s) - ‘reasonable (adjective).mp3’ saved [95760/95760]

--2016-10-07 17:55:18--  http://www.voanews.com/MediaAssets2/classroom/interactive_learning/interactive_wordbook/deploy/audio/receive%20(verb).mp3
Reusing existing connection to www.voanews.com:80.
HTTP request sent, awaiting response... 200 OK
Length: 82944 (81K) [audio/mpeg]
Saving to: ‘receive (verb).mp3’

     0K .......... .......... .......... .......... .......... 61% 1.08M 0s
    50K .......... .......... .......... .                    100%  787K=0.08s

2016-10-07 17:55:19 (960 KB/s) - ‘receive (verb).mp3’ saved [82944/82944]

--2016-10-07 17:55:19--  http://www.voanews.com/MediaAssets2/classroom/interactive_learning/interactive_wordbook/deploy/audio/recent%20(adjective).mp3
Reusing existing connection to www.voanews.com:80.
HTTP request sent, awaiting response... 200 OK
Length: 79632 (78K) [audio/mpeg]
Saving to: ‘recent (adjective).mp3’

     0K .......... .......... .......... .......... .......... 64% 1.17M 0s
    50K .......... .......... .......                         100% 3.25M=0.05s

2016-10-07 17:55:19 (1.52 MB/s) - ‘recent (adjective).mp3’ saved [79632/79632]

--2016-10-07 17:55:19--  http://www.voanews.com/MediaAssets2/classroom/interactive_learning/interactive_wordbook/deploy/audio/recession%20(noun).mp3
Reusing existing connection to www.voanews.com:80.
HTTP request sent, awaiting response... 200 OK
Length: 97056 (95K) [audio/mpeg]
Saving to: ‘recession (noun).mp3’

     0K .......... .......... .......... .......... .......... 52%  797K 0s
    50K .......... .......... .......... .......... ....      100% 1.30M=0.1s

2016-10-07 17:55:20 (982 KB/s) - ‘recession (noun).mp3’ saved [97056/97056]

--2016-10-07 17:55:20--  http://www.voanews.com/MediaAssets2/classroom/interactive_learning/interactive_wordbook/deploy/audio/recognize%20(verb).mp3
Reusing existing connection to www.voanews.com:80.
HTTP request sent, awaiting response... 200 OK
Length: 85536 (84K) [audio/mpeg]
Saving to: ‘recognize (verb).mp3’

     0K .......... .......... .......... .......... .......... 59%  915K 0s
    50K .......... .......... .......... ...                  100%  664K=0.1s

2016-10-07 17:55:20 (795 KB/s) - ‘recognize (verb).mp3’ saved [85536/85536]

--2016-10-07 17:55:20--  http://www.voanews.com/MediaAssets2/classroom/interactive_learning/interactive_wordbook/deploy/audio/reduce%20(verb).mp3
Reusing existing connection to www.voanews.com:80.
HTTP request sent, awaiting response... 200 OK
Length: 87696 (86K) [audio/mpeg]
Saving to: ‘reduce (verb).mp3’

     0K .......... .......... .......... .......... .......... 58%  415K 0s
    50K .......... .......... .......... .....                100%  585K=0.2s

2016-10-07 17:55:21 (472 KB/s) - ‘reduce (verb).mp3’ saved [87696/87696]

--2016-10-07 17:55:21--  http://www.voanews.com/MediaAssets2/classroom/interactive_learning/interactive_wordbook/deploy/audio/reform%20(verb).mp3
Reusing existing connection to www.voanews.com:80.
HTTP request sent, awaiting response... 200 OK
Length: 86832 (85K) [audio/mpeg]
Saving to: ‘reform (verb).mp3’

     0K .......... .......... .......... .......... .......... 58%  545K 0s
    50K .......... .......... .......... ....                 100%  364K=0.2s

2016-10-07 17:55:21 (453 KB/s) - ‘reform (verb).mp3’ saved [86832/86832]

--2016-10-07 17:55:21--  http://www.voanews.com/MediaAssets2/classroom/interactive_learning/interactive_wordbook/deploy/audio/reform%20(noun).mp3
Reusing existing connection to www.voanews.com:80.
HTTP request sent, awaiting response... 200 OK
Length: 83376 (81K) [audio/mpeg]
Saving to: ‘reform (noun).mp3’

     0K .......... .......... .......... .......... .......... 61%  396K 0s
    50K .......... .......... .......... .                    100%  220K=0.3s

2016-10-07 17:55:22 (302 KB/s) - ‘reform (noun).mp3’ saved [83376/83376]

--2016-10-07 17:55:22--  http://www.voanews.com/MediaAssets2/classroom/interactive_learning/interactive_wordbook/deploy/audio/refuse%20(verb).mp3
Reusing existing connection to www.voanews.com:80.
HTTP request sent, awaiting response... 200 OK
Length: 88560 (86K) [audio/mpeg]
Saving to: ‘refuse (verb).mp3’

     0K .......... .......... .......... .......... .......... 57%  501K 0s
    50K .......... .......... .......... ......               100%  260K=0.2s

2016-10-07 17:55:22 (360 KB/s) - ‘refuse (verb).mp3’ saved [88560/88560]

--2016-10-07 17:55:22--  http://www.voanews.com/MediaAssets2/classroom/interactive_learning/interactive_wordbook/deploy/audio/reject%20(verb).mp3
Reusing existing connection to www.voanews.com:80.
HTTP request sent, awaiting response... 200 OK
Length: 88560 (86K) [audio/mpeg]
Saving to: ‘reject (verb).mp3’

     0K .......... .......... .......... .......... .......... 57%  298K 0s
    50K .......... .......... .......... ......               100%  250K=0.3s

2016-10-07 17:55:23 (276 KB/s) - ‘reject (verb).mp3’ saved [88560/88560]

--2016-10-07 17:55:23--  http://www.voanews.com/MediaAssets2/classroom/interactive_learning/interactive_wordbook/deploy/audio/release%20(verb).mp3
Reusing existing connection to www.voanews.com:80.
HTTP request sent, awaiting response... 200 OK
Length: 118224 (115K) [audio/mpeg]
Saving to: ‘release (verb).mp3’

     0K .......... .......... .......... .......... .......... 43%  617K 0s
    50K .......... .......... .......... .......... .......... 86%  449K 0s
   100K .......... .....                                      100%  441K=0.2s

2016-10-07 17:55:23 (508 KB/s) - ‘release (verb).mp3’ saved [118224/118224]

--2016-10-07 17:55:23--  http://www.voanews.com/MediaAssets2/classroom/interactive_learning/interactive_wordbook/deploy/audio/remain%20(verb).mp3
Reusing existing connection to www.voanews.com:80.
HTTP request sent, awaiting response... 200 OK
Length: 91584 (89K) [audio/mpeg]
Saving to: ‘remain (verb).mp3’

     0K .......... .......... .......... .......... .......... 55% 1.03M 0s
    50K .......... .......... .......... .........            100%  480K=0.1s

2016-10-07 17:55:24 (690 KB/s) - ‘remain (verb).mp3’ saved [91584/91584]

--2016-10-07 17:55:24--  http://www.voanews.com/MediaAssets2/classroom/interactive_learning/interactive_wordbook/deploy/audio/remove%20(verb).mp3
Reusing existing connection to www.voanews.com:80.
HTTP request sent, awaiting response... 200 OK
Length: 119808 (117K) [audio/mpeg]
Saving to: ‘remove (verb).mp3’

     0K .......... .......... .......... .......... .......... 42%  689K 0s
    50K .......... .......... .......... .......... .......... 85% 1.11M 0s
   100K .......... .......                                    100% 2.09M=0.1s

2016-10-07 17:55:24 (940 KB/s) - ‘remove (verb).mp3’ saved [119808/119808]

--2016-10-07 17:55:24--  http://www.voanews.com/MediaAssets2/classroom/interactive_learning/interactive_wordbook/deploy/audio/repair%20(noun).mp3
Reusing existing connection to www.voanews.com:80.
HTTP request sent, awaiting response... 200 OK
Length: 74304 (73K) [audio/mpeg]
Saving to: ‘repair (noun).mp3’

     0K .......... .......... .......... .......... .......... 68%  461K 0s
    50K .......... .......... ..                              100% 1.37M=0.1s

2016-10-07 17:55:25 (582 KB/s) - ‘repair (noun).mp3’ saved [74304/74304]

--2016-10-07 17:55:25--  http://www.voanews.com/MediaAssets2/classroom/interactive_learning/interactive_wordbook/deploy/audio/repair%20(verb).mp3
Reusing existing connection to www.voanews.com:80.
HTTP request sent, awaiting response... 200 OK
Length: 73584 (72K) [audio/mpeg]
Saving to: ‘repair (verb).mp3’

     0K .......... .......... .......... .......... .......... 69%  454K 0s
    50K .......... .......... .                               100%  399K=0.2s

2016-10-07 17:55:25 (436 KB/s) - ‘repair (verb).mp3’ saved [73584/73584]

--2016-10-07 17:55:25--  http://www.voanews.com/MediaAssets2/classroom/interactive_learning/interactive_wordbook/deploy/audio/represent%20(verb).mp3
Reusing existing connection to www.voanews.com:80.
HTTP request sent, awaiting response... 200 OK
Length: 102528 (100K) [audio/mpeg]
Saving to: ‘represent (verb).mp3’

     0K .......... .......... .......... .......... .......... 49%  770K 0s
    50K .......... .......... .......... .......... .......... 99%  593K 0s
   100K                                                       100%  238G=0.1s

2016-10-07 17:55:26 (671 KB/s) - ‘represent (verb).mp3’ saved [102528/102528]

--2016-10-07 17:55:26--  http://www.voanews.com/MediaAssets2/classroom/interactive_learning/interactive_wordbook/deploy/audio/request%20(verb).mp3
Reusing existing connection to www.voanews.com:80.
HTTP request sent, awaiting response... 200 OK
Length: 80352 (78K) [audio/mpeg]
Saving to: ‘request (verb).mp3’

     0K .......... .......... .......... .......... .......... 63%  809K 0s
    50K .......... .......... ........                        100%  584K=0.1s

2016-10-07 17:55:26 (710 KB/s) - ‘request (verb).mp3’ saved [80352/80352]

--2016-10-07 17:55:26--  http://www.voanews.com/MediaAssets2/classroom/interactive_learning/interactive_wordbook/deploy/audio/request%20(noun).mp3
Reusing existing connection to www.voanews.com:80.
HTTP request sent, awaiting response... 200 OK
Length: 87264 (85K) [audio/mpeg]
Saving to: ‘request (noun).mp3’

     0K .......... .......... .......... .......... .......... 58%  740K 0s
    50K .......... .......... .......... .....                100%  597K=0.1s

2016-10-07 17:55:27 (673 KB/s) - ‘request (noun).mp3’ saved [87264/87264]

--2016-10-07 17:55:27--  http://www.voanews.com/MediaAssets2/classroom/interactive_learning/interactive_wordbook/deploy/audio/require%20(verb).mp3
Reusing existing connection to www.voanews.com:80.
HTTP request sent, awaiting response... 200 OK
Length: 95472 (93K) [audio/mpeg]
Saving to: ‘require (verb).mp3’

     0K .......... .......... .......... .......... .......... 53%  374K 0s
    50K .......... .......... .......... .......... ...       100%  271K=0.3s

2016-10-07 17:55:28 (318 KB/s) - ‘require (verb).mp3’ saved [95472/95472]

--2016-10-07 17:55:28--  http://www.voanews.com/MediaAssets2/classroom/interactive_learning/interactive_wordbook/deploy/audio/research%20(noun).mp3
Reusing existing connection to www.voanews.com:80.
HTTP request sent, awaiting response... 200 OK
Length: 98064 (96K) [audio/mpeg]
Saving to: ‘research (noun).mp3’

     0K .......... .......... .......... .......... .......... 52%  574K 0s
    50K .......... .......... .......... .......... .....     100%  454K=0.2s

2016-10-07 17:55:29 (510 KB/s) - ‘research (noun).mp3’ saved [98064/98064]

--2016-10-07 17:55:29--  http://www.voanews.com/MediaAssets2/classroom/interactive_learning/interactive_wordbook/deploy/audio/resign%20(verb).mp3
Reusing existing connection to www.voanews.com:80.
HTTP request sent, awaiting response... 200 OK
Length: 95616 (93K) [audio/mpeg]
Saving to: ‘resign (verb).mp3’

     0K .......... .......... .......... .......... .......... 53%  999K 0s
    50K .......... .......... .......... .......... ...       100%  545K=0.1s

2016-10-07 17:55:29 (720 KB/s) - ‘resign (verb).mp3’ saved [95616/95616]

--2016-10-07 17:55:29--  http://www.voanews.com/MediaAssets2/classroom/interactive_learning/interactive_wordbook/deploy/audio/resource%20(noun).mp3
Reusing existing connection to www.voanews.com:80.
HTTP request sent, awaiting response... 200 OK
Length: 95472 (93K) [audio/mpeg]
Saving to: ‘resource (noun).mp3’

     0K .......... .......... .......... .......... .......... 53%  338K 0s
    50K .......... .......... .......... .......... ...       100%  460K=0.2s

2016-10-07 17:55:30 (385 KB/s) - ‘resource (noun).mp3’ saved [95472/95472]

--2016-10-07 17:55:30--  http://www.voanews.com/MediaAssets2/classroom/interactive_learning/interactive_wordbook/deploy/audio/responsible%20(adjective).mp3
Reusing existing connection to www.voanews.com:80.
HTTP request sent, awaiting response... 200 OK
Length: 148896 (145K) [audio/mpeg]
Saving to: ‘responsible (adjective).mp3’

     0K .......... .......... .......... .......... .......... 34%  468K 0s
    50K .......... .......... .......... .......... .......... 68%  359K 0s
   100K .......... .......... .......... .......... .....     100%  694K=0.3s

2016-10-07 17:55:30 (467 KB/s) - ‘responsible (adjective).mp3’ saved [148896/148896]

--2016-10-07 17:55:30--  http://www.voanews.com/MediaAssets2/classroom/interactive_learning/interactive_wordbook/deploy/audio/rest%20(verb).mp3
Reusing existing connection to www.voanews.com:80.
HTTP request sent, awaiting response... 200 OK
Length: 87408 (85K) [audio/mpeg]
Saving to: ‘rest (verb).mp3’

     0K .......... .......... .......... .......... .......... 58%  344K 0s
    50K .......... .......... .......... .....                100%  946K=0.2s

2016-10-07 17:55:31 (467 KB/s) - ‘rest (verb).mp3’ saved [87408/87408]

--2016-10-07 17:55:31--  http://www.voanews.com/MediaAssets2/classroom/interactive_learning/interactive_wordbook/deploy/audio/rest%20(noun).mp3
Reusing existing connection to www.voanews.com:80.
HTTP request sent, awaiting response... 200 OK
Length: 95040 (93K) [audio/mpeg]
Saving to: ‘rest (noun).mp3’

     0K .......... .......... .......... .......... .......... 53%  820K 0s
    50K .......... .......... .......... .......... ..        100%  842K=0.1s

2016-10-07 17:55:31 (830 KB/s) - ‘rest (noun).mp3’ saved [95040/95040]

--2016-10-07 17:55:31--  http://www.voanews.com/MediaAssets2/classroom/interactive_learning/interactive_wordbook/deploy/audio/restrict%20(verb).mp3
Reusing existing connection to www.voanews.com:80.
HTTP request sent, awaiting response... 200 OK
Length: 95904 (94K) [audio/mpeg]
Saving to: ‘restrict (verb).mp3’

     0K .......... .......... .......... .......... .......... 53%  967K 0s
    50K .......... .......... .......... .......... ...       100%  370K=0.2s

2016-10-07 17:55:32 (552 KB/s) - ‘restrict (verb).mp3’ saved [95904/95904]

--2016-10-07 17:55:32--  http://www.voanews.com/MediaAssets2/classroom/interactive_learning/interactive_wordbook/deploy/audio/result%20(verb).mp3
Reusing existing connection to www.voanews.com:80.
HTTP request sent, awaiting response... 200 OK
Length: 78768 (77K) [audio/mpeg]
Saving to: ‘result (verb).mp3’

     0K .......... .......... .......... .......... .......... 65%  660K 0s
    50K .......... .......... ......                          100%  943K=0.1s

2016-10-07 17:55:32 (737 KB/s) - ‘result (verb).mp3’ saved [78768/78768]

--2016-10-07 17:55:32--  http://www.voanews.com/MediaAssets2/classroom/interactive_learning/interactive_wordbook/deploy/audio/result%20(noun).mp3
Reusing existing connection to www.voanews.com:80.
HTTP request sent, awaiting response... 200 OK
Length: 92160 (90K) [audio/mpeg]
Saving to: ‘result (noun).mp3’

     0K .......... .......... .......... .......... .......... 55%  688K 0s
    50K .......... .......... .......... ..........           100%  804K=0.1s

2016-10-07 17:55:33 (735 KB/s) - ‘result (noun).mp3’ saved [92160/92160]

--2016-10-07 17:55:33--  http://www.voanews.com/MediaAssets2/classroom/interactive_learning/interactive_wordbook/deploy/audio/retire%20(verb).mp3
Reusing existing connection to www.voanews.com:80.
HTTP request sent, awaiting response... 200 OK
Length: 88992 (87K) [audio/mpeg]
Saving to: ‘retire (verb).mp3’

     0K .......... .......... .......... .......... .......... 57% 1.04M 0s
    50K .......... .......... .......... ......               100%  767K=0.1s

2016-10-07 17:55:33 (915 KB/s) - ‘retire (verb).mp3’ saved [88992/88992]

--2016-10-07 17:55:33--  http://www.voanews.com/MediaAssets2/classroom/interactive_learning/interactive_wordbook/deploy/audio/return%20(verb).mp3
Reusing existing connection to www.voanews.com:80.
HTTP request sent, awaiting response... 200 OK
Length: 99936 (98K) [audio/mpeg]
Saving to: ‘return (verb).mp3’

     0K .......... .......... .......... .......... .......... 51% 1.01M 0s
    50K .......... .......... .......... .......... .......   100% 1.01M=0.09s

2016-10-07 17:55:33 (1.01 MB/s) - ‘return (verb).mp3’ saved [99936/99936]

--2016-10-07 17:55:33--  http://www.voanews.com/MediaAssets2/classroom/interactive_learning/interactive_wordbook/deploy/audio/rice%20(noun).mp3
Reusing existing connection to www.voanews.com:80.
HTTP request sent, awaiting response... 200 OK
Length: 66096 (65K) [audio/mpeg]
Saving to: ‘rice (noun).mp3’

     0K .......... .......... .......... .......... .......... 77% 1.28M 0s
    50K .......... ....                                       100% 2.67M=0.04s

2016-10-07 17:55:34 (1.45 MB/s) - ‘rice (noun).mp3’ saved [66096/66096]

--2016-10-07 17:55:34--  http://www.voanews.com/MediaAssets2/classroom/interactive_learning/interactive_wordbook/deploy/audio/ride%20(verb).mp3
Reusing existing connection to www.voanews.com:80.
HTTP request sent, awaiting response... 200 OK
Length: 80640 (79K) [audio/mpeg]
Saving to: ‘ride (verb).mp3’

     0K .......... .......... .......... .......... .......... 63% 1.04M 0s
    50K .......... .......... ........                        100%  953K=0.08s

2016-10-07 17:55:34 (1019 KB/s) - ‘ride (verb).mp3’ saved [80640/80640]

--2016-10-07 17:55:34--  http://www.voanews.com/MediaAssets2/classroom/interactive_learning/interactive_wordbook/deploy/audio/rise%20(verb).mp3
Reusing existing connection to www.voanews.com:80.
HTTP request sent, awaiting response... 200 OK
Length: 90432 (88K) [audio/mpeg]
Saving to: ‘rise (verb).mp3’

     0K .......... .......... .......... .......... .......... 56% 2.85M 0s
    50K .......... .......... .......... ........             100%  990K=0.06s

2016-10-07 17:55:35 (1.54 MB/s) - ‘rise (verb).mp3’ saved [90432/90432]

--2016-10-07 17:55:35--  http://www.voanews.com/MediaAssets2/classroom/interactive_learning/interactive_wordbook/deploy/audio/risk%20(noun).mp3
Reusing existing connection to www.voanews.com:80.
HTTP request sent, awaiting response... 200 OK
Length: 75600 (74K) [audio/mpeg]
Saving to: ‘risk (noun).mp3’

     0K .......... .......... .......... .......... .......... 67% 3.70M 0s
    50K .......... .......... ...                             100% 1.02M=0.04s

2016-10-07 17:55:35 (2.01 MB/s) - ‘risk (noun).mp3’ saved [75600/75600]

--2016-10-07 17:55:35--  http://www.voanews.com/MediaAssets2/classroom/interactive_learning/interactive_wordbook/deploy/audio/road%20(noun).mp3
Reusing existing connection to www.voanews.com:80.
HTTP request sent, awaiting response... 200 OK
Length: 90432 (88K) [audio/mpeg]
Saving to: ‘road (noun).mp3’

     0K .......... .......... .......... .......... .......... 56% 4.93M 0s
    50K .......... .......... .......... ........             100%  568K=0.08s

2016-10-07 17:55:35 (1.12 MB/s) - ‘road (noun).mp3’ saved [90432/90432]

--2016-10-07 17:55:35--  http://www.voanews.com/MediaAssets2/classroom/interactive_learning/interactive_wordbook/deploy/audio/rob%20(verb).mp3
Reusing existing connection to www.voanews.com:80.
HTTP request sent, awaiting response... 200 OK
Length: 109584 (107K) [audio/mpeg]
Saving to: ‘rob (verb).mp3’

     0K .......... .......... .......... .......... .......... 46% 1.25M 0s
    50K .......... .......... .......... .......... .......... 93%  754K 0s
   100K .......                                               100% 2.45M=0.1s

2016-10-07 17:55:36 (988 KB/s) - ‘rob (verb).mp3’ saved [109584/109584]

--2016-10-07 17:55:36--  http://www.voanews.com/MediaAssets2/classroom/interactive_learning/interactive_wordbook/deploy/audio/rock%20(noun).mp3
Reusing existing connection to www.voanews.com:80.
HTTP request sent, awaiting response... 200 OK
Length: 85104 (83K) [audio/mpeg]
Saving to: ‘rock (noun).mp3’

     0K .......... .......... .......... .......... .......... 60% 1.45M 0s
    50K .......... .......... .......... ...                  100%  947K=0.07s

2016-10-07 17:55:36 (1.18 MB/s) - ‘rock (noun).mp3’ saved [85104/85104]

--2016-10-07 17:55:36--  http://www.voanews.com/MediaAssets2/classroom/interactive_learning/interactive_wordbook/deploy/audio/roll%20(verb).mp3
Reusing existing connection to www.voanews.com:80.
HTTP request sent, awaiting response... 200 OK
Length: 79344 (77K) [audio/mpeg]
Saving to: ‘roll (verb).mp3’

     0K .......... .......... .......... .......... .......... 64% 1.63M 0s
    50K .......... .......... .......                         100%  890K=0.06s

2016-10-07 17:55:37 (1.24 MB/s) - ‘roll (verb).mp3’ saved [79344/79344]

--2016-10-07 17:55:37--  http://www.voanews.com/MediaAssets2/classroom/interactive_learning/interactive_wordbook/deploy/audio/rough%20(adjective).mp3
Reusing existing connection to www.voanews.com:80.
HTTP request sent, awaiting response... 200 OK
Length: 89568 (87K) [audio/mpeg]
Saving to: ‘rough (adjective).mp3’

     0K .......... .......... .......... .......... .......... 57% 1.02M 0s
    50K .......... .......... .......... .......              100% 6.03M=0.05s

2016-10-07 17:55:37 (1.58 MB/s) - ‘rough (adjective).mp3’ saved [89568/89568]

--2016-10-07 17:55:37--  http://www.voanews.com/MediaAssets2/classroom/interactive_learning/interactive_wordbook/deploy/audio/round%20(adjective).mp3
Reusing existing connection to www.voanews.com:80.
HTTP request sent, awaiting response... 200 OK
Length: 77328 (76K) [audio/mpeg]
Saving to: ‘round (adjective).mp3’

     0K .......... .......... .......... .......... .......... 66% 2.00M 0s
    50K .......... .......... .....                           100% 2.09M=0.04s

2016-10-07 17:55:38 (2.03 MB/s) - ‘round (adjective).mp3’ saved [77328/77328]

--2016-10-07 17:55:38--  http://www.voanews.com/MediaAssets2/classroom/interactive_learning/interactive_wordbook/deploy/audio/rub%20(verb).mp3
Reusing existing connection to www.voanews.com:80.
HTTP request sent, awaiting response... 200 OK
Length: 86976 (85K) [audio/mpeg]
Saving to: ‘rub (verb).mp3’

     0K .......... .......... .......... .......... .......... 58% 3.47M 0s
    50K .......... .......... .......... ....                 100%  628K=0.07s

2016-10-07 17:55:38 (1.19 MB/s) - ‘rub (verb).mp3’ saved [86976/86976]

--2016-10-07 17:55:38--  http://www.voanews.com/MediaAssets2/classroom/interactive_learning/interactive_wordbook/deploy/audio/ruin%20(verb).mp3
Reusing existing connection to www.voanews.com:80.
HTTP request sent, awaiting response... 200 OK
Length: 87696 (86K) [audio/mpeg]
Saving to: ‘ruin (verb).mp3’

     0K .......... .......... .......... .......... .......... 58% 2.10M 0s
    50K .......... .......... .......... .....                100%  999K=0.06s

2016-10-07 17:55:38 (1.42 MB/s) - ‘ruin (verb).mp3’ saved [87696/87696]

--2016-10-07 17:55:38--  http://www.voanews.com/MediaAssets2/classroom/interactive_learning/interactive_wordbook/deploy/audio/rural%20(adjective).mp3
Reusing existing connection to www.voanews.com:80.
HTTP request sent, awaiting response... 200 OK
Length: 103536 (101K) [audio/mpeg]
Saving to: ‘rural (adjective).mp3’

     0K .......... .......... .......... .......... .......... 49% 1.10M 0s
    50K .......... .......... .......... .......... .......... 98% 1.10M 0s
   100K .                                                     100% 2116G=0.09s

2016-10-07 17:55:39 (1.11 MB/s) - ‘rural (adjective).mp3’ saved [103536/103536]

--2016-10-07 17:55:39--  http://www.voanews.com/MediaAssets2/classroom/interactive_learning/interactive_wordbook/deploy/audio/safe%20(adjective).mp3
Reusing existing connection to www.voanews.com:80.
HTTP request sent, awaiting response... 200 OK
Length: 83088 (81K) [audio/mpeg]
Saving to: ‘safe (adjective).mp3’

     0K .......... .......... .......... .......... .......... 61% 2.09M 0s
    50K .......... .......... .......... .                    100% 3.15M=0.03s

2016-10-07 17:55:39 (2.40 MB/s) - ‘safe (adjective).mp3’ saved [83088/83088]

--2016-10-07 17:55:39--  http://www.voanews.com/MediaAssets2/classroom/interactive_learning/interactive_wordbook/deploy/audio/satellite%20(noun).mp3
Reusing existing connection to www.voanews.com:80.
HTTP request sent, awaiting response... 200 OK
Length: 115488 (113K) [audio/mpeg]
Saving to: ‘satellite (noun).mp3’

     0K .......... .......... .......... .......... .......... 44% 4.71M 0s
    50K .......... .......... .......... .......... .......... 88% 1.44M 0s
   100K .......... ..                                         100% 14.8M=0.05s

2016-10-07 17:55:40 (2.44 MB/s) - ‘satellite (noun).mp3’ saved [115488/115488]

--2016-10-07 17:55:40--  http://www.voanews.com/MediaAssets2/classroom/interactive_learning/interactive_wordbook/deploy/audio/science%20(noun).mp3
Reusing existing connection to www.voanews.com:80.
HTTP request sent, awaiting response... 200 OK
Length: 85680 (84K) [audio/mpeg]
Saving to: ‘science (noun).mp3’

     0K .......... .......... .......... .......... .......... 59% 2.58M 0s
    50K .......... .......... .......... ...                  100% 3.28M=0.03s

2016-10-07 17:55:40 (2.82 MB/s) - ‘science (noun).mp3’ saved [85680/85680]

--2016-10-07 17:55:40--  http://www.voanews.com/MediaAssets2/classroom/interactive_learning/interactive_wordbook/deploy/audio/season%20(noun).mp3
Reusing existing connection to www.voanews.com:80.
HTTP request sent, awaiting response... 200 OK
Length: 104544 (102K) [audio/mpeg]
Saving to: ‘season (noun).mp3’

     0K .......... .......... .......... .......... .......... 48% 3.82M 0s
    50K .......... .......... .......... .......... .......... 97% 1.21M 0s
   100K ..                                                    100%  409K=0.06s

2016-10-07 17:55:40 (1.72 MB/s) - ‘season (noun).mp3’ saved [104544/104544]

--2016-10-07 17:55:40--  http://www.voanews.com/MediaAssets2/classroom/interactive_learning/interactive_wordbook/deploy/audio/seek%20(verb).mp3
Reusing existing connection to www.voanews.com:80.
HTTP request sent, awaiting response... 200 OK
Length: 83952 (82K) [audio/mpeg]
Saving to: ‘seek (verb).mp3’

     0K .......... .......... .......... .......... .......... 60%  667K 0s
    50K .......... .......... .......... .                    100% 5.07M=0.08s

2016-10-07 17:55:41 (1011 KB/s) - ‘seek (verb).mp3’ saved [83952/83952]

--2016-10-07 17:55:41--  http://www.voanews.com/MediaAssets2/classroom/interactive_learning/interactive_wordbook/deploy/audio/senate%20(noun).mp3
Reusing existing connection to www.voanews.com:80.
HTTP request sent, awaiting response... 200 OK
Length: 86544 (85K) [audio/mpeg]
Saving to: ‘senate (noun).mp3’

     0K .......... .......... .......... .......... .......... 59% 5.76M 0s
    50K .......... .......... .......... ....                 100%  911K=0.05s

2016-10-07 17:55:41 (1.78 MB/s) - ‘senate (noun).mp3’ saved [86544/86544]

--2016-10-07 17:55:41--  http://www.voanews.com/MediaAssets2/classroom/interactive_learning/interactive_wordbook/deploy/audio/sentence%20(noun).mp3
Reusing existing connection to www.voanews.com:80.
HTTP request sent, awaiting response... 200 OK
Length: 97920 (96K) [audio/mpeg]
Saving to: ‘sentence (noun).mp3’

     0K .......... .......... .......... .......... .......... 52% 1.08M 0s
    50K .......... .......... .......... .......... .....     100% 1.25M=0.08s

2016-10-07 17:55:42 (1.15 MB/s) - ‘sentence (noun).mp3’ saved [97920/97920]

--2016-10-07 17:55:42--  http://www.voanews.com/MediaAssets2/classroom/interactive_learning/interactive_wordbook/deploy/audio/separate%20(verb).mp3
Reusing existing connection to www.voanews.com:80.
HTTP request sent, awaiting response... 200 OK
Length: 115056 (112K) [audio/mpeg]
Saving to: ‘separate (verb).mp3’

     0K .......... .......... .......... .......... .......... 44%  346K 0s
    50K .......... .......... .......... .......... .......... 89%  418K 0s
   100K .......... ..                                         100% 8.12M=0.3s

2016-10-07 17:55:42 (423 KB/s) - ‘separate (verb).mp3’ saved [115056/115056]

--2016-10-07 17:55:42--  http://www.voanews.com/MediaAssets2/classroom/interactive_learning/interactive_wordbook/deploy/audio/serious%20(adjective).mp3
Reusing existing connection to www.voanews.com:80.
HTTP request sent, awaiting response... 200 OK
Length: 135504 (132K) [audio/mpeg]
Saving to: ‘serious (adjective).mp3’

     0K .......... .......... .......... .......... .......... 37% 1.20M 0s
    50K .......... .......... .......... .......... .......... 75%  717K 0s
   100K .......... .......... .......... ..                   100%  472K=0.2s

2016-10-07 17:55:43 (740 KB/s) - ‘serious (adjective).mp3’ saved [135504/135504]

--2016-10-07 17:55:43--  http://www.voanews.com/MediaAssets2/classroom/interactive_learning/interactive_wordbook/deploy/audio/severe%20(adjective).mp3
Reusing existing connection to www.voanews.com:80.
HTTP request sent, awaiting response... 200 OK
Length: 99360 (97K) [audio/mpeg]
Saving to: ‘severe (adjective).mp3’

     0K .......... .......... .......... .......... .......... 51%  629K 0s
    50K .......... .......... .......... .......... .......   100%  786K=0.1s

2016-10-07 17:55:43 (696 KB/s) - ‘severe (adjective).mp3’ saved [99360/99360]

--2016-10-07 17:55:43--  http://www.voanews.com/MediaAssets2/classroom/interactive_learning/interactive_wordbook/deploy/audio/shock%20(verb).mp3
Reusing existing connection to www.voanews.com:80.
HTTP request sent, awaiting response... 200 OK
Length: 94464 (92K) [audio/mpeg]
Saving to: ‘shock (verb).mp3’

     0K .......... .......... .......... .......... .......... 54%  531K 0s
    50K .......... .......... .......... .......... ..        100%  773K=0.1s

2016-10-07 17:55:44 (620 KB/s) - ‘shock (verb).mp3’ saved [94464/94464]

--2016-10-07 17:55:44--  http://www.voanews.com/MediaAssets2/classroom/interactive_learning/interactive_wordbook/deploy/audio/shock%20(noun).mp3
Reusing existing connection to www.voanews.com:80.
HTTP request sent, awaiting response... 200 OK
Length: 104544 (102K) [audio/mpeg]
Saving to: ‘shock (noun).mp3’

     0K .......... .......... .......... .......... .......... 48%  935K 0s
    50K .......... .......... .......... .......... .......... 97%  963K 0s
   100K ..                                                    100% 3994G=0.1s

2016-10-07 17:55:44 (969 KB/s) - ‘shock (noun).mp3’ saved [104544/104544]

--2016-10-07 17:55:44--  http://www.voanews.com/MediaAssets2/classroom/interactive_learning/interactive_wordbook/deploy/audio/sickness%20(noun).mp3
Reusing existing connection to www.voanews.com:80.
HTTP request sent, awaiting response... 200 OK
Length: 80496 (79K) [audio/mpeg]
Saving to: ‘sickness (noun).mp3’

     0K .......... .......... .......... .......... .......... 63% 1.36M 0s
    50K .......... .......... ........                        100% 2.16M=0.05s

2016-10-07 17:55:44 (1.57 MB/s) - ‘sickness (noun).mp3’ saved [80496/80496]

--2016-10-07 17:55:44--  http://www.voanews.com/MediaAssets2/classroom/interactive_learning/interactive_wordbook/deploy/audio/signal%20(noun).mp3
Reusing existing connection to www.voanews.com:80.
HTTP request sent, awaiting response... 200 OK
Length: 88560 (86K) [audio/mpeg]
Saving to: ‘signal (noun).mp3’

     0K .......... .......... .......... .......... .......... 57% 1.20M 0s
    50K .......... .......... .......... ......               100% 3.34M=0.05s

2016-10-07 17:55:45 (1.65 MB/s) - ‘signal (noun).mp3’ saved [88560/88560]

--2016-10-07 17:55:45--  http://www.voanews.com/MediaAssets2/classroom/interactive_learning/interactive_wordbook/deploy/audio/silence%20(noun).mp3
Reusing existing connection to www.voanews.com:80.
HTTP request sent, awaiting response... 200 OK
Length: 90288 (88K) [audio/mpeg]
Saving to: ‘silence (noun).mp3’

     0K .......... .......... .......... .......... .......... 56% 1.10M 0s
    50K .......... .......... .......... ........             100% 6.21M=0.05s

2016-10-07 17:55:45 (1.71 MB/s) - ‘silence (noun).mp3’ saved [90288/90288]

--2016-10-07 17:55:45--  http://www.voanews.com/MediaAssets2/classroom/interactive_learning/interactive_wordbook/deploy/audio/similar%20(adjective).mp3
Reusing existing connection to www.voanews.com:80.
HTTP request sent, awaiting response... 200 OK
Length: 98496 (96K) [audio/mpeg]
Saving to: ‘similar (adjective).mp3’

     0K .......... .......... .......... .......... .......... 51%  829K 0s
    50K .......... .......... .......... .......... ......    100%  732K=0.1s

2016-10-07 17:55:46 (779 KB/s) - ‘similar (adjective).mp3’ saved [98496/98496]

--2016-10-07 17:55:46--  http://www.voanews.com/MediaAssets2/classroom/interactive_learning/interactive_wordbook/deploy/audio/situation%20(noun).mp3
Reusing existing connection to www.voanews.com:80.
HTTP request sent, awaiting response... 200 OK
Length: 94464 (92K) [audio/mpeg]
Saving to: ‘situation (noun).mp3’

     0K .......... .......... .......... .......... .......... 54%  792K 0s
    50K .......... .......... .......... .......... ..        100%  820K=0.1s

2016-10-07 17:55:46 (805 KB/s) - ‘situation (noun).mp3’ saved [94464/94464]

--2016-10-07 17:55:46--  http://www.voanews.com/MediaAssets2/classroom/interactive_learning/interactive_wordbook/deploy/audio/skill%20(noun).mp3
Reusing existing connection to www.voanews.com:80.
HTTP request sent, awaiting response... 200 OK
Length: 109440 (107K) [audio/mpeg]
Saving to: ‘skill (noun).mp3’

     0K .......... .......... .......... .......... .......... 46%  871K 0s
    50K .......... .......... .......... .......... .......... 93%  566K 0s
   100K ......                                                100% 1.40M=0.2s

2016-10-07 17:55:46 (710 KB/s) - ‘skill (noun).mp3’ saved [109440/109440]

--2016-10-07 17:55:46--  http://www.voanews.com/MediaAssets2/classroom/interactive_learning/interactive_wordbook/deploy/audio/solid%20(adjective).mp3
Reusing existing connection to www.voanews.com:80.
HTTP request sent, awaiting response... 200 OK
Length: 123120 (120K) [audio/mpeg]
Saving to: ‘solid (adjective).mp3’

     0K .......... .......... .......... .......... .......... 41%  569K 0s
    50K .......... .......... .......... .......... .......... 83%  743K 0s
   100K .......... ..........                                 100%  876K=0.2s

2016-10-07 17:55:47 (674 KB/s) - ‘solid (adjective).mp3’ saved [123120/123120]

--2016-10-07 17:55:47--  http://www.voanews.com/MediaAssets2/classroom/interactive_learning/interactive_wordbook/deploy/audio/solve%20(verb).mp3
Reusing existing connection to www.voanews.com:80.
HTTP request sent, awaiting response... 200 OK
Length: 98784 (96K) [audio/mpeg]
Saving to: ‘solve (verb).mp3’

     0K .......... .......... .......... .......... .......... 51%  749K 0s
    50K .......... .......... .......... .......... ......    100%  444K=0.2s

2016-10-07 17:55:47 (563 KB/s) - ‘solve (verb).mp3’ saved [98784/98784]

--2016-10-07 17:55:47--  http://www.voanews.com/MediaAssets2/classroom/interactive_learning/interactive_wordbook/deploy/audio/sound%20(noun).mp3
Reusing existing connection to www.voanews.com:80.
HTTP request sent, awaiting response... 200 OK
Length: 92160 (90K) [audio/mpeg]
Saving to: ‘sound (noun).mp3’

     0K .......... .......... .......... .......... .......... 55%  514K 0s
    50K .......... .......... .......... ..........           100% 1.24M=0.1s

2016-10-07 17:55:48 (699 KB/s) - ‘sound (noun).mp3’ saved [92160/92160]

--2016-10-07 17:55:48--  http://www.voanews.com/MediaAssets2/classroom/interactive_learning/interactive_wordbook/deploy/audio/special%20(adjective).mp3
Reusing existing connection to www.voanews.com:80.
HTTP request sent, awaiting response... 200 OK
Length: 117936 (115K) [audio/mpeg]
Saving to: ‘special (adjective).mp3’

     0K .......... .......... .......... .......... .......... 43%  667K 0s
    50K .......... .......... .......... .......... .......... 86%  555K 0s
   100K .......... .....                                      100%  192K=0.2s

2016-10-07 17:55:48 (472 KB/s) - ‘special (adjective).mp3’ saved [117936/117936]

--2016-10-07 17:55:48--  http://www.voanews.com/MediaAssets2/classroom/interactive_learning/interactive_wordbook/deploy/audio/starve%20(verb).mp3
Reusing existing connection to www.voanews.com:80.
HTTP request sent, awaiting response... 200 OK
Length: 82512 (81K) [audio/mpeg]
Saving to: ‘starve (verb).mp3’

     0K .......... .......... .......... .......... .......... 62%  824K 0s
    50K .......... .......... ..........                      100% 1.55M=0.08s

2016-10-07 17:55:49 (1009 KB/s) - ‘starve (verb).mp3’ saved [82512/82512]

--2016-10-07 17:55:49--  http://www.voanews.com/MediaAssets2/classroom/interactive_learning/interactive_wordbook/deploy/audio/state%20(verb).mp3
Reusing existing connection to www.voanews.com:80.
HTTP request sent, awaiting response... 200 OK
Length: 70704 (69K) [audio/mpeg]
Saving to: ‘state (verb).mp3’

     0K .......... .......... .......... .......... .......... 72% 1.02M 0s
    50K .......... .........                                  100% 1.50M=0.06s

2016-10-07 17:55:49 (1.11 MB/s) - ‘state (verb).mp3’ saved [70704/70704]

--2016-10-07 17:55:49--  http://www.voanews.com/MediaAssets2/classroom/interactive_learning/interactive_wordbook/deploy/audio/state%20(noun).mp3
Reusing existing connection to www.voanews.com:80.
HTTP request sent, awaiting response... 200 OK
Length: 89136 (87K) [audio/mpeg]
Saving to: ‘state (noun).mp3’

     0K .......... .......... .......... .......... .......... 57%  821K 0s
    50K .......... .......... .......... .......              100% 1.85M=0.08s

2016-10-07 17:55:50 (1.06 MB/s) - ‘state (noun).mp3’ saved [89136/89136]

--2016-10-07 17:55:50--  http://www.voanews.com/MediaAssets2/classroom/interactive_learning/interactive_wordbook/deploy/audio/stay%20(verb).mp3
Reusing existing connection to www.voanews.com:80.
HTTP request sent, awaiting response... 200 OK
Length: 84816 (83K) [audio/mpeg]
Saving to: ‘stay (verb).mp3’

     0K .......... .......... .......... .......... .......... 60% 1.63M 0s
    50K .......... .......... .......... ..                   100% 1.55M=0.05s

2016-10-07 17:55:50 (1.60 MB/s) - ‘stay (verb).mp3’ saved [84816/84816]

--2016-10-07 17:55:50--  http://www.voanews.com/MediaAssets2/classroom/interactive_learning/interactive_wordbook/deploy/audio/stone%20(noun).mp3
Reusing existing connection to www.voanews.com:80.
HTTP request sent, awaiting response... 200 OK
Length: 68544 (67K) [audio/mpeg]
Saving to: ‘stone (noun).mp3’

     0K .......... .......... .......... .......... .......... 74% 1.46M 0s
    50K .......... ......                                     100% 3.13M=0.04s

2016-10-07 17:55:50 (1.69 MB/s) - ‘stone (noun).mp3’ saved [68544/68544]

--2016-10-07 17:55:50--  http://www.voanews.com/MediaAssets2/classroom/interactive_learning/interactive_wordbook/deploy/audio/storm%20(noun).mp3
Reusing existing connection to www.voanews.com:80.
HTTP request sent, awaiting response... 200 OK
Length: 88560 (86K) [audio/mpeg]
Saving to: ‘storm (noun).mp3’

     0K .......... .......... .......... .......... .......... 57%  940K 0s
    50K .......... .......... .......... ......               100%  677K=0.1s

2016-10-07 17:55:51 (808 KB/s) - ‘storm (noun).mp3’ saved [88560/88560]

--2016-10-07 17:55:51--  http://www.voanews.com/MediaAssets2/classroom/interactive_learning/interactive_wordbook/deploy/audio/straight%20(adjective).mp3
Reusing existing connection to www.voanews.com:80.
HTTP request sent, awaiting response... 200 OK
Length: 87984 (86K) [audio/mpeg]
Saving to: ‘straight (adjective).mp3’

     0K .......... .......... .......... .......... .......... 58%  637K 0s
    50K .......... .......... .......... .....                100% 1.85M=0.1s

2016-10-07 17:55:51 (882 KB/s) - ‘straight (adjective).mp3’ saved [87984/87984]

--2016-10-07 17:55:51--  http://www.voanews.com/MediaAssets2/classroom/interactive_learning/interactive_wordbook/deploy/audio/strange%20(adjective).mp3
Reusing existing connection to www.voanews.com:80.
HTTP request sent, awaiting response... 200 OK
Length: 80928 (79K) [audio/mpeg]
Saving to: ‘strange (adjective).mp3’

     0K .......... .......... .......... .......... .......... 63%  998K 0s
    50K .......... .......... .........                       100% 1.82M=0.07s

2016-10-07 17:55:52 (1.18 MB/s) - ‘strange (adjective).mp3’ saved [80928/80928]

--2016-10-07 17:55:52--  http://www.voanews.com/MediaAssets2/classroom/interactive_learning/interactive_wordbook/deploy/audio/strike%20(verb).mp3
Reusing existing connection to www.voanews.com:80.
HTTP request sent, awaiting response... 200 OK
Length: 119376 (117K) [audio/mpeg]
Saving to: ‘strike (verb).mp3’

     0K .......... .......... .......... .......... .......... 42%  691K 0s
    50K .......... .......... .......... .......... .......... 85%  670K 0s
   100K .......... ......                                     100% 2.71M=0.2s

2016-10-07 17:55:52 (762 KB/s) - ‘strike (verb).mp3’ saved [119376/119376]

--2016-10-07 17:55:52--  http://www.voanews.com/MediaAssets2/classroom/interactive_learning/interactive_wordbook/deploy/audio/succeed%20(verb).mp3
Reusing existing connection to www.voanews.com:80.
HTTP request sent, awaiting response... 200 OK
Length: 87120 (85K) [audio/mpeg]
Saving to: ‘succeed (verb).mp3’

     0K .......... .......... .......... .......... .......... 58% 1019K 0s
    50K .......... .......... .......... .....                100% 1.04M=0.08s

2016-10-07 17:55:53 (1.01 MB/s) - ‘succeed (verb).mp3’ saved [87120/87120]

--2016-10-07 17:55:53--  http://www.voanews.com/MediaAssets2/classroom/interactive_learning/interactive_wordbook/deploy/audio/suffer%20(verb).mp3
Reusing existing connection to www.voanews.com:80.
HTTP request sent, awaiting response... 200 OK
Length: 90720 (89K) [audio/mpeg]
Saving to: ‘suffer (verb).mp3’

     0K .......... .......... .......... .......... .......... 56% 1.16M 0s
    50K .......... .......... .......... ........             100%  988K=0.08s

2016-10-07 17:55:53 (1.06 MB/s) - ‘suffer (verb).mp3’ saved [90720/90720]

--2016-10-07 17:55:53--  http://www.voanews.com/MediaAssets2/classroom/interactive_learning/interactive_wordbook/deploy/audio/supervise%20(verb).mp3
Reusing existing connection to www.voanews.com:80.
HTTP request sent, awaiting response... 200 OK
Length: 97776 (95K) [audio/mpeg]
Saving to: ‘supervise (verb).mp3’

     0K .......... .......... .......... .......... .......... 52% 1006K 0s
    50K .......... .......... .......... .......... .....     100%  861K=0.1s

2016-10-07 17:55:54 (932 KB/s) - ‘supervise (verb).mp3’ saved [97776/97776]

--2016-10-07 17:55:54--  http://www.voanews.com/MediaAssets2/classroom/interactive_learning/interactive_wordbook/deploy/audio/surprise%20(verb).mp3
Reusing existing connection to www.voanews.com:80.
HTTP request sent, awaiting response... 200 OK
Length: 84528 (83K) [audio/mpeg]
Saving to: ‘surprise (verb).mp3’

     0K .......... .......... .......... .......... .......... 60% 1.08M 0s
    50K .......... .......... .......... ..                   100% 2.17M=0.06s

2016-10-07 17:55:55 (1.34 MB/s) - ‘surprise (verb).mp3’ saved [84528/84528]

--2016-10-07 17:55:55--  http://www.voanews.com/MediaAssets2/classroom/interactive_learning/interactive_wordbook/deploy/audio/survive%20(verb).mp3
Reusing existing connection to www.voanews.com:80.
HTTP request sent, awaiting response... 200 OK
Length: 90576 (88K) [audio/mpeg]
Saving to: ‘survive (verb).mp3’

     0K .......... .......... .......... .......... .......... 56%  603K 0s
    50K .......... .......... .......... ........             100% 3.36M=0.09s

2016-10-07 17:55:55 (940 KB/s) - ‘survive (verb).mp3’ saved [90576/90576]

--2016-10-07 17:55:55--  http://www.voanews.com/MediaAssets2/classroom/interactive_learning/interactive_wordbook/deploy/audio/suspect%20(verb).mp3
Reusing existing connection to www.voanews.com:80.
HTTP request sent, awaiting response... 200 OK
Length: 93168 (91K) [audio/mpeg]
Saving to: ‘suspect (verb).mp3’

     0K .......... .......... .......... .......... .......... 54% 1.05M 0s
    50K .......... .......... .......... ..........           100% 1.14M=0.08s

2016-10-07 17:55:55 (1.09 MB/s) - ‘suspect (verb).mp3’ saved [93168/93168]

--2016-10-07 17:55:55--  http://www.voanews.com/MediaAssets2/classroom/interactive_learning/interactive_wordbook/deploy/audio/suspect%20(noun).mp3
Reusing existing connection to www.voanews.com:80.
HTTP request sent, awaiting response... 200 OK
Length: 68832 (67K) [audio/mpeg]
Saving to: ‘suspect (noun).mp3’

     0K .......... .......... .......... .......... .......... 74% 1.57M 0s
    50K .......... .......                                    100% 2.95M=0.04s

2016-10-07 17:55:56 (1.78 MB/s) - ‘suspect (noun).mp3’ saved [68832/68832]

--2016-10-07 17:55:56--  http://www.voanews.com/MediaAssets2/classroom/interactive_learning/interactive_wordbook/deploy/audio/share%20(verb).mp3
Reusing existing connection to www.voanews.com:80.
HTTP request sent, awaiting response... 200 OK
Length: 83664 (82K) [audio/mpeg]
Saving to: ‘share (verb).mp3’

     0K .......... .......... .......... .......... .......... 61%  890K 0s
    50K .......... .......... .......... .                    100% 1.26M=0.08s

2016-10-07 17:55:57 (1012 KB/s) - ‘share (verb).mp3’ saved [83664/83664]

--2016-10-07 17:55:57--  http://www.voanews.com/MediaAssets2/classroom/interactive_learning/interactive_wordbook/deploy/audio/shout%20(verb).mp3
Reusing existing connection to www.voanews.com:80.
HTTP request sent, awaiting response... 200 OK
Length: 82512 (81K) [audio/mpeg]
Saving to: ‘shout (verb).mp3’

     0K .......... .......... .......... .......... .......... 62% 1.29M 0s
    50K .......... .......... ..........                      100% 2.28M=0.05s

2016-10-07 17:55:57 (1.55 MB/s) - ‘shout (verb).mp3’ saved [82512/82512]

--2016-10-07 17:55:57--  http://www.voanews.com/MediaAssets2/classroom/interactive_learning/interactive_wordbook/deploy/audio/space%20(noun).mp3
Reusing existing connection to www.voanews.com:80.
HTTP request sent, awaiting response... 200 OK
Length: 118512 (116K) [audio/mpeg]
Saving to: ‘space (noun).mp3’

     0K .......... .......... .......... .......... .......... 43% 1.11M 0s
    50K .......... .......... .......... .......... .......... 86% 1.54M 0s
   100K .......... .....                                      100%  767K=0.1s

2016-10-07 17:55:58 (1.17 MB/s) - ‘space (noun).mp3’ saved [118512/118512]

--2016-10-07 17:55:58--  http://www.voanews.com/MediaAssets2/classroom/interactive_learning/interactive_wordbook/deploy/audio/spend%20(verb).mp3
Reusing existing connection to www.voanews.com:80.
HTTP request sent, awaiting response... 200 OK
Length: 109872 (107K) [audio/mpeg]
Saving to: ‘spend (verb).mp3’

     0K .......... .......... .......... .......... .......... 46% 1.43M 0s
    50K .......... .......... .......... .......... .......... 93%  886K 0s
   100K .......                                               100% 10.2M=0.09s

2016-10-07 17:55:58 (1.15 MB/s) - ‘spend (verb).mp3’ saved [109872/109872]

--2016-10-07 17:55:58--  http://www.voanews.com/MediaAssets2/classroom/interactive_learning/interactive_wordbook/deploy/audio/statue%20(noun).mp3
Reusing existing connection to www.voanews.com:80.
HTTP request sent, awaiting response... 200 OK
Length: 90720 (89K) [audio/mpeg]
Saving to: ‘statue (noun).mp3’

     0K .......... .......... .......... .......... .......... 56% 2.33M 0s
    50K .......... .......... .......... ........             100%  891K=0.06s

2016-10-07 17:55:59 (1.35 MB/s) - ‘statue (noun).mp3’ saved [90720/90720]

--2016-10-07 17:55:59--  http://www.voanews.com/MediaAssets2/classroom/interactive_learning/interactive_wordbook/deploy/audio/structure%20(noun).mp3
Reusing existing connection to www.voanews.com:80.
HTTP request sent, awaiting response... 200 OK
Length: 104544 (102K) [audio/mpeg]
Saving to: ‘structure (noun).mp3’

     0K .......... .......... .......... .......... .......... 48% 1.29M 0s
    50K .......... .......... .......... .......... .......... 97% 1.32M 0s
   100K ..                                                    100% 3994G=0.07s

2016-10-07 17:55:59 (1.33 MB/s) - ‘structure (noun).mp3’ saved [104544/104544]

--2016-10-07 17:55:59--  http://www.voanews.com/MediaAssets2/classroom/interactive_learning/interactive_wordbook/deploy/audio/struggle%20(verb).mp3
Reusing existing connection to www.voanews.com:80.
HTTP request sent, awaiting response... 200 OK
Length: 79632 (78K) [audio/mpeg]
Saving to: ‘struggle (verb).mp3’

     0K .......... .......... .......... .......... .......... 64% 1.13M 0s
    50K .......... .......... .......                         100%  975K=0.07s

2016-10-07 17:55:59 (1.06 MB/s) - ‘struggle (verb).mp3’ saved [79632/79632]

--2016-10-07 17:55:59--  http://www.voanews.com/MediaAssets2/classroom/interactive_learning/interactive_wordbook/deploy/audio/subject%20(noun).mp3
Reusing existing connection to www.voanews.com:80.
HTTP request sent, awaiting response... 200 OK
Length: 82224 (80K) [audio/mpeg]
Saving to: ‘subject (noun).mp3’

     0K .......... .......... .......... .......... .......... 62% 1.87M 0s
    50K .......... .......... ..........                      100% 2.64M=0.04s

2016-10-07 17:56:00 (2.10 MB/s) - ‘subject (noun).mp3’ saved [82224/82224]

--2016-10-07 17:56:00--  http://www.voanews.com/MediaAssets2/classroom/interactive_learning/interactive_wordbook/deploy/audio/tall%20(adjective).mp3
Reusing existing connection to www.voanews.com:80.
HTTP request sent, awaiting response... 200 OK
Length: 335621 (328K) [audio/mpeg]
Saving to: ‘tall (adjective).mp3’

     0K .......... .......... .......... .......... .......... 15%  135K 2s
    50K .......... .......... .......... .......... .......... 30%  175K 1s
   100K .......... .......... .......... .......... .......... 45% 79.3K 2s
   150K .......... .......... .......... .......... .......... 61% 84.6K 1s
   200K .......... .......... .......... .......... .......... 76% 83.4K 1s
   250K .......... .......... .......... .......... .......... 91%  152K 0s
   300K .......... .......... .......                         100%  679K=2.8s

2016-10-07 17:56:03 (115 KB/s) - ‘tall (adjective).mp3’ saved [335621/335621]

--2016-10-07 17:56:03--  http://www.voanews.com/MediaAssets2/classroom/interactive_learning/interactive_wordbook/deploy/audio/target%20(noun).mp3
Reusing existing connection to www.voanews.com:80.
HTTP request sent, awaiting response... 200 OK
Length: 448888 (438K) [audio/mpeg]
Saving to: ‘target (noun).mp3’

     0K .......... .......... .......... .......... .......... 11% 1.55M 0s
    50K .......... .......... .......... .......... .......... 22%  477K 0s
   100K .......... .......... .......... .......... .......... 34%  846K 0s
   150K .......... .......... .......... .......... .......... 45% 1.68M 0s
   200K .......... .......... .......... .......... .......... 57% 1.37M 0s
   250K .......... .......... .......... .......... .......... 68%  922K 0s
   300K .......... .......... .......... .......... .......... 79%  602K 0s
   350K .......... .......... .......... .......... .......... 91% 1.22M 0s
   400K .......... .......... .......... ........             100%  894K=0.5s

2016-10-07 17:56:04 (913 KB/s) - ‘target (noun).mp3’ saved [448888/448888]

--2016-10-07 17:56:04--  http://www.voanews.com/MediaAssets2/classroom/interactive_learning/interactive_wordbook/deploy/audio/taste%20(verb).mp3
Reusing existing connection to www.voanews.com:80.
HTTP request sent, awaiting response... 200 OK
Length: 308872 (302K) [audio/mpeg]
Saving to: ‘taste (verb).mp3’

     0K .......... .......... .......... .......... .......... 16% 1.04M 0s
    50K .......... .......... .......... .......... .......... 33%  750K 0s
   100K .......... .......... .......... .......... .......... 49%  579K 0s
   150K .......... .......... .......... .......... .......... 66%  536K 0s
   200K .......... .......... .......... .......... .......... 82%  949K 0s
   250K .......... .......... .......... .......... .......... 99%  824K 0s
   300K .                                                     100% 3114G=0.4s

2016-10-07 17:56:05 (742 KB/s) - ‘taste (verb).mp3’ saved [308872/308872]

--2016-10-07 17:56:05--  http://www.voanews.com/MediaAssets2/classroom/interactive_learning/interactive_wordbook/deploy/audio/tax%20(noun).mp3
Reusing existing connection to www.voanews.com:80.
HTTP request sent, awaiting response... 200 OK
Length: 437185 (427K) [audio/mpeg]
Saving to: ‘tax (noun).mp3’

     0K .......... .......... .......... .......... .......... 11%  926K 0s
    50K .......... .......... .......... .......... .......... 23% 1.18M 0s
   100K .......... .......... .......... .......... .......... 35% 1.71M 0s
   150K .......... .......... .......... .......... .......... 46%  722K 0s
   200K .......... .......... .......... .......... .......... 58% 1.14M 0s
   250K .......... .......... .......... .......... .......... 70% 1.32M 0s
   300K .......... .......... .......... .......... .......... 81% 1.08M 0s
   350K .......... .......... .......... .......... .......... 93%  978K 0s
   400K .......... .......... ......                          100%  267K=0.5s

2016-10-07 17:56:06 (908 KB/s) - ‘tax (noun).mp3’ saved [437185/437185]

--2016-10-07 17:56:06--  http://www.voanews.com/MediaAssets2/classroom/interactive_learning/interactive_wordbook/deploy/audio/team%20(noun).mp3
Reusing existing connection to www.voanews.com:80.
HTTP request sent, awaiting response... 200 OK
Length: 379089 (370K) [audio/mpeg]
Saving to: ‘team (noun).mp3’

     0K .......... .......... .......... .......... .......... 13% 1.54M 0s
    50K .......... .......... .......... .......... .......... 27%  775K 0s
   100K .......... .......... .......... .......... .......... 40% 1.14M 0s
   150K .......... .......... .......... .......... .......... 54%  886K 0s
   200K .......... .......... .......... .......... .......... 67% 1.16M 0s
   250K .......... .......... .......... .......... .......... 81%  731K 0s
   300K .......... .......... .......... .......... .......... 94% 1.18M 0s
   350K .......... ..........                                 100%  350K=0.4s

2016-10-07 17:56:06 (914 KB/s) - ‘team (noun).mp3’ saved [379089/379089]

--2016-10-07 17:56:06--  http://www.voanews.com/MediaAssets2/classroom/interactive_learning/interactive_wordbook/deploy/audio/tear%20(verb).mp3
Reusing existing connection to www.voanews.com:80.
HTTP request sent, awaiting response... 200 OK
Length: 331860 (324K) [audio/mpeg]
Saving to: ‘tear (verb).mp3’

     0K .......... .......... .......... .......... .......... 15% 1.11M 0s
    50K .......... .......... .......... .......... .......... 30%  582K 0s
   100K .......... .......... .......... .......... .......... 46%  640K 0s
   150K .......... .......... .......... .......... .......... 61%  791K 0s
   200K .......... .......... .......... .......... .......... 77%  635K 0s
   250K .......... .......... .......... .......... .......... 92%  535K 0s
   300K .......... .......... ....                            100%  353K=0.5s

2016-10-07 17:56:07 (633 KB/s) - ‘tear (verb).mp3’ saved [331860/331860]

--2016-10-07 17:56:07--  http://www.voanews.com/MediaAssets2/classroom/interactive_learning/interactive_wordbook/deploy/audio/technical%20(adjective).mp3
Reusing existing connection to www.voanews.com:80.
HTTP request sent, awaiting response... 200 OK
Length: 417959 (408K) [audio/mpeg]
Saving to: ‘technical (adjective).mp3’

     0K .......... .......... .......... .......... .......... 12% 1.05M 0s
    50K .......... .......... .......... .......... .......... 24% 1.12M 0s
   100K .......... .......... .......... .......... .......... 36%  414K 0s
   150K .......... .......... .......... .......... .......... 49%  668K 0s
   200K .......... .......... .......... .......... .......... 61%  577K 0s
   250K .......... .......... .......... .......... .......... 73% 1.23M 0s
   300K .......... .......... .......... .......... .......... 85%  912K 0s
   350K .......... .......... .......... .......... .......... 98% 1.31M 0s
   400K ........                                              100%  903K=0.5s

2016-10-07 17:56:08 (795 KB/s) - ‘technical (adjective).mp3’ saved [417959/417959]

--2016-10-07 17:56:08--  http://www.voanews.com/MediaAssets2/classroom/interactive_learning/interactive_wordbook/deploy/audio/telescope%20(noun).mp3
Reusing existing connection to www.voanews.com:80.
HTTP request sent, awaiting response... 200 OK
Length: 333531 (326K) [audio/mpeg]
Saving to: ‘telescope (noun).mp3’

     0K .......... .......... .......... .......... .......... 15% 1.39M 0s
    50K .......... .......... .......... .......... .......... 30% 1.46M 0s
   100K .......... .......... .......... .......... .......... 46% 1022K 0s
   150K .......... .......... .......... .......... .......... 61%  972K 0s
   200K .......... .......... .......... .......... .......... 76%  822K 0s
   250K .......... .......... .......... .......... .......... 92%  232K 0s
   300K .......... .......... .....                           100% 1.04M=0.5s

2016-10-07 17:56:09 (694 KB/s) - ‘telescope (noun).mp3’ saved [333531/333531]

--2016-10-07 17:56:09--  http://www.voanews.com/MediaAssets2/classroom/interactive_learning/interactive_wordbook/deploy/audio/temperature%20(noun).mp3
Reusing existing connection to www.voanews.com:80.
HTTP request sent, awaiting response... 200 OK
Length: 92880 (91K) [audio/mpeg]
Saving to: ‘temperature (noun).mp3’

     0K .......... .......... .......... .......... .......... 55%  793K 0s
    50K .......... .......... .......... ..........           100%  636K=0.1s

2016-10-07 17:56:09 (714 KB/s) - ‘temperature (noun).mp3’ saved [92880/92880]

--2016-10-07 17:56:09--  http://www.voanews.com/MediaAssets2/classroom/interactive_learning/interactive_wordbook/deploy/audio/temporary%20(adjective).mp3
Reusing existing connection to www.voanews.com:80.
HTTP request sent, awaiting response... 200 OK
Length: 368640 (360K) [audio/mpeg]
Saving to: ‘temporary (adjective).mp3’

     0K .......... .......... .......... .......... .......... 13%  713K 0s
    50K .......... .......... .......... .......... .......... 27%  900K 0s
   100K .......... .......... .......... .......... .......... 41%  599K 0s
   150K .......... .......... .......... .......... .......... 55%  673K 0s
   200K .......... .......... .......... .......... .......... 69% 1.08M 0s
   250K .......... .......... .......... .......... .......... 83%  685K 0s
   300K .......... .......... .......... .......... .......... 97% 1.10M 0s
   350K ..........                                            100%  261K=0.5s

2016-10-07 17:56:10 (743 KB/s) - ‘temporary (adjective).mp3’ saved [368640/368640]

--2016-10-07 17:56:10--  http://www.voanews.com/MediaAssets2/classroom/interactive_learning/interactive_wordbook/deploy/audio/tense%20(adjective).mp3
Reusing existing connection to www.voanews.com:80.
HTTP request sent, awaiting response... 200 OK
Length: 325590 (318K) [audio/mpeg]
Saving to: ‘tense (adjective).mp3’

     0K .......... .......... .......... .......... .......... 15%  706K 0s
    50K .......... .......... .......... .......... .......... 31%  829K 0s
   100K .......... .......... .......... .......... .......... 47%  600K 0s
   150K .......... .......... .......... .......... .......... 62%  697K 0s
   200K .......... .......... .......... .......... .......... 78%  737K 0s
   250K .......... .......... .......... .......... .......... 94%  614K 0s
   300K .......... .......                                    100%  389K=0.5s

2016-10-07 17:56:11 (660 KB/s) - ‘tense (adjective).mp3’ saved [325590/325590]

--2016-10-07 17:56:11--  http://www.voanews.com/MediaAssets2/classroom/interactive_learning/interactive_wordbook/deploy/audio/term%20(noun).mp3
Reusing existing connection to www.voanews.com:80.
HTTP request sent, awaiting response... 200 OK
Length: 426318 (416K) [audio/mpeg]
Saving to: ‘term (noun).mp3’

     0K .......... .......... .......... .......... .......... 12% 1.16M 0s
    50K .......... .......... .......... .......... .......... 24%  466K 0s
   100K .......... .......... .......... .......... .......... 36%  791K 0s
   150K .......... .......... .......... .......... .......... 48%  734K 0s
   200K .......... .......... .......... .......... .......... 60% 1.08M 0s
   250K .......... .......... .......... .......... .......... 72%  552K 0s
   300K .......... .......... .......... .......... .......... 84%  658K 0s
   350K .......... .......... .......... .......... .......... 96%  708K 0s
   400K .......... ......                                     100%  308K=0.6s

2016-10-07 17:56:12 (676 KB/s) - ‘term (noun).mp3’ saved [426318/426318]

--2016-10-07 17:56:12--  http://www.voanews.com/MediaAssets2/classroom/interactive_learning/interactive_wordbook/deploy/audio/terrible%20(adjective).mp3
Reusing existing connection to www.voanews.com:80.
HTTP request sent, awaiting response... 200 OK
Length: 314723 (307K) [audio/mpeg]
Saving to: ‘terrible (adjective).mp3’

     0K .......... .......... .......... .......... .......... 16%  624K 0s
    50K .......... .......... .......... .......... .......... 32%  987K 0s
   100K .......... .......... .......... .......... .......... 48% 1.18M 0s
   150K .......... .......... .......... .......... .......... 65% 1021K 0s
   200K .......... .......... .......... .......... .......... 81% 2.05M 0s
   250K .......... .......... .......... .......... .......... 97% 1.11M 0s
   300K .......                                               100% 2.85M=0.3s

2016-10-07 17:56:13 (1.03 MB/s) - ‘terrible (adjective).mp3’ saved [314723/314723]

--2016-10-07 17:56:13--  http://www.voanews.com/MediaAssets2/classroom/interactive_learning/interactive_wordbook/deploy/audio/territory%20(noun).mp3
Reusing existing connection to www.voanews.com:80.
HTTP request sent, awaiting response... 200 OK
Length: 329770 (322K) [audio/mpeg]
Saving to: ‘territory (noun).mp3’

     0K .......... .......... .......... .......... .......... 15% 3.02M 0s
    50K .......... .......... .......... .......... .......... 31% 1.22M 0s
   100K .......... .......... .......... .......... .......... 46%  706K 0s
   150K .......... .......... .......... .......... .......... 62% 1.78M 0s
   200K .......... .......... .......... .......... .......... 77%  950K 0s
   250K .......... .......... .......... .......... .......... 93% 34.2K 0s
   300K .......... .......... ..                              100% 1.36M=1.7s

2016-10-07 17:56:15 (191 KB/s) - ‘territory (noun).mp3’ saved [329770/329770]

--2016-10-07 17:56:15--  http://www.voanews.com/MediaAssets2/classroom/interactive_learning/interactive_wordbook/deploy/audio/terror%20(noun).mp3
Reusing existing connection to www.voanews.com:80.
HTTP request sent, awaiting response... 200 OK
Length: 358191 (350K) [audio/mpeg]
Saving to: ‘terror (noun).mp3’

     0K .......... .......... .......... .......... .......... 14%  872K 0s
    50K .......... .......... .......... .......... .......... 28%  902K 0s
   100K .......... .......... .......... .......... .......... 42%  880K 0s
   150K .......... .......... .......... .......... .......... 57%  503K 0s
   200K .......... .......... .......... .......... .......... 71%  623K 0s
   250K .......... .......... .......... .......... .......... 85%  610K 0s
   300K .......... .......... .......... .......... ......... 100%  794K=0.5s

2016-10-07 17:56:15 (708 KB/s) - ‘terror (noun).mp3’ saved [358191/358191]

--2016-10-07 17:56:15--  http://www.voanews.com/MediaAssets2/classroom/interactive_learning/interactive_wordbook/deploy/audio/terrorist%20(noun).mp3
Reusing existing connection to www.voanews.com:80.
HTTP request sent, awaiting response... 200 OK
Length: 351504 (343K) [audio/mpeg]
Saving to: ‘terrorist (noun).mp3’

     0K .......... .......... .......... .......... .......... 14%  977K 0s
    50K .......... .......... .......... .......... .......... 29%  571K 0s
   100K .......... .......... .......... .......... .......... 43%  787K 0s
   150K .......... .......... .......... .......... .......... 58%  738K 0s
   200K .......... .......... .......... .......... .......... 72%  751K 0s
   250K .......... .......... .......... .......... .......... 87%  572K 0s
   300K .......... .......... .......... .......... ...       100%  844K=0.5s

2016-10-07 17:56:16 (722 KB/s) - ‘terrorist (noun).mp3’ saved [351504/351504]

--2016-10-07 17:56:16--  http://www.voanews.com/MediaAssets2/classroom/interactive_learning/interactive_wordbook/deploy/audio/theater%20(noun).mp3
Reusing existing connection to www.voanews.com:80.
HTTP request sent, awaiting response... 200 OK
Length: 388702 (380K) [audio/mpeg]
Saving to: ‘theater (noun).mp3’

     0K .......... .......... .......... .......... .......... 13%  671K 0s
    50K .......... .......... .......... .......... .......... 26%  539K 0s
   100K .......... .......... .......... .......... .......... 39%  774K 0s
   150K .......... .......... .......... .......... .......... 52%  806K 0s
   200K .......... .......... .......... .......... .......... 65%  654K 0s
   250K .......... .......... .......... .......... .......... 79%  663K 0s
   300K .......... .......... .......... .......... .......... 92%  924K 0s
   350K .......... .......... .........                       100%  599K=0.5s

2016-10-07 17:56:17 (691 KB/s) - ‘theater (noun).mp3’ saved [388702/388702]

--2016-10-07 17:56:17--  http://www.voanews.com/MediaAssets2/classroom/interactive_learning/interactive_wordbook/deploy/audio/theory%20(noun).mp3
Reusing existing connection to www.voanews.com:80.
HTTP request sent, awaiting response... 200 OK
Length: 433006 (423K) [audio/mpeg]
Saving to: ‘theory (noun).mp3’

     0K .......... .......... .......... .......... .......... 11%  613K 1s
    50K .......... .......... .......... .......... .......... 23%  672K 1s
   100K .......... .......... .......... .......... .......... 35%  810K 0s
   150K .......... .......... .......... .......... .......... 47%  606K 0s
   200K .......... .......... .......... .......... .......... 59%  668K 0s
   250K .......... .......... .......... .......... .......... 70%  599K 0s
   300K .......... .......... .......... .......... .......... 82% 1.06M 0s
   350K .......... .......... .......... .......... .......... 94%  445K 0s
   400K .......... .......... ..                              100% 2.92M=0.6s

2016-10-07 17:56:18 (677 KB/s) - ‘theory (noun).mp3’ saved [433006/433006]

--2016-10-07 17:56:18--  http://www.voanews.com/MediaAssets2/classroom/interactive_learning/interactive_wordbook/deploy/audio/these%20(adjective).mp3
Reusing existing connection to www.voanews.com:80.
HTTP request sent, awaiting response... 200 OK
Length: 333113 (325K) [audio/mpeg]
Saving to: ‘these (adjective).mp3’

     0K .......... .......... .......... .......... .......... 15% 1.13M 0s
    50K .......... .......... .......... .......... .......... 30%  898K 0s
   100K .......... .......... .......... .......... .......... 46% 1.48M 0s
   150K .......... .......... .......... .......... .......... 61% 1.43M 0s
   200K .......... .......... .......... .......... .......... 76% 1022K 0s
   250K .......... .......... .......... .......... .......... 92% 1.24M 0s
   300K .......... .......... .....                           100%  805K=0.3s

2016-10-07 17:56:19 (1.11 MB/s) - ‘these (adjective).mp3’ saved [333113/333113]

--2016-10-07 17:56:19--  http://www.voanews.com/MediaAssets2/classroom/interactive_learning/interactive_wordbook/deploy/audio/thick%20(adjective).mp3
Reusing existing connection to www.voanews.com:80.
HTTP request sent, awaiting response... 200 OK
Length: 591412 (578K) [audio/mpeg]
Saving to: ‘thick (adjective).mp3’

     0K .......... .......... .......... .......... ..........  8% 2.83M 0s
    50K .......... .......... .......... .......... .......... 17% 1.01M 0s
   100K .......... .......... .......... .......... .......... 25% 1.42M 0s
   150K .......... .......... .......... .......... .......... 34% 1.69M 0s
   200K .......... .......... .......... .......... .......... 43% 1.98M 0s
   250K .......... .......... .......... .......... .......... 51% 1.02M 0s
   300K .......... .......... .......... .......... .......... 60% 1.54M 0s
   350K .......... .......... .......... .......... .......... 69% 1.40M 0s
   400K .......... .......... .......... .......... .......... 77% 1.39M 0s
   450K .......... .......... .......... .......... .......... 86% 1.84M 0s
   500K .......... .......... .......... .......... .......... 95%  859K 0s
   550K .......... .......... .......                         100%  866K=0.4s

2016-10-07 17:56:20 (1.34 MB/s) - ‘thick (adjective).mp3’ saved [591412/591412]

--2016-10-07 17:56:20--  http://www.voanews.com/MediaAssets2/classroom/interactive_learning/interactive_wordbook/deploy/audio/thin%20(adjective).mp3
Reusing existing connection to www.voanews.com:80.
HTTP request sent, awaiting response... 200 OK
Length: 486504 (475K) [audio/mpeg]
Saving to: ‘thin (adjective).mp3’

     0K .......... .......... .......... .......... .......... 10% 1.30M 0s
    50K .......... .......... .......... .......... .......... 21%  841K 0s
   100K .......... .......... .......... .......... .......... 31%  755K 0s
   150K .......... .......... .......... .......... .......... 42% 1.08M 0s
   200K .......... .......... .......... .......... .......... 52%  756K 0s
   250K .......... .......... .......... .......... .......... 63%  532K 0s
   300K .......... .......... .......... .......... .......... 73%  731K 0s
   350K .......... .......... .......... .......... .......... 84%  962K 0s
   400K .......... .......... .......... .......... .......... 94%  755K 0s
   450K .......... .......... .....                           100%  756K=0.6s

2016-10-07 17:56:21 (807 KB/s) - ‘thin (adjective).mp3’ saved [486504/486504]

--2016-10-07 17:56:21--  http://www.voanews.com/MediaAssets2/classroom/interactive_learning/interactive_wordbook/deploy/audio/through%20(preposition).mp3
Reusing existing connection to www.voanews.com:80.
HTTP request sent, awaiting response... 200 OK
Length: 328934 (321K) [audio/mpeg]
Saving to: ‘through (preposition).mp3’

     0K .......... .......... .......... .......... .......... 15% 1.10M 0s
    50K .......... .......... .......... .......... .......... 31%  787K 0s
   100K .......... .......... .......... .......... .......... 46% 1.03M 0s
   150K .......... .......... .......... .......... .......... 62%  417K 0s
   200K .......... .......... .......... .......... .......... 77%  748K 0s
   250K .......... .......... .......... .......... .......... 93% 1.44M 0s
   300K .......... .......... .                               100%  802K=0.4s

2016-10-07 17:56:21 (798 KB/s) - ‘through (preposition).mp3’ saved [328934/328934]

--2016-10-07 17:56:21--  http://www.voanews.com/MediaAssets2/classroom/interactive_learning/interactive_wordbook/deploy/audio/throw%20(verb).mp3
Reusing existing connection to www.voanews.com:80.
HTTP request sent, awaiting response... 200 OK
Length: 295915 (289K) [audio/mpeg]
Saving to: ‘throw (verb).mp3’

     0K .......... .......... .......... .......... .......... 17%  229K 1s
    50K .......... .......... .......... .......... .......... 34%  771K 1s
   100K .......... .......... .......... .......... .......... 51%  776K 0s
   150K .......... .......... .......... .......... .......... 69% 1.06M 0s
   200K .......... .......... .......... .......... .......... 86% 1.02M 0s
   250K .......... .......... .......... ........             100%  576K=0.5s

2016-10-07 17:56:22 (567 KB/s) - ‘throw (verb).mp3’ saved [295915/295915]

--2016-10-07 17:56:22--  http://www.voanews.com/MediaAssets2/classroom/interactive_learning/interactive_wordbook/deploy/audio/tie%20(verb).mp3
Reusing existing connection to www.voanews.com:80.
HTTP request sent, awaiting response... 200 OK
Length: 386194 (377K) [audio/mpeg]
Saving to: ‘tie (verb).mp3’

     0K .......... .......... .......... .......... .......... 13%  505K 1s
    50K .......... .......... .......... .......... .......... 26%  735K 0s
   100K .......... .......... .......... .......... .......... 39% 1.02M 0s
   150K .......... .......... .......... .......... .......... 53%  658K 0s
   200K .......... .......... .......... .......... .......... 66%  498K 0s
   250K .......... .......... .......... .......... .......... 79%  513K 0s
   300K .......... .......... .......... .......... .......... 92%  529K 0s
   350K .......... .......... .......                         100%  458K=0.6s

2016-10-07 17:56:23 (587 KB/s) - ‘tie (verb).mp3’ saved [386194/386194]

--2016-10-07 17:56:23--  http://www.voanews.com/MediaAssets2/classroom/interactive_learning/interactive_wordbook/deploy/audio/tie%20(noun).mp3
Reusing existing connection to www.voanews.com:80.
HTTP request sent, awaiting response... 200 OK
Length: 461427 (451K) [audio/mpeg]
Saving to: ‘tie (noun).mp3’

     0K .......... .......... .......... .......... .......... 11%  547K 1s
    50K .......... .......... .......... .......... .......... 22%  877K 1s
   100K .......... .......... .......... .......... .......... 33%  320K 1s
   150K .......... .......... .......... .......... .......... 44%  511K 1s
   200K .......... .......... .......... .......... .......... 55%  860K 0s
   250K .......... .......... .......... .......... .......... 66%  373K 0s
   300K .......... .......... .......... .......... .......... 77%  967K 0s
   350K .......... .......... .......... .......... .......... 88%  906K 0s
   400K .......... .......... .......... .......... .......... 99% 1021K 0s
   450K                                                       100% 1168G=0.8s

2016-10-07 17:56:24 (600 KB/s) - ‘tie (noun).mp3’ saved [461427/461427]

--2016-10-07 17:56:24--  http://www.voanews.com/MediaAssets2/classroom/interactive_learning/interactive_wordbook/deploy/audio/tissue%20(noun).mp3
Reusing existing connection to www.voanews.com:80.
HTTP request sent, awaiting response... 200 OK
Length: 404167 (395K) [audio/mpeg]
Saving to: ‘tissue (noun).mp3’

     0K .......... .......... .......... .......... .......... 12%  840K 0s
    50K .......... .......... .......... .......... .......... 25%  742K 0s
   100K .......... .......... .......... .......... .......... 38%  965K 0s
   150K .......... .......... .......... .......... .......... 50%  804K 0s
   200K .......... .......... .......... .......... .......... 63% 1.18M 0s
   250K .......... .......... .......... .......... .......... 76%  530K 0s
   300K .......... .......... .......... .......... .......... 88%  660K 0s
   350K .......... .......... .......... .......... ....      100% 1.53M=0.5s

2016-10-07 17:56:25 (821 KB/s) - ‘tissue (noun).mp3’ saved [404167/404167]

--2016-10-07 17:56:25--  http://www.voanews.com/MediaAssets2/classroom/interactive_learning/interactive_wordbook/deploy/audio/tool%20(noun).mp3
Reusing existing connection to www.voanews.com:80.
HTTP request sent, awaiting response... 200 OK
Length: 445962 (436K) [audio/mpeg]
Saving to: ‘tool (noun).mp3’

     0K .......... .......... .......... .......... .......... 11%  958K 0s
    50K .......... .......... .......... .......... .......... 22% 1.31M 0s
   100K .......... .......... .......... .......... .......... 34%  377K 0s
   150K .......... .......... .......... .......... .......... 45% 1.23M 0s
   200K .......... .......... .......... .......... .......... 57% 1.01M 0s
   250K .......... .......... .......... .......... .......... 68% 1022K 0s
   300K .......... .......... .......... .......... .......... 80%  803K 0s
   350K .......... .......... .......... .......... .......... 91% 1.07M 0s
   400K .......... .......... .......... .....                100% 1.36M=0.5s

2016-10-07 17:56:26 (885 KB/s) - ‘tool (noun).mp3’ saved [445962/445962]

--2016-10-07 17:56:26--  http://www.voanews.com/MediaAssets2/classroom/interactive_learning/interactive_wordbook/deploy/audio/top%20(noun).mp3
Reusing existing connection to www.voanews.com:80.
HTTP request sent, awaiting response... 200 OK
Length: 353176 (345K) [audio/mpeg]
Saving to: ‘top (noun).mp3’

     0K .......... .......... .......... .......... .......... 14% 1.41M 0s
    50K .......... .......... .......... .......... .......... 28%  585K 0s
   100K .......... .......... .......... .......... .......... 43%  981K 0s
   150K .......... .......... .......... .......... .......... 57%  680K 0s
   200K .......... .......... .......... .......... .......... 72%  710K 0s
   250K .......... .......... .......... .......... .......... 86%  828K 0s
   300K .......... .......... .......... .......... ....      100%  874K=0.4s

2016-10-07 17:56:27 (808 KB/s) - ‘top (noun).mp3’ saved [353176/353176]

--2016-10-07 17:56:27--  http://www.voanews.com/MediaAssets2/classroom/interactive_learning/interactive_wordbook/deploy/audio/torture%20(verb).mp3
Reusing existing connection to www.voanews.com:80.
HTTP request sent, awaiting response... 200 OK
Length: 422139 (412K) [audio/mpeg]
Saving to: ‘torture (verb).mp3’

     0K .......... .......... .......... .......... .......... 12%  703K 1s
    50K .......... .......... .......... .......... .......... 24%  746K 0s
   100K .......... .......... .......... .......... .......... 36%  819K 0s
   150K .......... .......... .......... .......... .......... 48%  941K 0s
   200K .......... .......... .......... .......... .......... 60%  551K 0s
   250K .......... .......... .......... .......... .......... 72%  815K 0s
   300K .......... .......... .......... .......... .......... 84%  376K 0s
   350K .......... .......... .......... .......... .......... 97% 1.25M 0s
   400K .......... ..                                         100% 1.81M=0.6s

2016-10-07 17:56:28 (707 KB/s) - ‘torture (verb).mp3’ saved [422139/422139]

--2016-10-07 17:56:28--  http://www.voanews.com/MediaAssets2/classroom/interactive_learning/interactive_wordbook/deploy/audio/torture%20(noun).mp3
Reusing existing connection to www.voanews.com:80.
HTTP request sent, awaiting response... 200 OK
Length: 364460 (356K) [audio/mpeg]
Saving to: ‘torture (noun).mp3’

     0K .......... .......... .......... .......... .......... 14%  785K 0s
    50K .......... .......... .......... .......... .......... 28%  791K 0s
   100K .......... .......... .......... .......... .......... 42% 1.15M 0s
   150K .......... .......... .......... .......... .......... 56%  724K 0s
   200K .......... .......... .......... .......... .......... 70%  918K 0s
   250K .......... .......... .......... .......... .......... 84%  741K 0s
   300K .......... .......... .......... .......... .......... 98%  866K 0s
   350K .....                                                 100%  409K=0.4s

2016-10-07 17:56:29 (822 KB/s) - ‘torture (noun).mp3’ saved [364460/364460]

--2016-10-07 17:56:29--  http://www.voanews.com/MediaAssets2/classroom/interactive_learning/interactive_wordbook/deploy/audio/touch%20(verb).mp3
Reusing existing connection to www.voanews.com:80.
HTTP request sent, awaiting response... 200 OK
Length: 368640 (360K) [audio/mpeg]
Saving to: ‘touch (verb).mp3’

     0K .......... .......... .......... .......... .......... 13%  606K 1s
    50K .......... .......... .......... .......... .......... 27%  314K 1s
   100K .......... .......... .......... .......... .......... 41%  507K 0s
   150K .......... .......... .......... .......... .......... 55%  559K 0s
   200K .......... .......... .......... .......... .......... 69%  931K 0s
   250K .......... .......... .......... .......... .......... 83%  522K 0s
   300K .......... .......... .......... .......... .......... 97%  435K 0s
   350K ..........                                            100% 1.40M=0.7s

2016-10-07 17:56:30 (513 KB/s) - ‘touch (verb).mp3’ saved [368640/368640]

--2016-10-07 17:56:30--  http://www.voanews.com/MediaAssets2/classroom/interactive_learning/interactive_wordbook/deploy/audio/toward(s)%20(preposition).mp3
Reusing existing connection to www.voanews.com:80.
HTTP request sent, awaiting response... 200 OK
Length: 325590 (318K) [audio/mpeg]
Saving to: ‘toward(s) (preposition).mp3’

     0K .......... .......... .......... .......... .......... 15%  952K 0s
    50K .......... .......... .......... .......... .......... 31%  687K 0s
   100K .......... .......... .......... .......... .......... 47%  522K 0s
   150K .......... .......... .......... .......... .......... 62%  615K 0s
   200K .......... .......... .......... .......... .......... 78%  566K 0s
   250K .......... .......... .......... .......... .......... 94%  561K 0s
   300K .......... .......                                    100%  313K=0.5s

2016-10-07 17:56:30 (592 KB/s) - ‘toward(s) (preposition).mp3’ saved [325590/325590]

--2016-10-07 17:56:30--  http://www.voanews.com/MediaAssets2/classroom/interactive_learning/interactive_wordbook/deploy/audio/town%20(noun).mp3
Reusing existing connection to www.voanews.com:80.
HTTP request sent, awaiting response... 200 OK
Length: 371984 (363K) [audio/mpeg]
Saving to: ‘town (noun).mp3’

     0K .......... .......... .......... .......... .......... 13% 1023K 0s
    50K .......... .......... .......... .......... .......... 27%  591K 0s
   100K .......... .......... .......... .......... .......... 41%  838K 0s
   150K .......... .......... .......... .......... .......... 55%  759K 0s
   200K .......... .......... .......... .......... .......... 68%  565K 0s
   250K .......... .......... .......... .......... .......... 82%  701K 0s
   300K .......... .......... .......... .......... .......... 96%  765K 0s
   350K .......... ...                                        100%  558K=0.5s

2016-10-07 17:56:31 (715 KB/s) - ‘town (noun).mp3’ saved [371984/371984]

--2016-10-07 17:56:31--  http://www.voanews.com/MediaAssets2/classroom/interactive_learning/interactive_wordbook/deploy/audio/trade%20(noun).mp3
Reusing existing connection to www.voanews.com:80.
HTTP request sent, awaiting response... 200 OK
Length: 425482 (416K) [audio/mpeg]
Saving to: ‘trade (noun).mp3’

     0K .......... .......... .......... .......... .......... 12%  605K 1s
    50K .......... .......... .......... .......... .......... 24%  779K 0s
   100K .......... .......... .......... .......... .......... 36%  591K 0s
   150K .......... .......... .......... .......... .......... 48%  742K 0s
   200K .......... .......... .......... .......... .......... 60%  521K 0s
   250K .......... .......... .......... .......... .......... 72%  946K 0s
   300K .......... .......... .......... .......... .......... 84%  715K 0s
   350K .......... .......... .......... .......... .......... 96%  687K 0s
   400K .......... .....                                      100%  735K=0.6s

2016-10-07 17:56:32 (680 KB/s) - ‘trade (noun).mp3’ saved [425482/425482]

--2016-10-07 17:56:32--  http://www.voanews.com/MediaAssets2/classroom/interactive_learning/interactive_wordbook/deploy/audio/tragic%20(adjective).mp3
Reusing existing connection to www.voanews.com:80.
HTTP request sent, awaiting response... 200 OK
Length: 374073 (365K) [audio/mpeg]
Saving to: ‘tragic (adjective).mp3’

     0K .......... .......... .......... .......... .......... 13%  735K 0s
    50K .......... .......... .......... .......... .......... 27%  719K 0s
   100K .......... .......... .......... .......... .......... 41% 1.06M 0s
   150K .......... .......... .......... .......... .......... 54%  715K 0s
   200K .......... .......... .......... .......... .......... 68% 1.13M 0s
   250K .......... .......... .......... .......... .......... 82%  531K 0s
   300K .......... .......... .......... .......... .......... 95%  797K 0s
   350K .......... .....                                      100% 1.14M=0.5s

2016-10-07 17:56:33 (783 KB/s) - ‘tragic (adjective).mp3’ saved [374073/374073]

--2016-10-07 17:56:33--  http://www.voanews.com/MediaAssets2/classroom/interactive_learning/interactive_wordbook/deploy/audio/train%20(verb).mp3
Reusing existing connection to www.voanews.com:80.
HTTP request sent, awaiting response... 200 OK
Length: 392882 (384K) [audio/mpeg]
Saving to: ‘train (verb).mp3’

     0K .......... .......... .......... .......... .......... 13%  850K 0s
    50K .......... .......... .......... .......... .......... 26% 1.12M 0s
   100K .......... .......... .......... .......... .......... 39% 1.15M 0s
   150K .......... .......... .......... .......... .......... 52%  680K 0s
   200K .......... .......... .......... .......... .......... 65%  686K 0s
   250K .......... .......... .......... .......... .......... 78%  728K 0s
   300K .......... .......... .......... .......... .......... 91%  684K 0s
   350K .......... .......... .......... ...                  100%  575K=0.5s

2016-10-07 17:56:34 (780 KB/s) - ‘train (verb).mp3’ saved [392882/392882]

--2016-10-07 17:56:34--  http://www.voanews.com/MediaAssets2/classroom/interactive_learning/interactive_wordbook/deploy/audio/transport%20(verb).mp3
Reusing existing connection to www.voanews.com:80.
HTTP request sent, awaiting response... 200 OK
Length: 309708 (302K) [audio/mpeg]
Saving to: ‘transport (verb).mp3’

     0K .......... .......... .......... .......... .......... 16%  705K 0s
    50K .......... .......... .......... .......... .......... 33% 1.41M 0s
   100K .......... .......... .......... .......... .......... 49%  954K 0s
   150K .......... .......... .......... .......... .......... 66%  868K 0s
   200K .......... .......... .......... .......... .......... 82%  811K 0s
   250K .......... .......... .......... .......... .......... 99%  941K 0s
   300K ..                                                    100% 4672G=0.3s

2016-10-07 17:56:35 (916 KB/s) - ‘transport (verb).mp3’ saved [309708/309708]

--2016-10-07 17:56:35--  http://www.voanews.com/MediaAssets2/classroom/interactive_learning/interactive_wordbook/deploy/audio/trap%20(noun).mp3
Reusing existing connection to www.voanews.com:80.
HTTP request sent, awaiting response... 200 OK
Length: 328098 (320K) [audio/mpeg]
Saving to: ‘trap (noun).mp3’

     0K .......... .......... .......... .......... .......... 15% 1.12M 0s
    50K .......... .......... .......... .......... .......... 31%  894K 0s
   100K .......... .......... .......... .......... .......... 46% 1.51M 0s
   150K .......... .......... .......... .......... .......... 62% 1.20M 0s
   200K .......... .......... .......... .......... .......... 78% 1.10M 0s
   250K .......... .......... .......... .......... .......... 93% 2.18M 0s
   300K .......... ..........                                 100% 1.33M=0.3s

2016-10-07 17:56:36 (1.23 MB/s) - ‘trap (noun).mp3’ saved [328098/328098]

--2016-10-07 17:56:36--  http://www.voanews.com/MediaAssets2/classroom/interactive_learning/interactive_wordbook/deploy/audio/treason%20(noun).mp3
Reusing existing connection to www.voanews.com:80.
HTTP request sent, awaiting response... 200 OK
Length: 380761 (372K) [audio/mpeg]
Saving to: ‘treason (noun).mp3’

     0K .......... .......... .......... .......... .......... 13% 2.99M 0s
    50K .......... .......... .......... .......... .......... 26% 1.38M 0s
   100K .......... .......... .......... .......... .......... 40% 1.38M 0s
   150K .......... .......... .......... .......... .......... 53% 1.03M 0s
   200K .......... .......... .......... .......... .......... 67% 1.26M 0s
   250K .......... .......... .......... .......... .......... 80% 1.02M 0s
   300K .......... .......... .......... .......... .......... 94% 1.33M 0s
   350K .......... .......... .                               100% 2.58M=0.3s

2016-10-07 17:56:36 (1.36 MB/s) - ‘treason (noun).mp3’ saved [380761/380761]

--2016-10-07 17:56:36--  http://www.voanews.com/MediaAssets2/classroom/interactive_learning/interactive_wordbook/deploy/audio/treat%20(verb).mp3
Reusing existing connection to www.voanews.com:80.
HTTP request sent, awaiting response... 200 OK
Length: 440947 (431K) [audio/mpeg]
Saving to: ‘treat (verb).mp3’

     0K .......... .......... .......... .......... .......... 11%  767K 0s
    50K .......... .......... .......... .......... .......... 23%  559K 1s
   100K .......... .......... .......... .......... .......... 34% 1.04M 0s
   150K .......... .......... .......... .......... .......... 46%  619K 0s
   200K .......... .......... .......... .......... .......... 58%  428K 0s
   250K .......... .......... .......... .......... .......... 69%  613K 0s
   300K .......... .......... .......... .......... .......... 81%  610K 0s
   350K .......... .......... .......... .......... .......... 92%  727K 0s
   400K .......... .......... ..........                      100% 1014K=0.7s

2016-10-07 17:56:37 (651 KB/s) - ‘treat (verb).mp3’ saved [440947/440947]

--2016-10-07 17:56:37--  http://www.voanews.com/MediaAssets2/classroom/interactive_learning/interactive_wordbook/deploy/audio/treatment%20(noun).mp3
Reusing existing connection to www.voanews.com:80.
HTTP request sent, awaiting response... 200 OK
Length: 514926 (503K) [audio/mpeg]
Saving to: ‘treatment (noun).mp3’

     0K .......... .......... .......... .......... ..........  9%  987K 0s
    50K .......... .......... .......... .......... .......... 19%  671K 1s
   100K .......... .......... .......... .......... .......... 29% 1.27M 0s
   150K .......... .......... .......... .......... .......... 39%  948K 0s
   200K .......... .......... .......... .......... .......... 49% 1.35M 0s
   250K .......... .......... .......... .......... .......... 59% 1.12M 0s
   300K .......... .......... .......... .......... .......... 69% 1.99M 0s
   350K .......... .......... .......... .......... .......... 79% 1.48M 0s
   400K .......... .......... .......... .......... .......... 89%  725K 0s
   450K .......... .......... .......... .......... .......... 99% 1.95M 0s
   500K ..                                                    100% 1.38M=0.4s

2016-10-07 17:56:38 (1.09 MB/s) - ‘treatment (noun).mp3’ saved [514926/514926]

--2016-10-07 17:56:38--  http://www.voanews.com/MediaAssets2/classroom/interactive_learning/interactive_wordbook/deploy/audio/treaty%20(noun).mp3
Reusing existing connection to www.voanews.com:80.
HTTP request sent, awaiting response... 200 OK
Length: 334367 (327K) [audio/mpeg]
Saving to: ‘treaty (noun).mp3’

     0K .......... .......... .......... .......... .......... 15% 2.13M 0s
    50K .......... .......... .......... .......... .......... 30%  979K 0s
   100K .......... .......... .......... .......... .......... 45%  989K 0s
   150K .......... .......... .......... .......... .......... 61% 1.00M 0s
   200K .......... .......... .......... .......... .......... 76%  991K 0s
   250K .......... .......... .......... .......... .......... 91% 1.17M 0s
   300K .......... .......... ......                          100% 1.16M=0.3s

2016-10-07 17:56:39 (1.11 MB/s) - ‘treaty (noun).mp3’ saved [334367/334367]

--2016-10-07 17:56:39--  http://www.voanews.com/MediaAssets2/classroom/interactive_learning/interactive_wordbook/deploy/audio/trial%20(noun).mp3
Reusing existing connection to www.voanews.com:80.
HTTP request sent, awaiting response... 200 OK
Length: 456829 (446K) [audio/mpeg]
Saving to: ‘trial (noun).mp3’

     0K .......... .......... .......... .......... .......... 11% 2.65M 0s
    50K .......... .......... .......... .......... .......... 22% 1.27M 0s
   100K .......... .......... .......... .......... .......... 33%  569K 0s
   150K .......... .......... .......... .......... .......... 44%  657K 0s
   200K .......... .......... .......... .......... .......... 56% 1.02M 0s
   250K .......... .......... .......... .......... .......... 67%  637K 0s
   300K .......... .......... .......... .......... .......... 78%  785K 0s
   350K .......... .......... .......... .......... .......... 89%  775K 0s
   400K .......... .......... .......... .......... ......    100%  627K=0.5s

2016-10-07 17:56:39 (813 KB/s) - ‘trial (noun).mp3’ saved [456829/456829]

--2016-10-07 17:56:39--  http://www.voanews.com/MediaAssets2/classroom/interactive_learning/interactive_wordbook/deploy/audio/trick%20(verb).mp3
Reusing existing connection to www.voanews.com:80.
HTTP request sent, awaiting response... 200 OK
Length: 463099 (452K) [audio/mpeg]
Saving to: ‘trick (verb).mp3’

     0K .......... .......... .......... .......... .......... 11%  665K 1s
    50K .......... .......... .......... .......... .......... 22%  874K 0s
   100K .......... .......... .......... .......... .......... 33%  822K 0s
   150K .......... .......... .......... .......... .......... 44%  854K 0s
   200K .......... .......... .......... .......... .......... 55%  803K 0s
   250K .......... .......... .......... .......... .......... 66%  964K 0s
   300K .......... .......... .......... .......... .......... 77%  937K 0s
   350K .......... .......... .......... .......... .......... 88% 1.10M 0s
   400K .......... .......... .......... .......... .......... 99%  910K 0s
   450K ..                                                    100% 4282G=0.5s

2016-10-07 17:56:40 (872 KB/s) - ‘trick (verb).mp3’ saved [463099/463099]

--2016-10-07 17:56:40--  http://www.voanews.com/MediaAssets2/classroom/interactive_learning/interactive_wordbook/deploy/audio/trip%20(noun).mp3
Reusing existing connection to www.voanews.com:80.
HTTP request sent, awaiting response... 200 OK
Length: 372820 (364K) [audio/mpeg]
Saving to: ‘trip (noun).mp3’

     0K .......... .......... .......... .......... .......... 13%  806K 0s
    50K .......... .......... .......... .......... .......... 27% 1.31M 0s
   100K .......... .......... .......... .......... .......... 41%  840K 0s
   150K .......... .......... .......... .......... .......... 54% 1.07M 0s
   200K .......... .......... .......... .......... .......... 68%  899K 0s
   250K .......... .......... .......... .......... .......... 82%  951K 0s
   300K .......... .......... .......... .......... .......... 96%  815K 0s
   350K .......... ....                                       100%  522K=0.4s

2016-10-07 17:56:41 (908 KB/s) - ‘trip (noun).mp3’ saved [372820/372820]

--2016-10-07 17:56:41--  http://www.voanews.com/MediaAssets2/classroom/interactive_learning/interactive_wordbook/deploy/audio/trouble%20(noun).mp3
Reusing existing connection to www.voanews.com:80.
HTTP request sent, awaiting response... 200 OK
Length: 371984 (363K) [audio/mpeg]
Saving to: ‘trouble (noun).mp3’

     0K .......... .......... .......... .......... .......... 13% 1.02M 0s
    50K .......... .......... .......... .......... .......... 27%  530K 0s
   100K .......... .......... .......... .......... .......... 41% 1.05M 0s
   150K .......... .......... .......... .......... .......... 55%  883K 0s
   200K .......... .......... .......... .......... .......... 68%  721K 0s
   250K .......... .......... .......... .......... .......... 82%  644K 0s
   300K .......... .......... .......... .......... .......... 96%  582K 0s
   350K .......... ...                                        100% 1.48M=0.5s

2016-10-07 17:56:42 (746 KB/s) - ‘trouble (noun).mp3’ saved [371984/371984]

--2016-10-07 17:56:42--  http://www.voanews.com/MediaAssets2/classroom/interactive_learning/interactive_wordbook/deploy/audio/truck%20(noun).mp3
Reusing existing connection to www.voanews.com:80.
HTTP request sent, awaiting response... 200 OK
Length: 340219 (332K) [audio/mpeg]
Saving to: ‘truck (noun).mp3’

     0K .......... .......... .......... .......... .......... 15%  838K 0s
    50K .......... .......... .......... .......... .......... 30%  579K 0s
   100K .......... .......... .......... .......... .......... 45%  416K 0s
   150K .......... .......... .......... .......... .......... 60%  418K 0s
   200K .......... .......... .......... .......... .......... 75%  220K 0s
   250K .......... .......... .......... .......... .......... 90%  525K 0s
   300K .......... .......... .......... ..                   100%  717K=0.8s

2016-10-07 17:56:43 (441 KB/s) - ‘truck (noun).mp3’ saved [340219/340219]

--2016-10-07 17:56:43--  http://www.voanews.com/MediaAssets2/classroom/interactive_learning/interactive_wordbook/deploy/audio/tube%20(noun).mp3
Reusing existing connection to www.voanews.com:80.
HTTP request sent, awaiting response... 200 OK
Length: 460173 (449K) [audio/mpeg]
Saving to: ‘tube (noun).mp3’

     0K .......... .......... .......... .......... .......... 11%  470K 1s
    50K .......... .......... .......... .......... .......... 22%  795K 1s
   100K .......... .......... .......... .......... .......... 33%  609K 1s
   150K .......... .......... .......... .......... .......... 44%  420K 0s
   200K .......... .......... .......... .......... .......... 55%  581K 0s
   250K .......... .......... .......... .......... .......... 66%  721K 0s
   300K .......... .......... .......... .......... .......... 77% 1.51M 0s
   350K .......... .......... .......... .......... .......... 89%  755K 0s
   400K .......... .......... .......... .......... ......... 100% 1.27M=0.7s

2016-10-07 17:56:44 (678 KB/s) - ‘tube (noun).mp3’ saved [460173/460173]

--2016-10-07 17:56:44--  http://www.voanews.com/MediaAssets2/classroom/interactive_learning/interactive_wordbook/deploy/audio/turn%20(verb).mp3
Reusing existing connection to www.voanews.com:80.
HTTP request sent, awaiting response... 200 OK
Length: 525793 (513K) [audio/mpeg]
Saving to: ‘turn (verb).mp3’

     0K .......... .......... .......... .......... ..........  9% 1.17M 0s
    50K .......... .......... .......... .......... .......... 19% 1.71M 0s
   100K .......... .......... .......... .......... .......... 29%  882K 0s
   150K .......... .......... .......... .......... .......... 38%  969K 0s
   200K .......... .......... .......... .......... .......... 48%  671K 0s
   250K .......... .......... .......... .......... .......... 58%  746K 0s
   300K .......... .......... .......... .......... .......... 68%  980K 0s
   350K .......... .......... .......... .......... .......... 77%  448K 0s
   400K .......... .......... .......... .......... .......... 87%  656K 0s
   450K .......... .......... .......... .......... .......... 97%  636K 0s
   500K .......... ...                                        100%  464K=0.7s

2016-10-07 17:56:45 (770 KB/s) - ‘turn (verb).mp3’ saved [525793/525793]

--2016-10-07 17:56:45--  http://www.voanews.com/MediaAssets2/classroom/interactive_learning/interactive_wordbook/deploy/audio/under%20(preposition).mp3
Reusing existing connection to www.voanews.com:80.
HTTP request sent, awaiting response... 200 OK
Length: 328934 (321K) [audio/mpeg]
Saving to: ‘under (preposition).mp3’

     0K .......... .......... .......... .......... .......... 15%  891K 0s
    50K .......... .......... .......... .......... .......... 31%  685K 0s
   100K .......... .......... .......... .......... .......... 46% 1.01M 0s
   150K .......... .......... .......... .......... .......... 62%  741K 0s
   200K .......... .......... .......... .......... .......... 77%  560K 0s
   250K .......... .......... .......... .......... .......... 93% 1.36M 0s
   300K .......... .......... .                               100% 3.04M=0.4s

2016-10-07 17:56:46 (853 KB/s) - ‘under (preposition).mp3’ saved [328934/328934]

--2016-10-07 17:56:46--  http://www.voanews.com/MediaAssets2/classroom/interactive_learning/interactive_wordbook/deploy/audio/understand%20(verb).mp3
Reusing existing connection to www.voanews.com:80.
HTTP request sent, awaiting response... 200 OK
Length: 402495 (393K) [audio/mpeg]
Saving to: ‘understand (verb).mp3’

     0K .......... .......... .......... .......... .......... 12%  863K 0s
    50K .......... .......... .......... .......... .......... 25%  721K 0s
   100K .......... .......... .......... .......... .......... 38%  776K 0s
   150K .......... .......... .......... .......... .......... 50%  674K 0s
   200K .......... .......... .......... .......... .......... 63%  511K 0s
   250K .......... .......... .......... .......... .......... 76%  751K 0s
   300K .......... .......... .......... .......... .......... 89%  869K 0s
   350K .......... .......... .......... .......... ...       100%  455K=0.6s

2016-10-07 17:56:47 (675 KB/s) - ‘understand (verb).mp3’ saved [402495/402495]

--2016-10-07 17:56:47--  http://www.voanews.com/MediaAssets2/classroom/interactive_learning/interactive_wordbook/deploy/audio/unite%20(verb).mp3
Reusing existing connection to www.voanews.com:80.
HTTP request sent, awaiting response... 200 OK
Length: 375327 (367K) [audio/mpeg]
Saving to: ‘unite (verb).mp3’

     0K .......... .......... .......... .......... .......... 13%  988K 0s
    50K .......... .......... .......... .......... .......... 27%  597K 0s
   100K .......... .......... .......... .......... .......... 40%  714K 0s
   150K .......... .......... .......... .......... .......... 54%  658K 0s
   200K .......... .......... .......... .......... .......... 68% 1.19M 0s
   250K .......... .......... .......... .......... .......... 81%  835K 0s
   300K .......... .......... .......... .......... .......... 95% 1.02M 0s
   350K .......... ......                                     100% 1.62M=0.4s

2016-10-07 17:56:48 (834 KB/s) - ‘unite (verb).mp3’ saved [375327/375327]

--2016-10-07 17:56:48--  http://www.voanews.com/MediaAssets2/classroom/interactive_learning/interactive_wordbook/deploy/audio/universe%20(noun).mp3
Reusing existing connection to www.voanews.com:80.
HTTP request sent, awaiting response... 200 OK
Length: 312633 (305K) [audio/mpeg]
Saving to: ‘universe (noun).mp3’

     0K .......... .......... .......... .......... .......... 16% 1.09M 0s
    50K .......... .......... .......... .......... .......... 32%  794K 0s
   100K .......... .......... .......... .......... .......... 49% 1.01M 0s
   150K .......... .......... .......... .......... .......... 65%  447K 0s
   200K .......... .......... .......... .......... .......... 81%  778K 0s
   250K .......... .......... .......... .......... .......... 98% 1.08M 0s
   300K .....                                                 100% 2.06M=0.4s

2016-10-07 17:56:48 (803 KB/s) - ‘universe (noun).mp3’ saved [312633/312633]

--2016-10-07 17:56:48--  http://www.voanews.com/MediaAssets2/classroom/interactive_learning/interactive_wordbook/deploy/audio/university%20(noun).mp3
Reusing existing connection to www.voanews.com:80.
HTTP request sent, awaiting response... 200 OK
Length: 430916 (421K) [audio/mpeg]
Saving to: ‘university (noun).mp3’

     0K .......... .......... .......... .......... .......... 11%  668K 1s
    50K .......... .......... .......... .......... .......... 23%  626K 0s
   100K .......... .......... .......... .......... .......... 35% 1.02M 0s
   150K .......... .......... .......... .......... .......... 47%  770K 0s
   200K .......... .......... .......... .......... .......... 59% 1.27M 0s
   250K .......... .......... .......... .......... .......... 71% 1.44M 0s
   300K .......... .......... .......... .......... .......... 83%  634K 0s
   350K .......... .......... .......... .......... .......... 95% 1.10M 0s
   400K .......... ..........                                 100% 1.49M=0.5s

2016-10-07 17:56:49 (883 KB/s) - ‘university (noun).mp3’ saved [430916/430916]

--2016-10-07 17:56:49--  http://www.voanews.com/MediaAssets2/classroom/interactive_learning/interactive_wordbook/deploy/audio/unless%20(conjunction).mp3
Reusing existing connection to www.voanews.com:80.
HTTP request sent, awaiting response... 200 OK
Length: 417959 (408K) [audio/mpeg]
Saving to: ‘unless (conjunction).mp3’

     0K .......... .......... .......... .......... .......... 12%  939K 0s
    50K .......... .......... .......... .......... .......... 24% 1.37M 0s
   100K .......... .......... .......... .......... .......... 36% 1.61M 0s
   150K .......... .......... .......... .......... .......... 49% 1.09M 0s
   200K .......... .......... .......... .......... .......... 61%  522K 0s
   250K .......... .......... .......... .......... .......... 73% 1.01M 0s
   300K .......... .......... .......... .......... .......... 85%  830K 0s
   350K .......... .......... .......... .......... .......... 98%  989K 0s
   400K ........                                              100% 4.15M=0.4s

2016-10-07 17:56:50 (970 KB/s) - ‘unless (conjunction).mp3’ saved [417959/417959]

--2016-10-07 17:56:50--  http://www.voanews.com/MediaAssets2/classroom/interactive_learning/interactive_wordbook/deploy/audio/until%20(conjunction).mp3
Reusing existing connection to www.voanews.com:80.
HTTP request sent, awaiting response... 200 OK
Length: 340219 (332K) [audio/mpeg]
Saving to: ‘until (conjunction).mp3’

     0K .......... .......... .......... .......... .......... 15% 1.20M 0s
    50K .......... .......... .......... .......... .......... 30% 1.61M 0s
   100K .......... .......... .......... .......... .......... 45% 1.79M 0s
   150K .......... .......... .......... .......... .......... 60% 1.11M 0s
   200K .......... .......... .......... .......... .......... 75% 1.61M 0s
   250K .......... .......... .......... .......... .......... 90%  540K 0s
   300K .......... .......... .......... ..                   100% 1.24M=0.3s

2016-10-07 17:56:51 (1.12 MB/s) - ‘until (conjunction).mp3’ saved [340219/340219]

--2016-10-07 17:56:51--  http://www.voanews.com/MediaAssets2/classroom/interactive_learning/interactive_wordbook/deploy/audio/up%20(adverb).mp3
Reusing existing connection to www.voanews.com:80.
HTTP request sent, awaiting response... 200 OK
Length: 418377 (409K) [audio/mpeg]
Saving to: ‘up (adverb).mp3’

     0K .......... .......... .......... .......... .......... 12% 1.34M 0s
    50K .......... .......... .......... .......... .......... 24% 1.39M 0s
   100K .......... .......... .......... .......... .......... 36%  717K 0s
   150K .......... .......... .......... .......... .......... 48%  949K 0s
   200K .......... .......... .......... .......... .......... 61%  986K 0s
   250K .......... .......... .......... .......... .......... 73% 1.80M 0s
   300K .......... .......... .......... .......... .......... 85%  910K 0s
   350K .......... .......... .......... .......... .......... 97% 1.50M 0s
   400K ........                                              100% 2.50M=0.4s

2016-10-07 17:56:51 (1.10 MB/s) - ‘up (adverb).mp3’ saved [418377/418377]

--2016-10-07 17:56:51--  http://www.voanews.com/MediaAssets2/classroom/interactive_learning/interactive_wordbook/deploy/audio/urge%20(verb).mp3
Reusing existing connection to www.voanews.com:80.
HTTP request sent, awaiting response... 200 OK
Length: 358609 (350K) [audio/mpeg]
Saving to: ‘urge (verb).mp3’

     0K .......... .......... .......... .......... .......... 14% 4.74M 0s
    50K .......... .......... .......... .......... .......... 28% 1.15M 0s
   100K .......... .......... .......... .......... .......... 42% 1.92M 0s
   150K .......... .......... .......... .......... .......... 57% 2.00M 0s
   200K .......... .......... .......... .......... .......... 71% 1.74M 0s
   250K .......... .......... .......... .......... .......... 85% 2.17M 0s
   300K .......... .......... .......... .......... .......... 99% 1.78M 0s
   350K                                                       100%  389G=0.2s

2016-10-07 17:56:52 (1.89 MB/s) - ‘urge (verb).mp3’ saved [358609/358609]

--2016-10-07 17:56:52--  http://www.voanews.com/MediaAssets2/classroom/interactive_learning/interactive_wordbook/deploy/audio/urgent%20(adjective).mp3
Reusing existing connection to www.voanews.com:80.
HTTP request sent, awaiting response... 200 OK
Length: 377835 (369K) [audio/mpeg]
Saving to: ‘urgent (adjective).mp3’

     0K .......... .......... .......... .......... .......... 13% 1.21M 0s
    50K .......... .......... .......... .......... .......... 27% 1.54M 0s
   100K .......... .......... .......... .......... .......... 40% 1.58M 0s
   150K .......... .......... .......... .......... .......... 54% 1.10M 0s
   200K .......... .......... .......... .......... .......... 67% 1.10M 0s
   250K .......... .......... .......... .......... .......... 81% 1.03M 0s
   300K .......... .......... .......... .......... .......... 94% 1.58M 0s
   350K .......... ........                                   100% 3.73M=0.3s

2016-10-07 17:56:52 (1.31 MB/s) - ‘urgent (adjective).mp3’ saved [377835/377835]

--2016-10-07 17:56:52--  http://www.voanews.com/MediaAssets2/classroom/interactive_learning/interactive_wordbook/deploy/audio/us%20(pronoun).mp3
Reusing existing connection to www.voanews.com:80.
HTTP request sent, awaiting response... 200 OK
Length: 360699 (352K) [audio/mpeg]
Saving to: ‘us (pronoun).mp3’

     0K .......... .......... .......... .......... .......... 14% 1.75M 0s
    50K .......... .......... .......... .......... .......... 28% 1.15M 0s
   100K .......... .......... .......... .......... .......... 42% 1.20M 0s
   150K .......... .......... .......... .......... .......... 56% 1.17M 0s
   200K .......... .......... .......... .......... .......... 70% 1.42M 0s
   250K .......... .......... .......... .......... .......... 85% 1.19M 0s
   300K .......... .......... .......... .......... .......... 99% 1001K 0s
   350K ..                                                    100% 4.06M=0.3s

2016-10-07 17:56:53 (1.23 MB/s) - ‘us (pronoun).mp3’ saved [360699/360699]

--2016-10-07 17:56:53--  http://www.voanews.com/MediaAssets2/classroom/interactive_learning/interactive_wordbook/deploy/audio/use%20(verb).mp3
Reusing existing connection to www.voanews.com:80.
HTTP request sent, awaiting response... 200 OK
Length: 365714 (357K) [audio/mpeg]
Saving to: ‘use (verb).mp3’

     0K .......... .......... .......... .......... .......... 14% 1.47M 0s
    50K .......... .......... .......... .......... .......... 28%  673K 0s
   100K .......... .......... .......... .......... .......... 42% 1.15M 0s
   150K .......... .......... .......... .......... .......... 56%  355K 0s
   200K .......... .......... .......... .......... .......... 70%  552K 0s
   250K .......... .......... .......... .......... .......... 84%  767K 0s
   300K .......... .......... .......... .......... .......... 98%  550K 0s
   350K .......                                               100% 2.53M=0.5s

2016-10-07 17:56:54 (661 KB/s) - ‘use (verb).mp3’ saved [365714/365714]

--2016-10-07 17:56:54--  http://www.voanews.com/MediaAssets2/classroom/interactive_learning/interactive_wordbook/deploy/audio/usual%20(adjective).mp3
Reusing existing connection to www.voanews.com:80.
HTTP request sent, awaiting response... 200 OK
Length: 374491 (366K) [audio/mpeg]
Saving to: ‘usual (adjective).mp3’

     0K .......... .......... .......... .......... .......... 13%  848K 0s
    50K .......... .......... .......... .......... .......... 27%  600K 0s
   100K .......... .......... .......... .......... .......... 41%  823K 0s
   150K .......... .......... .......... .......... .......... 54%  507K 0s
   200K .......... .......... .......... .......... .......... 68%  641K 0s
   250K .......... .......... .......... .......... .......... 82%  447K 0s
   300K .......... .......... .......... .......... .......... 95%  629K 0s
   350K .......... .....                                      100%  527K=0.6s

2016-10-07 17:56:55 (609 KB/s) - ‘usual (adjective).mp3’ saved [374491/374491]

--2016-10-07 17:56:55--  http://www.voanews.com/MediaAssets2/classroom/interactive_learning/interactive_wordbook/deploy/audio/vacation%20(noun).mp3
Reusing existing connection to www.voanews.com:80.
HTTP request sent, awaiting response... 200 OK
Length: 429662 (420K) [audio/mpeg]
Saving to: ‘vacation (noun).mp3’

     0K .......... .......... .......... .......... .......... 11%  849K 0s
    50K .......... .......... .......... .......... .......... 23%  844K 0s
   100K .......... .......... .......... .......... .......... 35% 1.01M 0s
   150K .......... .......... .......... .......... .......... 47%  857K 0s
   200K .......... .......... .......... .......... .......... 59%  593K 0s
   250K .......... .......... .......... .......... .......... 71%  851K 0s
   300K .......... .......... .......... .......... .......... 83%  757K 0s
   350K .......... .......... .......... .......... .......... 95%  825K 0s
   400K .......... .........                                  100%  408K=0.5s

2016-10-07 17:56:56 (774 KB/s) - ‘vacation (noun).mp3’ saved [429662/429662]

--2016-10-07 17:56:56--  http://www.voanews.com/MediaAssets2/classroom/interactive_learning/interactive_wordbook/deploy/audio/vaccine%20(noun).mp3
Reusing existing connection to www.voanews.com:80.
HTTP request sent, awaiting response... 200 OK
Length: 505313 (493K) [audio/mpeg]
Saving to: ‘vaccine (noun).mp3’

     0K .......... .......... .......... .......... .......... 10%  704K 1s
    50K .......... .......... .......... .......... .......... 20% 1.20M 0s
   100K .......... .......... .......... .......... .......... 30%  865K 0s
   150K .......... .......... .......... .......... .......... 40% 1015K 0s
   200K .......... .......... .......... .......... .......... 50%  695K 0s
   250K .......... .......... .......... .......... .......... 60%  821K 0s
   300K .......... .......... .......... .......... .......... 70%  745K 0s
   350K .......... .......... .......... .......... .......... 81%  244K 0s
   400K .......... .......... .......... .......... .......... 91%  662K 0s
   450K .......... .......... .......... .......... ...       100% 1.47M=0.7s

2016-10-07 17:56:57 (678 KB/s) - ‘vaccine (noun).mp3’ saved [505313/505313]

--2016-10-07 17:56:57--  http://www.voanews.com/MediaAssets2/classroom/interactive_learning/interactive_wordbook/deploy/audio/valley%20(noun).mp3
Reusing existing connection to www.voanews.com:80.
HTTP request sent, awaiting response... 200 OK
Length: 423393 (413K) [audio/mpeg]
Saving to: ‘valley (noun).mp3’

     0K .......... .......... .......... .......... .......... 12% 1.15M 0s
    50K .......... .......... .......... .......... .......... 24%  791K 0s
   100K .......... .......... .......... .......... .......... 36% 1.23M 0s
   150K .......... .......... .......... .......... .......... 48% 1.08M 0s
   200K .......... .......... .......... .......... .......... 60%  810K 0s
   250K .......... .......... .......... .......... .......... 72% 1.18M 0s
   300K .......... .......... .......... .......... .......... 84% 1.33M 0s
   350K .......... .......... .......... .......... .......... 96% 1.11M 0s
   400K .......... ...                                        100%  378K=0.4s

2016-10-07 17:56:58 (1008 KB/s) - ‘valley (noun).mp3’ saved [423393/423393]

--2016-10-07 17:56:58--  http://www.voanews.com/MediaAssets2/classroom/interactive_learning/interactive_wordbook/deploy/audio/value%20(noun).mp3
Reusing existing connection to www.voanews.com:80.
HTTP request sent, awaiting response... 200 OK
Length: 463099 (452K) [audio/mpeg]
Saving to: ‘value (noun).mp3’

     0K .......... .......... .......... .......... .......... 11% 1.63M 0s
    50K .......... .......... .......... .......... .......... 22%  930K 0s
   100K .......... .......... .......... .......... .......... 33% 2.13M 0s
   150K .......... .......... .......... .......... .......... 44% 1.74M 0s
   200K .......... .......... .......... .......... .......... 55%  929K 0s
   250K .......... .......... .......... .......... .......... 66% 5.36M 0s
   300K .......... .......... .......... .......... .......... 77% 1.46M 0s
   350K .......... .......... .......... .......... .......... 88% 1.82M 0s
   400K .......... .......... .......... .......... .......... 99% 1.37M 0s
   450K ..                                                    100% 2.54M=0.3s

2016-10-07 17:56:58 (1.50 MB/s) - ‘value (noun).mp3’ saved [463099/463099]

--2016-10-07 17:56:58--  http://www.voanews.com/MediaAssets2/classroom/interactive_learning/interactive_wordbook/deploy/audio/vegetable%20(noun).mp3
Reusing existing connection to www.voanews.com:80.
HTTP request sent, awaiting response... 200 OK
Length: 386612 (378K) [audio/mpeg]
Saving to: ‘vegetable (noun).mp3’

     0K .......... .......... .......... .......... .......... 13% 2.18M 0s
    50K .......... .......... .......... .......... .......... 26% 1.59M 0s
   100K .......... .......... .......... .......... .......... 39% 1.76M 0s
   150K .......... .......... .......... .......... .......... 52% 2.07M 0s
   200K .......... .......... .......... .......... .......... 66%  661K 0s
   250K .......... .......... .......... .......... .......... 79%  525K 0s
   300K .......... .......... .......... .......... .......... 92% 1.14M 0s
   350K .......... .......... .......                         100% 2.56M=0.3s

2016-10-07 17:56:59 (1.12 MB/s) - ‘vegetable (noun).mp3’ saved [386612/386612]

--2016-10-07 17:56:59--  http://www.voanews.com/MediaAssets2/classroom/interactive_learning/interactive_wordbook/deploy/audio/vehicle%20(noun).mp3
Reusing existing connection to www.voanews.com:80.
HTTP request sent, awaiting response... 200 OK
Length: 92448 (90K) [audio/mpeg]
Saving to: ‘vehicle (noun).mp3’

     0K .......... .......... .......... .......... .......... 55% 1.03M 0s
    50K .......... .......... .......... ..........           100% 2.78M=0.06s

2016-10-07 17:56:59 (1.43 MB/s) - ‘vehicle (noun).mp3’ saved [92448/92448]

--2016-10-07 17:56:59--  http://www.voanews.com/MediaAssets2/classroom/interactive_learning/interactive_wordbook/deploy/audio/version%20(noun).mp3
Reusing existing connection to www.voanews.com:80.
HTTP request sent, awaiting response... 200 OK
Length: 412988 (403K) [audio/mpeg]
Saving to: ‘version (noun).mp3’

     0K .......... .......... .......... .......... .......... 12%  393K 1s
    50K .......... .......... .......... .......... .......... 24% 1.24M 1s
   100K .......... .......... .......... .......... .......... 37%  511K 0s
   150K .......... .......... .......... .......... .......... 49%  510K 0s
   200K .......... .......... .......... .......... .......... 61%  616K 0s
   250K .......... .......... .......... .......... .......... 74%  523K 0s
   300K .......... .......... .......... .......... .......... 86%  598K 0s
   350K .......... .......... .......... .......... .......... 99%  536K 0s
   400K ...                                                   100% 4.82M=0.7s

2016-10-07 17:57:00 (563 KB/s) - ‘version (noun).mp3’ saved [412988/412988]

--2016-10-07 17:57:00--  http://www.voanews.com/MediaAssets2/classroom/interactive_learning/interactive_wordbook/deploy/audio/veto%20(verb).mp3
Reusing existing connection to www.voanews.com:80.
HTTP request sent, awaiting response... 200 OK
Length: 414660 (405K) [audio/mpeg]
Saving to: ‘veto (verb).mp3’

     0K .......... .......... .......... .......... .......... 12%  230K 2s
    50K .......... .......... .......... .......... .......... 24%  518K 1s
   100K .......... .......... .......... .......... .......... 37%  603K 1s
   150K .......... .......... .......... .......... .......... 49%  518K 1s
   200K .......... .......... .......... .......... .......... 61%  788K 0s
   250K .......... .......... .......... .......... .......... 74%  799K 0s
   300K .......... .......... .......... .......... .......... 86%  582K 0s
   350K .......... .......... .......... .......... .......... 98%  386K 0s
   400K ....                                                  100%  886K=0.8s

2016-10-07 17:57:02 (482 KB/s) - ‘veto (verb).mp3’ saved [414660/414660]

--2016-10-07 17:57:02--  http://www.voanews.com/MediaAssets2/classroom/interactive_learning/interactive_wordbook/deploy/audio/victim%20(noun).mp3
Reusing existing connection to www.voanews.com:80.
HTTP request sent, awaiting response... 200 OK
Length: 406301 (397K) [audio/mpeg]
Saving to: ‘victim (noun).mp3’

     0K .......... .......... .......... .......... .......... 12%  319K 1s
    50K .......... .......... .......... .......... .......... 25%  716K 1s
   100K .......... .......... .......... .......... .......... 37%  833K 0s
   150K .......... .......... .......... .......... .......... 50%  693K 0s
   200K .......... .......... .......... .......... .......... 63%  665K 0s
   250K .......... .......... .......... .......... .......... 75% 1.22M 0s
   300K .......... .......... .......... .......... .......... 88% 1.00M 0s
   350K .......... .......... .......... .......... ......    100% 1.74M=0.5s

2016-10-07 17:57:02 (723 KB/s) - ‘victim (noun).mp3’ saved [406301/406301]

--2016-10-07 17:57:02--  http://www.voanews.com/MediaAssets2/classroom/interactive_learning/interactive_wordbook/deploy/audio/victory%20(noun).mp3
Reusing existing connection to www.voanews.com:80.
HTTP request sent, awaiting response... 200 OK
Length: 342771 (335K) [audio/mpeg]
Saving to: ‘victory (noun).mp3’

     0K .......... .......... .......... .......... .......... 14% 1.30M 0s
    50K .......... .......... .......... .......... .......... 29% 1021K 0s
   100K .......... .......... .......... .......... .......... 44% 1.05M 0s
   150K .......... .......... .......... .......... .......... 59%  744K 0s
   200K .......... .......... .......... .......... .......... 74% 1.12M 0s
   250K .......... .......... .......... .......... .......... 89% 1.07M 0s
   300K .......... .......... .......... ....                 100% 1.60M=0.3s

2016-10-07 17:57:03 (1.05 MB/s) - ‘victory (noun).mp3’ saved [342771/342771]

--2016-10-07 17:57:03--  http://www.voanews.com/MediaAssets2/classroom/interactive_learning/interactive_wordbook/deploy/audio/video%20(noun).mp3
Reusing existing connection to www.voanews.com:80.
HTTP request sent, awaiting response... 200 OK
Length: 387911 (379K) [audio/mpeg]
Saving to: ‘video (noun).mp3’

     0K .......... .......... .......... .......... .......... 13% 1.33M 0s
    50K .......... .......... .......... .......... .......... 26%  507K 0s
   100K .......... .......... .......... .......... .......... 39%  483K 0s
   150K .......... .......... .......... .......... .......... 52%  341K 0s
   200K .......... .......... .......... .......... .......... 65%  515K 0s
   250K .......... .......... .......... .......... .......... 79%  362K 0s
   300K .......... .......... .......... .......... .......... 92%  392K 0s
   350K .......... .......... ........                        100%  332K=0.8s

2016-10-07 17:57:04 (454 KB/s) - ‘video (noun).mp3’ saved [387911/387911]

--2016-10-07 17:57:04--  http://www.voanews.com/MediaAssets2/classroom/interactive_learning/interactive_wordbook/deploy/audio/village%20(noun).mp3
Reusing existing connection to www.voanews.com:80.
HTTP request sent, awaiting response... 200 OK
Length: 318111 (311K) [audio/mpeg]
Saving to: ‘village (noun).mp3’

     0K .......... .......... .......... .......... .......... 16%  388K 1s
    50K .......... .......... .......... .......... .......... 32%  384K 1s
   100K .......... .......... .......... .......... .......... 48%  566K 0s
   150K .......... .......... .......... .......... .......... 64%  439K 0s
   200K .......... .......... .......... .......... .......... 80% 1004K 0s
   250K .......... .......... .......... .......... .......... 96%  559K 0s
   300K ..........                                            100% 1.25M=0.6s

2016-10-07 17:57:05 (510 KB/s) - ‘village (noun).mp3’ saved [318111/318111]

--2016-10-07 17:57:05--  http://www.voanews.com/MediaAssets2/classroom/interactive_learning/interactive_wordbook/deploy/audio/violate%20(verb).mp3
Reusing existing connection to www.voanews.com:80.
HTTP request sent, awaiting response... 200 OK
Length: 502013 (490K) [audio/mpeg]
Saving to: ‘violate (verb).mp3’

     0K .......... .......... .......... .......... .......... 10%  786K 1s
    50K .......... .......... .......... .......... .......... 20%  615K 1s
   100K .......... .......... .......... .......... .......... 30%  334K 1s
   150K .......... .......... .......... .......... .......... 40%  721K 1s
   200K .......... .......... .......... .......... .......... 50% 84.5K 1s
   250K .......... .......... .......... .......... .......... 61%  628K 1s
   300K .......... .......... .......... .......... .......... 71%  484K 0s
   350K .......... .......... .......... .......... .......... 81%  918K 0s
   400K .......... .......... .......... .......... .......... 91%  595K 0s
   450K .......... .......... .......... ..........           100%  623K=1.3s

2016-10-07 17:57:07 (365 KB/s) - ‘violate (verb).mp3’ saved [502013/502013]

--2016-10-07 17:57:07--  http://www.voanews.com/MediaAssets2/classroom/interactive_learning/interactive_wordbook/deploy/audio/violence%20(noun).mp3
Reusing existing connection to www.voanews.com:80.
HTTP request sent, awaiting response... 200 OK
Length: 360325 (352K) [audio/mpeg]
Saving to: ‘violence (noun).mp3’

     0K .......... .......... .......... .......... .......... 14%  928K 0s
    50K .......... .......... .......... .......... .......... 28%  700K 0s
   100K .......... .......... .......... .......... .......... 42%  585K 0s
   150K .......... .......... .......... .......... .......... 56%  932K 0s
   200K .......... .......... .......... .......... .......... 71%  645K 0s
   250K .......... .......... .......... .......... .......... 85%  669K 0s
   300K .......... .......... .......... .......... .......... 99%  484K 0s
   350K .                                                     100% 3586G=0.5s

2016-10-07 17:57:08 (677 KB/s) - ‘violence (noun).mp3’ saved [360325/360325]

--2016-10-07 17:57:08--  http://www.voanews.com/MediaAssets2/classroom/interactive_learning/interactive_wordbook/deploy/audio/virus%20(noun).mp3
Reusing existing connection to www.voanews.com:80.
HTTP request sent, awaiting response... 200 OK
Length: 335248 (327K) [audio/mpeg]
Saving to: ‘virus (noun).mp3’

     0K .......... .......... .......... .......... .......... 15%  877K 0s
    50K .......... .......... .......... .......... .......... 30%  934K 0s
   100K .......... .......... .......... .......... .......... 45%  772K 0s
   150K .......... .......... .......... .......... .......... 61%  602K 0s
   200K .......... .......... .......... .......... .......... 76%  757K 0s
   250K .......... .......... .......... .......... .......... 91%  596K 0s
   300K .......... .......... .......                         100% 1.29M=0.4s

2016-10-07 17:57:09 (763 KB/s) - ‘virus (noun).mp3’ saved [335248/335248]

--2016-10-07 17:57:09--  http://www.voanews.com/MediaAssets2/classroom/interactive_learning/interactive_wordbook/deploy/audio/visa%20(noun).mp3
Reusing existing connection to www.voanews.com:80.
HTTP request sent, awaiting response... 200 OK
Length: 456038 (445K) [audio/mpeg]
Saving to: ‘visa (noun).mp3’

     0K .......... .......... .......... .......... .......... 11%  864K 0s
    50K .......... .......... .......... .......... .......... 22% 1.38M 0s
   100K .......... .......... .......... .......... .......... 33%  992K 0s
   150K .......... .......... .......... .......... .......... 44% 1.28M 0s
   200K .......... .......... .......... .......... .......... 56%  685K 0s
   250K .......... .......... .......... .......... .......... 67% 1.33M 0s
   300K .......... .......... .......... .......... .......... 78%  511K 0s
   350K .......... .......... .......... .......... .......... 89%  944K 0s
   400K .......... .......... .......... .......... .....     100% 1.26M=0.5s

2016-10-07 17:57:09 (932 KB/s) - ‘visa (noun).mp3’ saved [456038/456038]

--2016-10-07 17:57:09--  http://www.voanews.com/MediaAssets2/classroom/interactive_learning/interactive_wordbook/deploy/audio/visit%20(verb).mp3
Reusing existing connection to www.voanews.com:80.
HTTP request sent, awaiting response... 200 OK
Length: 389164 (380K) [audio/mpeg]
Saving to: ‘visit (verb).mp3’

     0K .......... .......... .......... .......... .......... 13%  421K 1s
    50K .......... .......... .......... .......... .......... 26%  464K 1s
   100K .......... .......... .......... .......... .......... 39%  838K 0s
   150K .......... .......... .......... .......... .......... 52%  551K 0s
   200K .......... .......... .......... .......... .......... 65% 1.41M 0s
   250K .......... .......... .......... .......... .......... 78% 1.47M 0s
   300K .......... .......... .......... .......... .......... 92%  751K 0s
   350K .......... .......... ..........                      100% 2.60M=0.5s

2016-10-07 17:57:10 (727 KB/s) - ‘visit (verb).mp3’ saved [389164/389164]

--2016-10-07 17:57:10--  http://www.voanews.com/MediaAssets2/classroom/interactive_learning/interactive_wordbook/deploy/audio/voice%20(noun).mp3
Reusing existing connection to www.voanews.com:80.
HTTP request sent, awaiting response... 200 OK
Length: 377880 (369K) [audio/mpeg]
Saving to: ‘voice (noun).mp3’

     0K .......... .......... .......... .......... .......... 13%  883K 0s
    50K .......... .......... .......... .......... .......... 27%  968K 0s
   100K .......... .......... .......... .......... .......... 40% 1.79M 0s
   150K .......... .......... .......... .......... .......... 54% 1.04M 0s
   200K .......... .......... .......... .......... .......... 67% 1.31M 0s
   250K .......... .......... .......... .......... .......... 81%  717K 0s
   300K .......... .......... .......... .......... .......... 94% 1.13M 0s
   350K .......... .........                                  100% 2.82M=0.3s

2016-10-07 17:57:11 (1.06 MB/s) - ‘voice (noun).mp3’ saved [377880/377880]

--2016-10-07 17:57:11--  http://www.voanews.com/MediaAssets2/classroom/interactive_learning/interactive_wordbook/deploy/audio/volcano%20(noun).mp3
Reusing existing connection to www.voanews.com:80.
HTTP request sent, awaiting response... 200 OK
Length: 450186 (440K) [audio/mpeg]
Saving to: ‘volcano (noun).mp3’

     0K .......... .......... .......... .......... .......... 11%  769K 1s
    50K .......... .......... .......... .......... .......... 22%  715K 0s
   100K .......... .......... .......... .......... .......... 34%  122K 1s
   150K .......... .......... .......... .......... .......... 45%  158K 1s
   200K .......... .......... .......... .......... .......... 56%  214K 1s
   250K .......... .......... .......... .......... .......... 68%  181K 1s
   300K .......... .......... .......... .......... .......... 79%  364K 0s
   350K .......... .......... .......... .......... .......... 90%  296K 0s
   400K .......... .......... .......... .........            100%  325K=1.8s

2016-10-07 17:57:13 (244 KB/s) - ‘volcano (noun).mp3’ saved [450186/450186]

--2016-10-07 17:57:13--  http://www.voanews.com/MediaAssets2/classroom/interactive_learning/interactive_wordbook/deploy/audio/vote%20(verb).mp3
Reusing existing connection to www.voanews.com:80.
HTTP request sent, awaiting response... 200 OK
Length: 588949 (575K) [audio/mpeg]
Saving to: ‘vote (verb).mp3’

     0K .......... .......... .......... .......... ..........  8%  337K 2s
    50K .......... .......... .......... .......... .......... 17%  343K 1s
   100K .......... .......... .......... .......... .......... 26%  532K 1s
   150K .......... .......... .......... .......... .......... 34%  607K 1s
   200K .......... .......... .......... .......... .......... 43%  811K 1s
   250K .......... .......... .......... .......... .......... 52%  751K 1s
   300K .......... .......... .......... .......... .......... 60%  570K 0s
   350K .......... .......... .......... .......... .......... 69%  757K 0s
   400K .......... .......... .......... .......... .......... 78%  574K 0s
   450K .......... .......... .......... .......... .......... 86% 1.07M 0s
   500K .......... .......... .......... .......... .......... 95%  673K 0s
   550K .......... .......... .....                           100%  561K=1.0s

2016-10-07 17:57:15 (573 KB/s) - ‘vote (verb).mp3’ saved [588949/588949]

--2016-10-07 17:57:15--  http://www.voanews.com/MediaAssets2/classroom/interactive_learning/interactive_wordbook/deploy/audio/vote%20(noun).mp3
Reusing existing connection to www.voanews.com:80.
HTTP request sent, awaiting response... 200 OK
Length: 437230 (427K) [audio/mpeg]
Saving to: ‘vote (noun).mp3’

     0K .......... .......... .......... .......... .......... 11%  826K 0s
    50K .......... .......... .......... .......... .......... 23%  585K 0s
   100K .......... .......... .......... .......... .......... 35%  694K 0s
   150K .......... .......... .......... .......... .......... 46%  814K 0s
   200K .......... .......... .......... .......... .......... 58%  563K 0s
   250K .......... .......... .......... .......... .......... 70%  949K 0s
   300K .......... .......... .......... .......... .......... 81%  859K 0s
   350K .......... .......... .......... .......... .......... 93%  996K 0s
   400K .......... .......... ......                          100%  786K=0.6s

2016-10-07 17:57:16 (757 KB/s) - ‘vote (noun).mp3’ saved [437230/437230]

--2016-10-07 17:57:16--  http://www.voanews.com/MediaAssets2/classroom/interactive_learning/interactive_wordbook/deploy/audio/wages%20(noun).mp3
Reusing existing connection to www.voanews.com:80.
HTTP request sent, awaiting response... 200 OK
Length: 397897 (389K) [audio/mpeg]
Saving to: ‘wages (noun).mp3’

     0K .......... .......... .......... .......... .......... 12%  823K 0s
    50K .......... .......... .......... .......... .......... 25%  567K 0s
   100K .......... .......... .......... .......... .......... 38%  895K 0s
   150K .......... .......... .......... .......... .......... 51%  495K 0s
   200K .......... .......... .......... .......... .......... 64%  794K 0s
   250K .......... .......... .......... .......... .......... 77%  394K 0s
   300K .......... .......... .......... .......... .......... 90%  509K 0s
   350K .......... .......... .......... ........             100%  429K=0.7s

2016-10-07 17:57:17 (568 KB/s) - ‘wages (noun).mp3’ saved [397897/397897]

--2016-10-07 17:57:17--  http://www.voanews.com/MediaAssets2/classroom/interactive_learning/interactive_wordbook/deploy/audio/wall%20(noun).mp3
Reusing existing connection to www.voanews.com:80.
HTTP request sent, awaiting response... 200 OK
Length: 450560 (440K) [audio/mpeg]
Saving to: ‘wall (noun).mp3’

     0K .......... .......... .......... .......... .......... 11%  747K 1s
    50K .......... .......... .......... .......... .......... 22% 1.31M 0s
   100K .......... .......... .......... .......... .......... 34%  580K 0s
   150K .......... .......... .......... .......... .......... 45% 1.28M 0s
   200K .......... .......... .......... .......... .......... 56% 1.21M 0s
   250K .......... .......... .......... .......... .......... 68% 1.21M 0s
   300K .......... .......... .......... .......... .......... 79% 1.30M 0s
   350K .......... .......... .......... .......... .......... 90% 1.76M 0s
   400K .......... .......... .......... ..........           100% 1.21M=0.4s

2016-10-07 17:57:17 (1.06 MB/s) - ‘wall (noun).mp3’ saved [450560/450560]

--2016-10-07 17:57:17--  http://www.voanews.com/MediaAssets2/classroom/interactive_learning/interactive_wordbook/deploy/audio/warm%20(adjective).mp3
Reusing existing connection to www.voanews.com:80.
HTTP request sent, awaiting response... 200 OK
Length: 388284 (379K) [audio/mpeg]
Saving to: ‘warm (adjective).mp3’

     0K .......... .......... .......... .......... .......... 13%  459K 1s
    50K .......... .......... .......... .......... .......... 26%  861K 0s
   100K .......... .......... .......... .......... .......... 39%  933K 0s
   150K .......... .......... .......... .......... .......... 52% 1019K 0s
   200K .......... .......... .......... .......... .......... 65% 1.30M 0s
   250K .......... .......... .......... .......... .......... 79%  762K 0s
   300K .......... .......... .......... .......... .......... 92% 1.45M 0s
   350K .......... .......... .........                       100%  817K=0.4s

2016-10-07 17:57:18 (858 KB/s) - ‘warm (adjective).mp3’ saved [388284/388284]

--2016-10-07 17:57:18--  http://www.voanews.com/MediaAssets2/classroom/interactive_learning/interactive_wordbook/deploy/audio/warn%20(verb).mp3
Reusing existing connection to www.voanews.com:80.
HTTP request sent, awaiting response... 200 OK
Length: 376581 (368K) [audio/mpeg]
Saving to: ‘warn (verb).mp3’

     0K .......... .......... .......... .......... .......... 13% 1.88M 0s
    50K .......... .......... .......... .......... .......... 27% 1.28M 0s
   100K .......... .......... .......... .......... .......... 40%  847K 0s
   150K .......... .......... .......... .......... .......... 54% 2.09M 0s
   200K .......... .......... .......... .......... .......... 67%  988K 0s
   250K .......... .......... .......... .......... .......... 81% 1.09M 0s
   300K .......... .......... .......... .......... .......... 95%  681K 0s
   350K .......... .......                                    100% 4.32M=0.3s

2016-10-07 17:57:19 (1.12 MB/s) - ‘warn (verb).mp3’ saved [376581/376581]

--2016-10-07 17:57:19--  http://www.voanews.com/MediaAssets2/classroom/interactive_learning/interactive_wordbook/deploy/audio/wash%20(verb).mp3
Reusing existing connection to www.voanews.com:80.
HTTP request sent, awaiting response... 200 OK
Length: 354011 (346K) [audio/mpeg]
Saving to: ‘wash (verb).mp3’

     0K .......... .......... .......... .......... .......... 14% 1.68M 0s
    50K .......... .......... .......... .......... .......... 28% 1.01M 0s
   100K .......... .......... .......... .......... .......... 43%  926K 0s
   150K .......... .......... .......... .......... .......... 57% 1.05M 0s
   200K .......... .......... .......... .......... .......... 72%  945K 0s
   250K .......... .......... .......... .......... .......... 86%  949K 0s
   300K .......... .......... .......... .......... .....     100%  916K=0.3s

2016-10-07 17:57:19 (1.01 MB/s) - ‘wash (verb).mp3’ saved [354011/354011]

--2016-10-07 17:57:19--  http://www.voanews.com/MediaAssets2/classroom/interactive_learning/interactive_wordbook/deploy/audio/waste%20(verb).mp3
Reusing existing connection to www.voanews.com:80.
HTTP request sent, awaiting response... 200 OK
Length: 371148 (362K) [audio/mpeg]
Saving to: ‘waste (verb).mp3’

     0K .......... .......... .......... .......... .......... 13%  849K 0s
    50K .......... .......... .......... .......... .......... 27%  528K 0s
   100K .......... .......... .......... .......... .......... 41%  972K 0s
   150K .......... .......... .......... .......... .......... 55%  678K 0s
   200K .......... .......... .......... .......... .......... 68%  888K 0s
   250K .......... .......... .......... .......... .......... 82%  903K 0s
   300K .......... .......... .......... .......... .......... 96% 1.18M 0s
   350K .......... ..                                         100%  361K=0.5s

2016-10-07 17:57:20 (778 KB/s) - ‘waste (verb).mp3’ saved [371148/371148]

--2016-10-07 17:57:20--  http://www.voanews.com/MediaAssets2/classroom/interactive_learning/interactive_wordbook/deploy/audio/waste%20(noun).mp3
Reusing existing connection to www.voanews.com:80.
HTTP request sent, awaiting response... 200 OK
Length: 503223 (491K) [audio/mpeg]
Saving to: ‘waste (noun).mp3’

     0K .......... .......... .......... .......... .......... 10% 1.03M 0s
    50K .......... .......... .......... .......... .......... 20%  541K 1s
   100K .......... .......... .......... .......... .......... 30%  877K 0s
   150K .......... .......... .......... .......... .......... 40% 1.43M 0s
   200K .......... .......... .......... .......... .......... 50% 1.54M 0s
   250K .......... .......... .......... .......... .......... 61%  691K 0s
   300K .......... .......... .......... .......... .......... 71% 1.05M 0s
   350K .......... .......... .......... .......... .......... 81% 1.64M 0s
   400K .......... .......... .......... .......... .......... 91% 1.31M 0s
   450K .......... .......... .......... .......... .         100% 1.04M=0.5s

2016-10-07 17:57:21 (1008 KB/s) - ‘waste (noun).mp3’ saved [503223/503223]

--2016-10-07 17:57:21--  http://www.voanews.com/MediaAssets2/classroom/interactive_learning/interactive_wordbook/deploy/audio/watch%20(verb).mp3
Reusing existing connection to www.voanews.com:80.
HTTP request sent, awaiting response... 200 OK
Length: 277525 (271K) [audio/mpeg]
Saving to: ‘watch (verb).mp3’

     0K .......... .......... .......... .......... .......... 18% 1.55M 0s
    50K .......... .......... .......... .......... .......... 36% 2.25M 0s
   100K .......... .......... .......... .......... .......... 55% 1.23M 0s
   150K .......... .......... .......... .......... .......... 73% 1.29M 0s
   200K .......... .......... .......... .......... .......... 92% 1.85M 0s
   250K .......... .......... .                               100% 3.02M=0.2s

2016-10-07 17:57:22 (1.61 MB/s) - ‘watch (verb).mp3’ saved [277525/277525]

--2016-10-07 17:57:22--  http://www.voanews.com/MediaAssets2/classroom/interactive_learning/interactive_wordbook/deploy/audio/wave%20(noun).mp3
Reusing existing connection to www.voanews.com:80.
HTTP request sent, awaiting response... 200 OK
Length: 571768 (558K) [audio/mpeg]
Saving to: ‘wave (noun).mp3’

     0K .......... .......... .......... .......... ..........  8% 5.09M 0s
    50K .......... .......... .......... .......... .......... 17%  508K 0s
   100K .......... .......... .......... .......... .......... 26% 1.29M 0s
   150K .......... .......... .......... .......... .......... 35%  935K 0s
   200K .......... .......... .......... .......... .......... 44%  822K 0s
   250K .......... .......... .......... .......... .......... 53%  851K 0s
   300K .......... .......... .......... .......... .......... 62% 1004K 0s
   350K .......... .......... .......... .......... .......... 71% 1.08M 0s
   400K .......... .......... .......... .......... .......... 80% 1.45M 0s
   450K .......... .......... .......... .......... .......... 89% 2.04M 0s
   500K .......... .......... .......... .......... .......... 98%  805K 0s
   550K ........                                              100% 4.50M=0.5s

2016-10-07 17:57:22 (1.02 MB/s) - ‘wave (noun).mp3’ saved [571768/571768]

--2016-10-07 17:57:22--  http://www.voanews.com/MediaAssets2/classroom/interactive_learning/interactive_wordbook/deploy/audio/way%20(noun).mp3
Reusing existing connection to www.voanews.com:80.
HTTP request sent, awaiting response... 200 OK
Length: 471040 (460K) [audio/mpeg]
Saving to: ‘way (noun).mp3’

     0K .......... .......... .......... .......... .......... 10% 4.11M 0s
    50K .......... .......... .......... .......... .......... 21% 1.03M 0s
   100K .......... .......... .......... .......... .......... 32% 1.43M 0s
   150K .......... .......... .......... .......... .......... 43% 1020K 0s
   200K .......... .......... .......... .......... .......... 54%  896K 0s
   250K .......... .......... .......... .......... .......... 65%  686K 0s
   300K .......... .......... .......... .......... .......... 76%  708K 0s
   350K .......... .......... .......... .......... .......... 86%  903K 0s
   400K .......... .......... .......... .......... .......... 97% 1012K 0s
   450K ..........                                            100%  410K=0.5s

2016-10-07 17:57:23 (977 KB/s) - ‘way (noun).mp3’ saved [471040/471040]

--2016-10-07 17:57:23--  http://www.voanews.com/MediaAssets2/classroom/interactive_learning/interactive_wordbook/deploy/audio/weak%20(adjective).mp3
Reusing existing connection to www.voanews.com:80.
HTTP request sent, awaiting response... 200 OK
Length: 336875 (329K) [audio/mpeg]
Saving to: ‘weak (adjective).mp3’

     0K .......... .......... .......... .......... .......... 15% 1.39M 0s
    50K .......... .......... .......... .......... .......... 30%  720K 0s
   100K .......... .......... .......... .......... .......... 45%  569K 0s
   150K .......... .......... .......... .......... .......... 60%  571K 0s
   200K .......... .......... .......... .......... .......... 75%  904K 0s
   250K .......... .......... .......... .......... .......... 91%  634K 0s
   300K .......... .......... ........                        100% 1.22M=0.4s

2016-10-07 17:57:24 (752 KB/s) - ‘weak (adjective).mp3’ saved [336875/336875]

--2016-10-07 17:57:24--  http://www.voanews.com/MediaAssets2/classroom/interactive_learning/interactive_wordbook/deploy/audio/wealth%20(noun).mp3
Reusing existing connection to www.voanews.com:80.
HTTP request sent, awaiting response... 200 OK
Length: 402077 (393K) [audio/mpeg]
Saving to: ‘wealth (noun).mp3’

     0K .......... .......... .......... .......... .......... 12% 1.12M 0s
    50K .......... .......... .......... .......... .......... 25% 1.84M 0s
   100K .......... .......... .......... .......... .......... 38%  990K 0s
   150K .......... .......... .......... .......... .......... 50% 1.32M 0s
   200K .......... .......... .......... .......... .......... 63%  795K 0s
   250K .......... .......... .......... .......... .......... 76% 1.54M 0s
   300K .......... .......... .......... .......... .......... 89% 1.08M 0s
   350K .......... .......... .......... .......... ..        100% 2.05M=0.3s

2016-10-07 17:57:25 (1.21 MB/s) - ‘wealth (noun).mp3’ saved [402077/402077]

--2016-10-07 17:57:25--  http://www.voanews.com/MediaAssets2/classroom/interactive_learning/interactive_wordbook/deploy/audio/weapon%20(noun).mp3
Reusing existing connection to www.voanews.com:80.
HTTP request sent, awaiting response... 200 OK
Length: 405838 (396K) [audio/mpeg]
Saving to: ‘weapon (noun).mp3’

     0K .......... .......... .......... .......... .......... 12% 2.21M 0s
    50K .......... .......... .......... .......... .......... 25% 1.04M 0s
   100K .......... .......... .......... .......... .......... 37% 1.06M 0s
   150K .......... .......... .......... .......... .......... 50% 1005K 0s
   200K .......... .......... .......... .......... .......... 63% 1.11M 0s
   250K .......... .......... .......... .......... .......... 75% 1.82M 0s
   300K .......... .......... .......... .......... .......... 88%  598K 0s
   350K .......... .......... .......... .......... ......    100%  643K=0.4s

2016-10-07 17:57:25 (1012 KB/s) - ‘weapon (noun).mp3’ saved [405838/405838]

--2016-10-07 17:57:25--  http://www.voanews.com/MediaAssets2/classroom/interactive_learning/interactive_wordbook/deploy/audio/wear%20(verb).mp3
Reusing existing connection to www.voanews.com:80.
HTTP request sent, awaiting response... 200 OK
Length: 381179 (372K) [audio/mpeg]
Saving to: ‘wear (verb).mp3’

     0K .......... .......... .......... .......... .......... 13%  876K 0s
    50K .......... .......... .......... .......... .......... 26%  557K 0s
   100K .......... .......... .......... .......... .......... 40%  939K 0s
   150K .......... .......... .......... .......... .......... 53%  667K 0s
   200K .......... .......... .......... .......... .......... 67%  518K 0s
   250K .......... .......... .......... .......... .......... 80%  767K 0s
   300K .......... .......... .......... .......... .......... 94%  619K 0s
   350K .......... .......... ..                              100%  418K=0.6s

2016-10-07 17:57:26 (652 KB/s) - ‘wear (verb).mp3’ saved [381179/381179]

--2016-10-07 17:57:26--  http://www.voanews.com/MediaAssets2/classroom/interactive_learning/interactive_wordbook/deploy/audio/weather%20(noun).mp3
Reusing existing connection to www.voanews.com:80.
HTTP request sent, awaiting response... 200 OK
Length: 341099 (333K) [audio/mpeg]
Saving to: ‘weather (noun).mp3’

     0K .......... .......... .......... .......... .......... 15%  838K 0s
    50K .......... .......... .......... .......... .......... 30%  528K 0s
   100K .......... .......... .......... .......... .......... 45%  648K 0s
   150K .......... .......... .......... .......... .......... 60%  813K 0s
   200K .......... .......... .......... .......... .......... 75% 1.24M 0s
   250K .......... .......... .......... .......... .......... 90% 1.16M 0s
   300K .......... .......... .......... ...                  100%  971K=0.4s

2016-10-07 17:57:27 (815 KB/s) - ‘weather (noun).mp3’ saved [341099/341099]

--2016-10-07 17:57:27--  http://www.voanews.com/MediaAssets2/classroom/interactive_learning/interactive_wordbook/deploy/audio/website%20(noun).mp3
Reusing existing connection to www.voanews.com:80.
HTTP request sent, awaiting response... 200 OK
Length: 282540 (276K) [audio/mpeg]
Saving to: ‘website (noun).mp3’

     0K .......... .......... .......... .......... .......... 18%  975K 0s
    50K .......... .......... .......... .......... .......... 36%  836K 0s
   100K .......... .......... .......... .......... .......... 54%  696K 0s
   150K .......... .......... .......... .......... .......... 72%  528K 0s
   200K .......... .......... .......... .......... .......... 90%  835K 0s
   250K .......... .......... .....                           100%  489K=0.4s

2016-10-07 17:57:28 (707 KB/s) - ‘website (noun).mp3’ saved [282540/282540]

--2016-10-07 17:57:28--  http://www.voanews.com/MediaAssets2/classroom/interactive_learning/interactive_wordbook/deploy/audio/welcome%20(verb).mp3
Reusing existing connection to www.voanews.com:80.
HTTP request sent, awaiting response... 200 OK
Length: 356519 (348K) [audio/mpeg]
Saving to: ‘welcome (verb).mp3’

     0K .......... .......... .......... .......... .......... 14%  823K 0s
    50K .......... .......... .......... .......... .......... 28%  580K 0s
   100K .......... .......... .......... .......... .......... 43%  510K 0s
   150K .......... .......... .......... .......... .......... 57%  959K 0s
   200K .......... .......... .......... .......... .......... 71%  984K 0s
   250K .......... .......... .......... .......... .......... 86%  611K 0s
   300K .......... .......... .......... .......... ........  100%  768K=0.5s

2016-10-07 17:57:29 (707 KB/s) - ‘welcome (verb).mp3’ saved [356519/356519]

--2016-10-07 17:57:29--  http://www.voanews.com/MediaAssets2/classroom/interactive_learning/interactive_wordbook/deploy/audio/well%20(adverb).mp3
Reusing existing connection to www.voanews.com:80.
HTTP request sent, awaiting response... 200 OK
Length: 263314 (257K) [audio/mpeg]
Saving to: ‘well (adverb).mp3’

     0K .......... .......... .......... .......... .......... 19% 1.00M 0s
    50K .......... .......... .......... .......... .......... 38%  904K 0s
   100K .......... .......... .......... .......... .......... 58%  707K 0s
   150K .......... .......... .......... .......... .......... 77% 1.19M 0s
   200K .......... .......... .......... .......... .......... 97%  923K 0s
   250K .......                                               100% 4.82M=0.3s

2016-10-07 17:57:29 (948 KB/s) - ‘well (adverb).mp3’ saved [263314/263314]

--2016-10-07 17:57:29--  http://www.voanews.com/MediaAssets2/classroom/interactive_learning/interactive_wordbook/deploy/audio/west%20(adjective).mp3
Reusing existing connection to www.voanews.com:80.
HTTP request sent, awaiting response... 200 OK
Length: 330606 (323K) [audio/mpeg]
Saving to: ‘west (adjective).mp3’

     0K .......... .......... .......... .......... .......... 15%  885K 0s
    50K .......... .......... .......... .......... .......... 30% 1.93M 0s
   100K .......... .......... .......... .......... .......... 46% 1.81M 0s
   150K .......... .......... .......... .......... .......... 61% 1.64M 0s
   200K .......... .......... .......... .......... .......... 77% 1.16M 0s
   250K .......... .......... .......... .......... .......... 92%  636K 0s
   300K .......... .......... ..                              100% 1.18M=0.3s

2016-10-07 17:57:30 (1.13 MB/s) - ‘west (adjective).mp3’ saved [330606/330606]

--2016-10-07 17:57:30--  http://www.voanews.com/MediaAssets2/classroom/interactive_learning/interactive_wordbook/deploy/audio/wet%20(adjective).mp3
Reusing existing connection to www.voanews.com:80.
HTTP request sent, awaiting response... 200 OK
Length: 323918 (316K) [audio/mpeg]
Saving to: ‘wet (adjective).mp3’

     0K .......... .......... .......... .......... .......... 15% 1.54M 0s
    50K .......... .......... .......... .......... .......... 31%  836K 0s
   100K .......... .......... .......... .......... .......... 47% 1.60M 0s
   150K .......... .......... .......... .......... .......... 63%  248K 0s
   200K .......... .......... .......... .......... .......... 79%  837K 0s
   250K .......... .......... .......... .......... .......... 94% 1.68M 0s
   300K .......... ......                                     100% 1.58M=0.4s

2016-10-07 17:57:31 (749 KB/s) - ‘wet (adjective).mp3’ saved [323918/323918]

--2016-10-07 17:57:31--  http://www.voanews.com/MediaAssets2/classroom/interactive_learning/interactive_wordbook/deploy/audio/wheat%20(noun).mp3
Reusing existing connection to www.voanews.com:80.
HTTP request sent, awaiting response... 200 OK
Length: 329770 (322K) [audio/mpeg]
Saving to: ‘wheat (noun).mp3’

     0K .......... .......... .......... .......... .......... 15% 1.05M 0s
    50K .......... .......... .......... .......... .......... 31%  870K 0s
   100K .......... .......... .......... .......... .......... 46%  821K 0s
   150K .......... .......... .......... .......... .......... 62%  548K 0s
   200K .......... .......... .......... .......... .......... 77% 1.28M 0s
   250K .......... .......... .......... .......... .......... 93%  797K 0s
   300K .......... .......... ..                              100% 1.37M=0.4s

2016-10-07 17:57:31 (864 KB/s) - ‘wheat (noun).mp3’ saved [329770/329770]

--2016-10-07 17:57:31--  http://www.voanews.com/MediaAssets2/classroom/interactive_learning/interactive_wordbook/deploy/audio/wheel%20(noun).mp3
Reusing existing connection to www.voanews.com:80.
HTTP request sent, awaiting response... 200 OK
Length: 397479 (388K) [audio/mpeg]
Saving to: ‘wheel (noun).mp3’

     0K .......... .......... .......... .......... .......... 12%  606K 1s
    50K .......... .......... .......... .......... .......... 25%  555K 0s
   100K .......... .......... .......... .......... .......... 38%  992K 0s
   150K .......... .......... .......... .......... .......... 51%  902K 0s
   200K .......... .......... .......... .......... .......... 64%  549K 0s
   250K .......... .......... .......... .......... .......... 77% 1.08M 0s
   300K .......... .......... .......... .......... .......... 90%  567K 0s
   350K .......... .......... .......... ........             100%  794K=0.6s

2016-10-07 17:57:32 (705 KB/s) - ‘wheel (noun).mp3’ saved [397479/397479]

--2016-10-07 17:57:32--  http://www.voanews.com/MediaAssets2/classroom/interactive_learning/interactive_wordbook/deploy/audio/whether%20(conjunction).mp3
Reusing existing connection to www.voanews.com:80.
HTTP request sent, awaiting response... 200 OK
Length: 304692 (298K) [audio/mpeg]
Saving to: ‘whether (conjunction).mp3’

     0K .......... .......... .......... .......... .......... 16%  906K 0s
    50K .......... .......... .......... .......... .......... 33%  764K 0s
   100K .......... .......... .......... .......... .......... 50%  506K 0s
   150K .......... .......... .......... .......... .......... 67%  716K 0s
   200K .......... .......... .......... .......... .......... 84% 1.14M 0s
   250K .......... .......... .......... .......... .......   100%  649K=0.4s

2016-10-07 17:57:33 (734 KB/s) - ‘whether (conjunction).mp3’ saved [304692/304692]

--2016-10-07 17:57:33--  http://www.voanews.com/MediaAssets2/classroom/interactive_learning/interactive_wordbook/deploy/audio/which%20(pronoun).mp3
Reusing existing connection to www.voanews.com:80.
HTTP request sent, awaiting response... 200 OK
Length: 363207 (355K) [audio/mpeg]
Saving to: ‘which (pronoun).mp3’

     0K .......... .......... .......... .......... .......... 14%  908K 0s
    50K .......... .......... .......... .......... .......... 28% 1.05M 0s
   100K .......... .......... .......... .......... .......... 42%  678K 0s
   150K .......... .......... .......... .......... .......... 56%  583K 0s
   200K .......... .......... .......... .......... .......... 70%  745K 0s
   250K .......... .......... .......... .......... .......... 84%  763K 0s
   300K .......... .......... .......... .......... .......... 98%  579K 0s
   350K ....                                                  100%  213K=0.5s

2016-10-07 17:57:34 (707 KB/s) - ‘which (pronoun).mp3’ saved [363207/363207]

--2016-10-07 17:57:34--  http://www.voanews.com/MediaAssets2/classroom/interactive_learning/interactive_wordbook/deploy/audio/while%20(conjunction).mp3
Reusing existing connection to www.voanews.com:80.
HTTP request sent, awaiting response... 200 OK
Length: 343144 (335K) [audio/mpeg]
Saving to: ‘while (conjunction).mp3’

     0K .......... .......... .......... .......... .......... 14%  705K 0s
    50K .......... .......... .......... .......... .......... 29% 1.11M 0s
   100K .......... .......... .......... .......... .......... 44%  574K 0s
   150K .......... .......... .......... .......... .......... 59%  775K 0s
   200K .......... .......... .......... .......... .......... 74%  742K 0s
   250K .......... .......... .......... .......... .......... 89%  447K 0s
   300K .......... .......... .......... .....                100%  583K=0.5s

2016-10-07 17:57:35 (662 KB/s) - ‘while (conjunction).mp3’ saved [343144/343144]

--2016-10-07 17:57:35--  http://www.voanews.com/MediaAssets2/classroom/interactive_learning/interactive_wordbook/deploy/audio/whole%20(adjective).mp3
Reusing existing connection to www.voanews.com:80.
HTTP request sent, awaiting response... 200 OK
Length: 103392 (101K) [audio/mpeg]
Saving to: ‘whole (adjective).mp3’

     0K .......... .......... .......... .......... .......... 49%  744K 0s
    50K .......... .......... .......... .......... .......... 99%  805K 0s
   100K                                                       100% 1848G=0.1s

2016-10-07 17:57:35 (781 KB/s) - ‘whole (adjective).mp3’ saved [103392/103392]

--2016-10-07 17:57:35--  http://www.voanews.com/MediaAssets2/classroom/interactive_learning/interactive_wordbook/deploy/audio/wide%20(adjective).mp3
Reusing existing connection to www.voanews.com:80.
HTTP request sent, awaiting response... 200 OK
Length: 109440 (107K) [audio/mpeg]
Saving to: ‘wide (adjective).mp3’

     0K .......... .......... .......... .......... .......... 46%  593K 0s
    50K .......... .......... .......... .......... .......... 93% 1005K 0s
   100K ......                                                100% 1.63M=0.1s

2016-10-07 17:57:36 (773 KB/s) - ‘wide (adjective).mp3’ saved [109440/109440]

--2016-10-07 17:57:36--  http://www.voanews.com/MediaAssets2/classroom/interactive_learning/interactive_wordbook/deploy/audio/wild%20(adjective).mp3
Reusing existing connection to www.voanews.com:80.
HTTP request sent, awaiting response... 200 OK
Length: 400823 (391K) [audio/mpeg]
Saving to: ‘wild (adjective).mp3’

     0K .......... .......... .......... .......... .......... 12% 1.01M 0s
    50K .......... .......... .......... .......... .......... 25%  734K 0s
   100K .......... .......... .......... .......... .......... 38%  788K 0s
   150K .......... .......... .......... .......... .......... 51% 1.16M 0s
   200K .......... .......... .......... .......... .......... 63% 1.18M 0s
   250K .......... .......... .......... .......... .......... 76%  866K 0s
   300K .......... .......... .......... .......... .......... 89% 1.75M 0s
   350K .......... .......... .......... .......... .         100% 1.04M=0.4s

2016-10-07 17:57:36 (1008 KB/s) - ‘wild (adjective).mp3’ saved [400823/400823]

--2016-10-07 17:57:36--  http://www.voanews.com/MediaAssets2/classroom/interactive_learning/interactive_wordbook/deploy/audio/willing%20(adjective).mp3
Reusing existing connection to www.voanews.com:80.
HTTP request sent, awaiting response... 200 OK
Length: 333949 (326K) [audio/mpeg]
Saving to: ‘willing (adjective).mp3’

     0K .......... .......... .......... .......... .......... 15% 2.16M 0s
    50K .......... .......... .......... .......... .......... 30% 1007K 0s
   100K .......... .......... .......... .......... .......... 45% 1.89M 0s
   150K .......... .......... .......... .......... .......... 61% 1.90M 0s
   200K .......... .......... .......... .......... .......... 76% 1.08M 0s
   250K .......... .......... .......... .......... .......... 91% 2.64M 0s
   300K .......... .......... ......                          100% 1.98M=0.2s

2016-10-07 17:57:37 (1.59 MB/s) - ‘willing (adjective).mp3’ saved [333949/333949]

--2016-10-07 17:57:37--  http://www.voanews.com/MediaAssets2/classroom/interactive_learning/interactive_wordbook/deploy/audio/win%20(verb).mp3
Reusing existing connection to www.voanews.com:80.
HTTP request sent, awaiting response... 200 OK
Length: 363624 (355K) [audio/mpeg]
Saving to: ‘win (verb).mp3’

     0K .......... .......... .......... .......... .......... 14% 4.37M 0s
    50K .......... .......... .......... .......... .......... 28%  979K 0s
   100K .......... .......... .......... .......... .......... 42% 1.38M 0s
   150K .......... .......... .......... .......... .......... 56% 6.64M 0s
   200K .......... .......... .......... .......... .......... 70%  668K 0s
   250K .......... .......... .......... .......... .......... 84% 2.34M 0s
   300K .......... .......... .......... .......... .......... 98% 1.82M 0s
   350K .....                                                 100% 7.30M=0.2s

2016-10-07 17:57:37 (1.52 MB/s) - ‘win (verb).mp3’ saved [363624/363624]

--2016-10-07 17:57:37--  http://www.voanews.com/MediaAssets2/classroom/interactive_learning/interactive_wordbook/deploy/audio/wind%20(noun).mp3
Reusing existing connection to www.voanews.com:80.
HTTP request sent, awaiting response... 200 OK
Length: 307618 (300K) [audio/mpeg]
Saving to: ‘wind (noun).mp3’

     0K .......... .......... .......... .......... .......... 16% 4.39M 0s
    50K .......... .......... .......... .......... .......... 33% 1.67M 0s
   100K .......... .......... .......... .......... .......... 49%  732K 0s
   150K .......... .......... .......... .......... .......... 66% 3.66M 0s
   200K .......... .......... .......... .......... .......... 83% 1.82M 0s
   250K .......... .......... .......... .......... .......... 99% 1.12M 0s
   300K                                                       100%  779G=0.2s

2016-10-07 17:57:38 (1.52 MB/s) - ‘wind (noun).mp3’ saved [307618/307618]

--2016-10-07 17:57:38--  http://www.voanews.com/MediaAssets2/classroom/interactive_learning/interactive_wordbook/deploy/audio/winter%20(noun).mp3
Reusing existing connection to www.voanews.com:80.
HTTP request sent, awaiting response... 200 OK
Length: 276689 (270K) [audio/mpeg]
Saving to: ‘winter (noun).mp3’

     0K .......... .......... .......... .......... .......... 18% 3.29M 0s
    50K .......... .......... .......... .......... .......... 37% 1.43M 0s
   100K .......... .......... .......... .......... .......... 55% 1.10M 0s
   150K .......... .......... .......... .......... .......... 74% 1.34M 0s
   200K .......... .......... .......... .......... .......... 92%  827K 0s
   250K .......... ..........                                 100% 14.2M=0.2s

2016-10-07 17:57:38 (1.38 MB/s) - ‘winter (noun).mp3’ saved [276689/276689]

--2016-10-07 17:57:38--  http://www.voanews.com/MediaAssets2/classroom/interactive_learning/interactive_wordbook/deploy/audio/wire%20(noun).mp3
Reusing existing connection to www.voanews.com:80.
HTTP request sent, awaiting response... 200 OK
Length: 423393 (413K) [audio/mpeg]
Saving to: ‘wire (noun).mp3’

     0K .......... .......... .......... .......... .......... 12% 2.45M 0s
    50K .......... .......... .......... .......... .......... 24%  864K 0s
   100K .......... .......... .......... .......... .......... 36% 1.07M 0s
   150K .......... .......... .......... .......... .......... 48%  932K 0s
   200K .......... .......... .......... .......... .......... 60% 1.41M 0s
   250K .......... .......... .......... .......... .......... 72% 2.31M 0s
   300K .......... .......... .......... .......... .......... 84% 1.14M 0s
   350K .......... .......... .......... .......... .......... 96% 1.60M 0s
   400K .......... ...                                        100% 10.4M=0.3s

2016-10-07 17:57:39 (1.31 MB/s) - ‘wire (noun).mp3’ saved [423393/423393]

--2016-10-07 17:57:39--  http://www.voanews.com/MediaAssets2/classroom/interactive_learning/interactive_wordbook/deploy/audio/wise%20(adjective).mp3
Reusing existing connection to www.voanews.com:80.
HTTP request sent, awaiting response... 200 OK
Length: 377044 (368K) [audio/mpeg]
Saving to: ‘wise (adjective).mp3’

     0K .......... .......... .......... .......... .......... 13% 1001K 0s
    50K .......... .......... .......... .......... .......... 27% 1.33M 0s
   100K .......... .......... .......... .......... .......... 40%  746K 0s
   150K .......... .......... .......... .......... .......... 54% 1.12M 0s
   200K .......... .......... .......... .......... .......... 67%  673K 0s
   250K .......... .......... .......... .......... .......... 81% 1.77M 0s
   300K .......... .......... .......... .......... .......... 95%  915K 0s
   350K .......... ........                                   100% 22.5M=0.4s

2016-10-07 17:57:40 (1.01 MB/s) - ‘wise (adjective).mp3’ saved [377044/377044]

--2016-10-07 17:57:40--  http://www.voanews.com/MediaAssets2/classroom/interactive_learning/interactive_wordbook/deploy/audio/wish%20(noun).mp3
Reusing existing connection to www.voanews.com:80.
HTTP request sent, awaiting response... 200 OK
Length: 303856 (297K) [audio/mpeg]
Saving to: ‘wish (noun).mp3’

     0K .......... .......... .......... .......... .......... 16%  810K 0s
    50K .......... .......... .......... .......... .......... 33%  813K 0s
   100K .......... .......... .......... .......... .......... 50%  636K 0s
   150K .......... .......... .......... .......... .......... 67%  702K 0s
   200K .......... .......... .......... .......... .......... 84%  697K 0s
   250K .......... .......... .......... .......... ......    100%  668K=0.4s

2016-10-07 17:57:41 (716 KB/s) - ‘wish (noun).mp3’ saved [303856/303856]

--2016-10-07 17:57:41--  http://www.voanews.com/MediaAssets2/classroom/interactive_learning/interactive_wordbook/deploy/audio/withdraw%20(verb).mp3
Reusing existing connection to www.voanews.com:80.
HTTP request sent, awaiting response... 200 OK
Length: 400823 (391K) [audio/mpeg]
Saving to: ‘withdraw (verb).mp3’

     0K .......... .......... .......... .......... .......... 12% 1.05M 0s
    50K .......... .......... .......... .......... .......... 25% 1.03M 0s
   100K .......... .......... .......... .......... .......... 38%  843K 0s
   150K .......... .......... .......... .......... .......... 51%  825K 0s
   200K .......... .......... .......... .......... .......... 63%  795K 0s
   250K .......... .......... .......... .......... .......... 76% 1.37M 0s
   300K .......... .......... .......... .......... .......... 89%  697K 0s
   350K .......... .......... .......... .......... .         100% 1.24M=0.4s

2016-10-07 17:57:41 (939 KB/s) - ‘withdraw (verb).mp3’ saved [400823/400823]

--2016-10-07 17:57:41--  http://www.voanews.com/MediaAssets2/classroom/interactive_learning/interactive_wordbook/deploy/audio/without%20(preposition).mp3
Reusing existing connection to www.voanews.com:80.
HTTP request sent, awaiting response... 200 OK
Length: 323500 (316K) [audio/mpeg]
Saving to: ‘without (preposition).mp3’

     0K .......... .......... .......... .......... .......... 15%  716K 0s
    50K .......... .......... .......... .......... .......... 31% 1.15M 0s
   100K .......... .......... .......... .......... .......... 47%  854K 0s
   150K .......... .......... .......... .......... .......... 63% 1.73M 0s
   200K .......... .......... .......... .......... .......... 79% 1.31M 0s
   250K .......... .......... .......... .......... .......... 94%  849K 0s
   300K .......... .....                                      100%  587K=0.3s

2016-10-07 17:57:42 (980 KB/s) - ‘without (preposition).mp3’ saved [323500/323500]

--2016-10-07 17:57:42--  http://www.voanews.com/MediaAssets2/classroom/interactive_learning/interactive_wordbook/deploy/audio/witness%20(noun).mp3
Reusing existing connection to www.voanews.com:80.
HTTP request sent, awaiting response... 200 OK
Length: 392882 (384K) [audio/mpeg]
Saving to: ‘witness (noun).mp3’

     0K .......... .......... .......... .......... .......... 13% 1.19M 0s
    50K .......... .......... .......... .......... .......... 26%  970K 0s
   100K .......... .......... .......... .......... .......... 39%  658K 0s
   150K .......... .......... .......... .......... .......... 52% 1.16M 0s
   200K .......... .......... .......... .......... .......... 65%  414K 0s
   250K .......... .......... .......... .......... .......... 78%  829K 0s
   300K .......... .......... .......... .......... .......... 91%  668K 0s
   350K .......... .......... .......... ...                  100%  701K=0.5s

2016-10-07 17:57:43 (746 KB/s) - ‘witness (noun).mp3’ saved [392882/392882]

--2016-10-07 17:57:43--  http://www.voanews.com/MediaAssets2/classroom/interactive_learning/interactive_wordbook/deploy/audio/wonder%20(verb).mp3
Reusing existing connection to www.voanews.com:80.
HTTP request sent, awaiting response... 200 OK
Length: 310126 (303K) [audio/mpeg]
Saving to: ‘wonder (verb).mp3’

     0K .......... .......... .......... .......... .......... 16%  751K 0s
    50K .......... .......... .......... .......... .......... 33%  914K 0s
   100K .......... .......... .......... .......... .......... 49%  655K 0s
   150K .......... .......... .......... .......... .......... 66%  610K 0s
   200K .......... .......... .......... .......... .......... 82%  865K 0s
   250K .......... .......... .......... .......... .......... 99%  495K 0s
   300K ..                                                    100% 4.22M=0.4s

2016-10-07 17:57:44 (690 KB/s) - ‘wonder (verb).mp3’ saved [310126/310126]

--2016-10-07 17:57:44--  http://www.voanews.com/MediaAssets2/classroom/interactive_learning/interactive_wordbook/deploy/audio/wonder%20(noun).mp3
Reusing existing connection to www.voanews.com:80.
HTTP request sent, awaiting response... 200 OK
Length: 374909 (366K) [audio/mpeg]
Saving to: ‘wonder (noun).mp3’

     0K .......... .......... .......... .......... .......... 13%  625K 1s
    50K .......... .......... .......... .......... .......... 27%  801K 0s
   100K .......... .......... .......... .......... .......... 40% 1.15M 0s
   150K .......... .......... .......... .......... .......... 54%  684K 0s
   200K .......... .......... .......... .......... .......... 68% 1.21M 0s
   250K .......... .......... .......... .......... .......... 81%  900K 0s
   300K .......... .......... .......... .......... .......... 95% 1.31M 0s
   350K .......... ......                                     100% 3.32M=0.4s

2016-10-07 17:57:45 (924 KB/s) - ‘wonder (noun).mp3’ saved [374909/374909]

--2016-10-07 17:57:45--  http://www.voanews.com/MediaAssets2/classroom/interactive_learning/interactive_wordbook/deploy/audio/wonderful%20(adjective).mp3
Reusing existing connection to www.voanews.com:80.
HTTP request sent, awaiting response... 200 OK
Length: 324336 (317K) [audio/mpeg]
Saving to: ‘wonderful (adjective).mp3’

     0K .......... .......... .......... .......... .......... 15%  764K 0s
    50K .......... .......... .......... .......... .......... 31% 1.67M 0s
   100K .......... .......... .......... .......... .......... 47% 1006K 0s
   150K .......... .......... .......... .......... .......... 63% 1.50M 0s
   200K .......... .......... .......... .......... .......... 78% 1.26M 0s
   250K .......... .......... .......... .......... .......... 94%  808K 0s
   300K .......... ......                                     100% 5.50M=0.3s

2016-10-07 17:57:45 (1.10 MB/s) - ‘wonderful (adjective).mp3’ saved [324336/324336]

--2016-10-07 17:57:45--  http://www.voanews.com/MediaAssets2/classroom/interactive_learning/interactive_wordbook/deploy/audio/wood%20(noun).mp3
Reusing existing connection to www.voanews.com:80.
HTTP request sent, awaiting response... 200 OK
Length: 300095 (293K) [audio/mpeg]
Saving to: ‘wood (noun).mp3’

     0K .......... .......... .......... .......... .......... 17%  696K 0s
    50K .......... .......... .......... .......... .......... 34% 1.24M 0s
   100K .......... .......... .......... .......... .......... 51%  476K 0s
   150K .......... .......... .......... .......... .......... 68%  387K 0s
   200K .......... .......... .......... .......... .......... 85%  583K 0s
   250K .......... .......... .......... .......... ...       100%  473K=0.5s

2016-10-07 17:57:46 (561 KB/s) - ‘wood (noun).mp3’ saved [300095/300095]

--2016-10-07 17:57:46--  http://www.voanews.com/MediaAssets2/classroom/interactive_learning/interactive_wordbook/deploy/audio/world%20(noun).mp3
Reusing existing connection to www.voanews.com:80.
HTTP request sent, awaiting response... 200 OK
Length: 344816 (337K) [audio/mpeg]
Saving to: ‘world (noun).mp3’

     0K .......... .......... .......... .......... .......... 14%  703K 0s
    50K .......... .......... .......... .......... .......... 29%  624K 0s
   100K .......... .......... .......... .......... .......... 44%  872K 0s
   150K .......... .......... .......... .......... .......... 59%  356K 0s
   200K .......... .......... .......... .......... .......... 74% 1.09M 0s
   250K .......... .......... .......... .......... .......... 89%  855K 0s
   300K .......... .......... .......... ......               100% 1.06M=0.5s

2016-10-07 17:57:47 (693 KB/s) - ‘world (noun).mp3’ saved [344816/344816]

--2016-10-07 17:57:47--  http://www.voanews.com/MediaAssets2/classroom/interactive_learning/interactive_wordbook/deploy/audio/worry%20(verb).mp3
Reusing existing connection to www.voanews.com:80.
HTTP request sent, awaiting response... 200 OK
Length: 383269 (374K) [audio/mpeg]
Saving to: ‘worry (verb).mp3’

     0K .......... .......... .......... .......... .......... 13%  848K 0s
    50K .......... .......... .......... .......... .......... 26% 1.25M 0s
   100K .......... .......... .......... .......... .......... 40%  782K 0s
   150K .......... .......... .......... .......... .......... 53% 1.37M 0s
   200K .......... .......... .......... .......... .......... 66% 1014K 0s
   250K .......... .......... .......... .......... .......... 80% 1.48M 0s
   300K .......... .......... .......... .......... .......... 93%  921K 0s
   350K .......... .......... ....                            100% 3.54M=0.3s

2016-10-07 17:57:48 (1.07 MB/s) - ‘worry (verb).mp3’ saved [383269/383269]

--2016-10-07 17:57:48--  http://www.voanews.com/MediaAssets2/classroom/interactive_learning/interactive_wordbook/deploy/audio/worse%20(adjective).mp3
Reusing existing connection to www.voanews.com:80.
HTTP request sent, awaiting response... 200 OK
Length: 344398 (336K) [audio/mpeg]
Saving to: ‘worse (adjective).mp3’

     0K .......... .......... .......... .......... .......... 14% 1.08M 0s
    50K .......... .......... .......... .......... .......... 29% 2.06M 0s
   100K .......... .......... .......... .......... .......... 44% 1.05M 0s
   150K .......... .......... .......... .......... .......... 59% 1.31M 0s
   200K .......... .......... .......... .......... .......... 74%  826K 0s
   250K .......... .......... .......... .......... .......... 89% 1.12M 0s
   300K .......... .......... .......... ......               100%  753K=0.3s

2016-10-07 17:57:48 (1.08 MB/s) - ‘worse (adjective).mp3’ saved [344398/344398]

--2016-10-07 17:57:48--  http://www.voanews.com/MediaAssets2/classroom/interactive_learning/interactive_wordbook/deploy/audio/worth%20(noun).mp3
Reusing existing connection to www.voanews.com:80.
HTTP request sent, awaiting response... 200 OK
Length: 336875 (329K) [audio/mpeg]
Saving to: ‘worth (noun).mp3’

     0K .......... .......... .......... .......... .......... 15% 3.14M 0s
    50K .......... .......... .......... .......... .......... 30% 1.11M 0s
   100K .......... .......... .......... .......... .......... 45%  851K 0s
   150K .......... .......... .......... .......... .......... 60% 1.04M 0s
   200K .......... .......... .......... .......... .......... 75%  881K 0s
   250K .......... .......... .......... .......... .......... 91% 1.34M 0s
   300K .......... .......... ........                        100%  658K=0.3s

2016-10-07 17:57:49 (1.06 MB/s) - ‘worth (noun).mp3’ saved [336875/336875]

--2016-10-07 17:57:49--  http://www.voanews.com/MediaAssets2/classroom/interactive_learning/interactive_wordbook/deploy/audio/wound%20(noun).mp3
Reusing existing connection to www.voanews.com:80.
HTTP request sent, awaiting response... 200 OK
Length: 396643 (387K) [audio/mpeg]
Saving to: ‘wound (noun).mp3’

     0K .......... .......... .......... .......... .......... 12%  755K 0s
    50K .......... .......... .......... .......... .......... 25%  760K 0s
   100K .......... .......... .......... .......... .......... 38%  599K 0s
   150K .......... .......... .......... .......... .......... 51%  731K 0s
   200K .......... .......... .......... .......... .......... 64%  540K 0s
   250K .......... .......... .......... .......... .......... 77% 1.16M 0s
   300K .......... .......... .......... .......... .......... 90%  791K 0s
   350K .......... .......... .......... .......              100%  799K=0.5s

2016-10-07 17:57:50 (733 KB/s) - ‘wound (noun).mp3’ saved [396643/396643]

--2016-10-07 17:57:50--  http://www.voanews.com/MediaAssets2/classroom/interactive_learning/interactive_wordbook/deploy/audio/wounded%20(adjective).mp3
Reusing existing connection to www.voanews.com:80.
HTTP request sent, awaiting response... 200 OK
Length: 410018 (400K) [audio/mpeg]
Saving to: ‘wounded (adjective).mp3’

     0K .......... .......... .......... .......... .......... 12%  920K 0s
    50K .......... .......... .......... .......... .......... 24%  947K 0s
   100K .......... .......... .......... .......... .......... 37%  824K 0s
   150K .......... .......... .......... .......... .......... 49%  585K 0s
   200K .......... .......... .......... .......... .......... 62%  617K 0s
   250K .......... .......... .......... .......... .......... 74%  675K 0s
   300K .......... .......... .......... .......... .......... 87%  833K 0s
   350K .......... .......... .......... .......... .......... 99%  277K 0s
   400K                                                       100%  779G=0.6s

2016-10-07 17:57:51 (617 KB/s) - ‘wounded (adjective).mp3’ saved [410018/410018]

--2016-10-07 17:57:51--  http://www.voanews.com/MediaAssets2/classroom/interactive_learning/interactive_wordbook/deploy/audio/wreck%20(noun).mp3
Reusing existing connection to www.voanews.com:80.
HTTP request sent, awaiting response... 200 OK
Length: 318485 (311K) [audio/mpeg]
Saving to: ‘wreck (noun).mp3’

     0K .......... .......... .......... .......... .......... 16%  877K 0s
    50K .......... .......... .......... .......... .......... 32%  583K 0s
   100K .......... .......... .......... .......... .......... 48%  734K 0s
   150K .......... .......... .......... .......... .......... 64%  810K 0s
   200K .......... .......... .......... .......... .......... 80%  570K 0s
   250K .......... .......... .......... .......... .......... 96%  523K 0s
   300K .......... .                                          100% 1.11M=0.5s

2016-10-07 17:57:52 (668 KB/s) - ‘wreck (noun).mp3’ saved [318485/318485]

--2016-10-07 17:57:52--  http://www.voanews.com/MediaAssets2/classroom/interactive_learning/interactive_wordbook/deploy/audio/wrong%20(adjective).mp3
Reusing existing connection to www.voanews.com:80.
HTTP request sent, awaiting response... 200 OK
Length: 363207 (355K) [audio/mpeg]
Saving to: ‘wrong (adjective).mp3’

     0K .......... .......... .......... .......... .......... 14%  675K 0s
    50K .......... .......... .......... .......... .......... 28%  636K 0s
   100K .......... .......... .......... .......... .......... 42%  834K 0s
   150K .......... .......... .......... .......... .......... 56%  823K 0s
   200K .......... .......... .......... .......... .......... 70%  783K 0s
   250K .......... .......... .......... .......... .......... 84%  810K 0s
   300K .......... .......... .......... .......... .......... 98%  603K 0s
   350K ....                                                  100%  654K=0.5s

2016-10-07 17:57:53 (725 KB/s) - ‘wrong (adjective).mp3’ saved [363207/363207]

--2016-10-07 17:57:53--  http://www.voanews.com/MediaAssets2/classroom/interactive_learning/interactive_wordbook/deploy/audio/x-ray%20(noun).mp3
Reusing existing connection to www.voanews.com:80.
HTTP request sent, awaiting response... 200 OK
Length: 110064 (107K) [audio/mpeg]
Saving to: ‘x-ray (noun).mp3’

     0K .......... .......... .......... .......... .......... 46%  660K 0s
    50K .......... .......... .......... .......... .......... 93%  553K 0s
   100K .......                                               100%  787K=0.2s

2016-10-07 17:57:53 (612 KB/s) - ‘x-ray (noun).mp3’ saved [110064/110064]

--2016-10-07 17:57:53--  http://www.voanews.com/MediaAssets2/classroom/interactive_learning/interactive_wordbook/deploy/audio/year%20(noun).mp3
Reusing existing connection to www.voanews.com:80.
HTTP request sent, awaiting response... 200 OK
Length: 290064 (283K) [audio/mpeg]
Saving to: ‘year (noun).mp3’

     0K .......... .......... .......... .......... .......... 17%  728K 0s
    50K .......... .......... .......... .......... .......... 35%  776K 0s
   100K .......... .......... .......... .......... .......... 52%  541K 0s
   150K .......... .......... .......... .......... .......... 70%  822K 0s
   200K .......... .......... .......... .......... .......... 88%  598K 0s
   250K .......... .......... .......... ...                  100%  573K=0.4s

2016-10-07 17:57:54 (662 KB/s) - ‘year (noun).mp3’ saved [290064/290064]

--2016-10-07 17:57:54--  http://www.voanews.com/MediaAssets2/classroom/interactive_learning/interactive_wordbook/deploy/audio/yellow%20(adjective).mp3
Reusing existing connection to www.voanews.com:80.
HTTP request sent, awaiting response... 200 OK
Length: 312216 (305K) [audio/mpeg]
Saving to: ‘yellow (adjective).mp3’

     0K .......... .......... .......... .......... .......... 16%  721K 0s
    50K .......... .......... .......... .......... .......... 32%  685K 0s
   100K .......... .......... .......... .......... .......... 49% 1012K 0s
   150K .......... .......... .......... .......... .......... 65%  634K 0s
   200K .......... .......... .......... .......... .......... 81%  903K 0s
   250K .......... .......... .......... .......... .......... 98%  779K 0s
   300K ....                                                  100% 2.96M=0.4s

2016-10-07 17:57:55 (778 KB/s) - ‘yellow (adjective).mp3’ saved [312216/312216]

--2016-10-07 17:57:55--  http://www.voanews.com/MediaAssets2/classroom/interactive_learning/interactive_wordbook/deploy/audio/yesterday%20(noun).mp3
Reusing existing connection to www.voanews.com:80.
HTTP request sent, awaiting response... 200 OK
Length: 61920 (60K) [audio/mpeg]
Saving to: ‘yesterday (noun).mp3’

     0K .......... .......... .......... .......... .......... 82%  832K 0s
    50K ..........                                            100% 2.68M=0.06s

2016-10-07 17:57:55 (946 KB/s) - ‘yesterday (noun).mp3’ saved [61920/61920]

--2016-10-07 17:57:55--  http://www.voanews.com/MediaAssets2/classroom/interactive_learning/interactive_wordbook/deploy/audio/yet%20(adverb).mp3
Reusing existing connection to www.voanews.com:80.
HTTP request sent, awaiting response... 200 OK
Length: 254119 (248K) [audio/mpeg]
Saving to: ‘yet (adverb).mp3’

     0K .......... .......... .......... .......... .......... 20% 1.09M 0s
    50K .......... .......... .......... .......... .......... 40%  885K 0s
   100K .......... .......... .......... .......... .......... 60%  789K 0s
   150K .......... .......... .......... .......... .......... 80%  948K 0s
   200K .......... .......... .......... .......... ........  100%  547K=0.3s

2016-10-07 17:57:56 (812 KB/s) - ‘yet (adverb).mp3’ saved [254119/254119]

--2016-10-07 17:57:56--  http://www.voanews.com/MediaAssets2/classroom/interactive_learning/interactive_wordbook/deploy/audio/young%20(adjective).mp3
Reusing existing connection to www.voanews.com:80.
HTTP request sent, awaiting response... 200 OK
Length: 340219 (332K) [audio/mpeg]
Saving to: ‘young (adjective).mp3’

     0K .......... .......... .......... .......... .......... 15%  711K 0s
    50K .......... .......... .......... .......... .......... 30% 1.13M 0s
   100K .......... .......... .......... .......... .......... 45%  700K 0s
   150K .......... .......... .......... .......... .......... 60%  443K 0s
   200K .......... .......... .......... .......... .......... 75%  499K 0s
   250K .......... .......... .......... .......... .......... 90%  863K 0s
   300K .......... .......... .......... ..                   100%  820K=0.5s

2016-10-07 17:57:57 (670 KB/s) - ‘young (adjective).mp3’ saved [340219/340219]

--2016-10-07 17:57:57--  http://www.voanews.com/MediaAssets2/classroom/interactive_learning/interactive_wordbook/deploy/audio/zero%20(noun).mp3
Reusing existing connection to www.voanews.com:80.
HTTP request sent, awaiting response... 200 OK
Length: 351086 (343K) [audio/mpeg]
Saving to: ‘zero (noun).mp3’

     0K .......... .......... .......... .......... .......... 14%  878K 0s
    50K .......... .......... .......... .......... .......... 29%  885K 0s
   100K .......... .......... .......... .......... .......... 43% 1.18M 0s
   150K .......... .......... .......... .......... .......... 58%  524K 0s
   200K .......... .......... .......... .......... .......... 72%  793K 0s
   250K .......... .......... .......... .......... .......... 87% 1.20M 0s
   300K .......... .......... .......... .......... ..        100%  748K=0.4s

2016-10-07 17:57:57 (833 KB/s) - ‘zero (noun).mp3’ saved [351086/351086]

--2016-10-07 17:57:57--  http://www.voanews.com/MediaAssets2/classroom/interactive_learning/interactive_wordbook/deploy/audio/zoo%20(noun).mp3
Reusing existing connection to www.voanews.com:80.
HTTP request sent, awaiting response... 200 OK
Length: 407092 (398K) [audio/mpeg]
Saving to: ‘zoo (noun).mp3’

     0K .......... .......... .......... .......... .......... 12% 1.69M 0s
    50K .......... .......... .......... .......... .......... 25%  823K 0s
   100K .......... .......... .......... .......... .......... 37% 2.04M 0s
   150K .......... .......... .......... .......... .......... 50%  877K 0s
   200K .......... .......... .......... .......... .......... 62% 1.23M 0s
   250K .......... .......... .......... .......... .......... 75% 1.70M 0s
   300K .......... .......... .......... .......... .......... 88%  923K 0s
   350K .......... .......... .......... .......... .......   100% 1.38M=0.3s

2016-10-07 17:57:58 (1.19 MB/s) - ‘zoo (noun).mp3’ saved [407092/407092]

FINISHED --2016-10-07 17:57:58--
Total wall clock time: 9m 38s
Downloaded: 850 files, 172M in 4m 27s (661 KB/s)
